2025-01-17 15:29:32,282 INFO autoreload 15408 139735412927360 Watching for file changes with StatReloader
2025-01-17 15:29:32,284 DEBUG autoreload 15408 139735412927360 Waiting for apps ready_event.
2025-01-17 15:29:32,600 DEBUG autoreload 15408 139735412927360 Apps ready_event triggered. Sending autoreload_started signal.
2025-01-17 15:29:32,689 DEBUG autoreload 15408 139735412927360 Watching dir /home/danmarques/.local/lib/python3.13/site-packages/colorfield/templates with glob **/*.
2025-01-17 15:29:32,690 DEBUG autoreload 15408 139735412927360 Watching dir /home/danmarques/.local/lib/python3.13/site-packages/taggit/templates with glob **/*.
2025-01-17 15:29:32,691 DEBUG autoreload 15408 139735412927360 Watching dir /home/danmarques/Documents/Workplace/organixhub-main/templates with glob **/*.
2025-01-17 15:29:32,691 DEBUG autoreload 15408 139735412927360 Watching dir /home/danmarques/.local/lib/python3.13/site-packages/django_ckeditor_5/templates with glob **/*.
2025-01-17 15:29:32,692 DEBUG autoreload 15408 139735412927360 Watching dir /home/danmarques/.local/lib/python3.13/site-packages/admin_interface/templates with glob **/*.
2025-01-17 15:29:32,692 DEBUG autoreload 15408 139735412927360 Watching dir /home/danmarques/.local/lib/python3.13/site-packages/jazzmin/templates with glob **/*.
2025-01-17 15:29:32,693 DEBUG autoreload 15408 139735412927360 Watching dir /home/danmarques/.local/lib/python3.13/site-packages/paypal/standard/ipn/templates with glob **/*.
2025-01-17 15:29:32,694 DEBUG autoreload 15408 139735412927360 Watching dir /home/danmarques/Documents/Workplace/organixhub-main/locale with glob **/*.mo.
2025-01-17 15:29:32,694 DEBUG autoreload 15408 139735412927360 Watching dir /home/danmarques/.local/lib/python3.13/site-packages/admin_interface/locale with glob **/*.mo.
2025-01-17 15:29:32,695 DEBUG autoreload 15408 139735412927360 Watching dir /home/danmarques/.local/lib/python3.13/site-packages/colorfield/locale with glob **/*.mo.
2025-01-17 15:29:32,696 DEBUG autoreload 15408 139735412927360 Watching dir /home/danmarques/.local/lib/python3.13/site-packages/jazzmin/locale with glob **/*.mo.
2025-01-17 15:29:32,697 DEBUG autoreload 15408 139735412927360 Watching dir /home/danmarques/.local/lib/python3.13/site-packages/taggit/locale with glob **/*.mo.
2025-01-17 15:29:32,697 DEBUG autoreload 15408 139735412927360 Watching dir /home/danmarques/.local/lib/python3.13/site-packages/django_ckeditor_5/locale with glob **/*.mo.
2025-01-17 15:29:32,697 DEBUG autoreload 15408 139735412927360 Watching dir /home/danmarques/.local/lib/python3.13/site-packages/paypal/standard/ipn/locale with glob **/*.mo.
2025-01-17 15:29:32,698 DEBUG autoreload 15408 139735412927360 Watching dir /home/danmarques/Documents/Workplace/organixhub-main/core/locale with glob **/*.mo.
2025-01-17 15:29:32,699 DEBUG autoreload 15408 139735412927360 Watching dir /home/danmarques/Documents/Workplace/organixhub-main/userauths/locale with glob **/*.mo.
2025-01-17 15:29:32,700 DEBUG autoreload 15408 139735412927360 Watching dir /home/danmarques/Documents/Workplace/organixhub-main/locale with glob **/*.mo.
2025-01-17 15:29:33,055 DEBUG autoreload 15408 139735412927360 File /home/danmarques/.local/lib/python3.13/site-packages/django/db/migrations/migration.py first seen with mtime 1736641111.2980843
2025-01-17 15:29:33,061 DEBUG autoreload 15408 139735412927360 File /usr/lib/python3.13/site-packages/urllib3/util/retry.py first seen with mtime 1726099200.0
2025-01-17 15:29:33,061 DEBUG autoreload 15408 139735412927360 File /home/danmarques/.local/lib/python3.13/site-packages/django/db/models/fields/json.py first seen with mtime 1736641111.3100843
2025-01-17 15:29:33,061 DEBUG autoreload 15408 139735412927360 File /usr/lib64/python3.13/lib-dynload/_heapq.cpython-313-x86_64-linux-gnu.so first seen with mtime 1733702400.0
2025-01-17 15:29:33,061 DEBUG autoreload 15408 139735412927360 File /home/danmarques/.local/lib/python3.13/site-packages/multiselectfield/forms/fields.py first seen with mtime 1736641404.925231
2025-01-17 15:29:33,062 DEBUG autoreload 15408 139735412927360 File /home/danmarques/.local/lib/python3.13/site-packages/django/__init__.py first seen with mtime 1736641110.0870671
2025-01-17 15:29:33,062 DEBUG autoreload 15408 139735412927360 File /home/danmarques/.local/lib/python3.13/site-packages/multiselectfield/__init__.py first seen with mtime 1736641404.922231
2025-01-17 15:29:33,062 DEBUG autoreload 15408 139735412927360 File /usr/lib64/python3.13/random.py first seen with mtime 1733248792.0
2025-01-17 15:29:33,062 DEBUG autoreload 15408 139735412927360 File /home/danmarques/.local/lib/python3.13/site-packages/django/views/decorators/common.py first seen with mtime 1736641111.3790855
2025-01-17 15:29:33,062 DEBUG autoreload 15408 139735412927360 File /usr/lib64/python3.13/getpass.py first seen with mtime 1733248792.0
2025-01-17 15:29:33,062 DEBUG autoreload 15408 139735412927360 File /home/danmarques/Documents/Workplace/organixhub-main/manage.py first seen with mtime 1736694201.788898
2025-01-17 15:29:33,063 DEBUG autoreload 15408 139735412927360 File /usr/lib64/python3.13/_sysconfigdata__linux_x86_64-linux-gnu.py first seen with mtime 1733702400.0
2025-01-17 15:29:33,065 DEBUG autoreload 15408 139735412927360 File /usr/lib64/python3.13/string.py first seen with mtime 1733248792.0
2025-01-17 15:29:33,065 DEBUG autoreload 15408 139735412927360 File /home/danmarques/.local/lib/python3.13/site-packages/django/http/cookie.py first seen with mtime 1736641111.345085
2025-01-17 15:29:33,065 DEBUG autoreload 15408 139735412927360 File /home/danmarques/.local/lib/python3.13/site-packages/django/contrib/admin/templatetags/log.py first seen with mtime 1736641110.429072
2025-01-17 15:29:33,065 DEBUG autoreload 15408 139735412927360 File /home/danmarques/.local/lib/python3.13/site-packages/django/middleware/cache.py first seen with mtime 1736641111.347085
2025-01-17 15:29:33,066 DEBUG autoreload 15408 139735412927360 File /home/danmarques/.local/lib/python3.13/site-packages/django/views/csrf.py first seen with mtime 1736641111.3770854
2025-01-17 15:29:33,066 DEBUG autoreload 15408 139735412927360 File /home/danmarques/.local/lib/python3.13/site-packages/jazzmin/templatetags/__init__.py first seen with mtime 1736641114.472129
2025-01-17 15:29:33,066 DEBUG autoreload 15408 139735412927360 File /home/danmarques/.local/lib/python3.13/site-packages/django/utils/cache.py first seen with mtime 1736641111.3650851
2025-01-17 15:29:33,066 DEBUG autoreload 15408 139735412927360 File /home/danmarques/.local/lib/python3.13/site-packages/slugify/__version__.py first seen with mtime 1736641066.3044488
2025-01-17 15:29:33,067 DEBUG autoreload 15408 139735412927360 File /usr/lib64/python3.13/decimal.py first seen with mtime 1733248792.0
2025-01-17 15:29:33,067 DEBUG autoreload 15408 139735412927360 File /home/danmarques/.local/lib/python3.13/site-packages/colorfield/metadata.py first seen with mtime 1736641066.4354508
2025-01-17 15:29:33,067 DEBUG autoreload 15408 139735412927360 File /home/danmarques/.local/lib/python3.13/site-packages/django/db/backends/base/introspection.py first seen with mtime 1736641111.281084
2025-01-17 15:29:33,067 DEBUG autoreload 15408 139735412927360 File /home/danmarques/.local/lib/python3.13/site-packages/django/utils/crypto.py first seen with mtime 1736641111.3660853
2025-01-17 15:29:33,067 DEBUG autoreload 15408 139735412927360 File /usr/lib64/python3.13/importlib/abc.py first seen with mtime 1733248792.0
2025-01-17 15:29:33,068 DEBUG autoreload 15408 139735412927360 File /home/danmarques/.local/lib/python3.13/site-packages/paypal/utils.py first seen with mtime 1736641150.7176409
2025-01-17 15:29:33,068 DEBUG autoreload 15408 139735412927360 File /home/danmarques/.local/lib/python3.13/site-packages/django/urls/utils.py first seen with mtime 1736641111.3640852
2025-01-17 15:29:33,068 DEBUG autoreload 15408 139735412927360 File /home/danmarques/.local/lib/python3.13/site-packages/django/contrib/messages/apps.py first seen with mtime 1736641110.9370792
2025-01-17 15:29:33,068 DEBUG autoreload 15408 139735412927360 File /home/danmarques/.local/lib/python3.13/site-packages/django_ckeditor_5/urls.py first seen with mtime 1736641289.9696076
2025-01-17 15:29:33,069 DEBUG autoreload 15408 139735412927360 File /usr/lib/python3.13/site-packages/_distutils_hack/__init__.py first seen with mtime 1721952000.0
2025-01-17 15:29:33,069 DEBUG autoreload 15408 139735412927360 File /home/danmarques/.local/lib/python3.13/site-packages/django/contrib/messages/storage/base.py first seen with mtime 1736641110.9390793
2025-01-17 15:29:33,069 DEBUG autoreload 15408 139735412927360 File /home/danmarques/.local/lib/python3.13/site-packages/django/utils/__init__.py first seen with mtime 1736641111.3640852
2025-01-17 15:29:33,069 DEBUG autoreload 15408 139735412927360 File /home/danmarques/.local/lib/python3.13/site-packages/django/template/base.py first seen with mtime 1736641111.350085
2025-01-17 15:29:33,070 DEBUG autoreload 15408 139735412927360 File /home/danmarques/.local/lib/python3.13/site-packages/environs/exceptions.py first seen with mtime 1736987878.6696947
2025-01-17 15:29:33,070 DEBUG autoreload 15408 139735412927360 File /usr/lib/python3.13/site-packages/requests/status_codes.py first seen with mtime 1722470400.0
2025-01-17 15:29:33,070 DEBUG autoreload 15408 139735412927360 File /home/danmarques/.local/lib/python3.13/site-packages/django/template/defaulttags.py first seen with mtime 1736641111.352085
2025-01-17 15:29:33,070 DEBUG autoreload 15408 139735412927360 File /home/danmarques/.local/lib/python3.13/site-packages/dotenv/__init__.py first seen with mtime 1736987877.9086845
2025-01-17 15:29:33,070 DEBUG autoreload 15408 139735412927360 File /usr/lib64/python3.13/email/_header_value_parser.py first seen with mtime 1733248792.0
2025-01-17 15:29:33,071 DEBUG autoreload 15408 139735412927360 File /usr/lib64/python3.13/types.py first seen with mtime 1733248792.0
2025-01-17 15:29:33,071 DEBUG autoreload 15408 139735412927360 File /usr/lib64/python3.13/concurrent/__init__.py first seen with mtime 1733248792.0
2025-01-17 15:29:33,071 DEBUG autoreload 15408 139735412927360 File /home/danmarques/.local/lib/python3.13/site-packages/django/core/exceptions.py first seen with mtime 1736641111.2380834
2025-01-17 15:29:33,071 DEBUG autoreload 15408 139735412927360 File /usr/lib64/python3.13/encodings/utf_8_sig.py first seen with mtime 1733248792.0
2025-01-17 15:29:33,071 DEBUG autoreload 15408 139735412927360 File /usr/lib64/python3.13/_compression.py first seen with mtime 1733248792.0
2025-01-17 15:29:33,072 DEBUG autoreload 15408 139735412927360 File /usr/lib64/python3.13/asyncio/streams.py first seen with mtime 1733248792.0
2025-01-17 15:29:33,072 DEBUG autoreload 15408 139735412927360 File /usr/lib64/python3.13/hmac.py first seen with mtime 1733248792.0
2025-01-17 15:29:33,072 DEBUG autoreload 15408 139735412927360 File /usr/lib64/python3.13/ipaddress.py first seen with mtime 1733248792.0
2025-01-17 15:29:33,072 DEBUG autoreload 15408 139735412927360 File /usr/lib64/python3.13/wsgiref/__init__.py first seen with mtime 1733248792.0
2025-01-17 15:29:33,072 DEBUG autoreload 15408 139735412927360 File /home/danmarques/.local/lib/python3.13/site-packages/django/db/models/constants.py first seen with mtime 1736641111.3030844
2025-01-17 15:29:33,073 DEBUG autoreload 15408 139735412927360 File /home/danmarques/.local/lib/python3.13/site-packages/django/views/__init__.py first seen with mtime 1736641111.3770854
2025-01-17 15:29:33,073 DEBUG autoreload 15408 139735412927360 File /usr/lib64/python3.13/email/iterators.py first seen with mtime 1733248792.0
2025-01-17 15:29:33,074 DEBUG autoreload 15408 139735412927360 File /home/danmarques/Documents/Workplace/organixhub-main/userauths/urls.py first seen with mtime 1736694202.9229128
2025-01-17 15:29:33,075 DEBUG autoreload 15408 139735412927360 File /usr/lib64/python3.13/http/cookies.py first seen with mtime 1733248792.0
2025-01-17 15:29:33,075 DEBUG autoreload 15408 139735412927360 File /usr/lib64/python3.13/copy.py first seen with mtime 1733248792.0
2025-01-17 15:29:33,075 DEBUG autoreload 15408 139735412927360 File /usr/lib/python3.13/site-packages/charset_normalizer/utils.py first seen with mtime 1721347200.0
2025-01-17 15:29:33,075 DEBUG autoreload 15408 139735412927360 File /usr/lib64/python3.13/multiprocessing/reduction.py first seen with mtime 1733248792.0
2025-01-17 15:29:33,075 DEBUG autoreload 15408 139735412927360 File /home/danmarques/.local/lib/python3.13/site-packages/django/template/smartif.py first seen with mtime 1736641111.354085
2025-01-17 15:29:33,077 DEBUG autoreload 15408 139735412927360 File /home/danmarques/.local/lib/python3.13/site-packages/multiselectfield/db/fields.py first seen with mtime 1736641404.925231
2025-01-17 15:29:33,078 DEBUG autoreload 15408 139735412927360 File /home/danmarques/.local/lib/python3.13/site-packages/django/dispatch/__init__.py first seen with mtime 1736641111.3190846
2025-01-17 15:29:33,081 DEBUG autoreload 15408 139735412927360 File /home/danmarques/.local/lib/python3.13/site-packages/django/contrib/admin/templatetags/admin_urls.py first seen with mtime 1736641110.428072
2025-01-17 15:29:33,081 DEBUG autoreload 15408 139735412927360 File /home/danmarques/.local/lib/python3.13/site-packages/django/db/backends/base/features.py first seen with mtime 1736641111.2800841
2025-01-17 15:29:33,081 DEBUG autoreload 15408 139735412927360 File /home/danmarques/.local/lib/python3.13/site-packages/paypal/standard/ipn/forms.py first seen with mtime 1736641150.731641
2025-01-17 15:29:33,081 DEBUG autoreload 15408 139735412927360 File /usr/lib64/python3.13/email/feedparser.py first seen with mtime 1733248792.0
2025-01-17 15:29:33,081 DEBUG autoreload 15408 139735412927360 File /home/danmarques/.local/lib/python3.13/site-packages/django/templatetags/cache.py first seen with mtime 1736641111.3570852
2025-01-17 15:29:33,082 DEBUG autoreload 15408 139735412927360 File /home/danmarques/.local/lib/python3.13/site-packages/django/utils/termcolors.py first seen with mtime 1736641111.3730853
2025-01-17 15:29:33,082 DEBUG autoreload 15408 139735412927360 File /usr/lib64/python3.13/hashlib.py first seen with mtime 1733248792.0
2025-01-17 15:29:33,082 DEBUG autoreload 15408 139735412927360 File /home/danmarques/.local/lib/python3.13/site-packages/admin_interface/models.py first seen with mtime 1736641066.6094532
2025-01-17 15:29:33,082 DEBUG autoreload 15408 139735412927360 File /usr/lib64/python3.13/html/__init__.py first seen with mtime 1733248792.0
2025-01-17 15:29:33,083 DEBUG autoreload 15408 139735412927360 File /usr/lib64/python3.13/asyncio/taskgroups.py first seen with mtime 1733248792.0
2025-01-17 15:29:33,083 DEBUG autoreload 15408 139735412927360 File /home/danmarques/.local/lib/python3.13/site-packages/django/contrib/staticfiles/apps.py first seen with mtime 1736641111.2340834
2025-01-17 15:29:33,084 DEBUG autoreload 15408 139735412927360 File /usr/lib64/python3.13/gettext.py first seen with mtime 1733248792.0
2025-01-17 15:29:33,085 DEBUG autoreload 15408 139735412927360 File /home/danmarques/Documents/Workplace/organixhub-main/marketplace/settings.py first seen with mtime 1737138562.0909815
2025-01-17 15:29:33,085 DEBUG autoreload 15408 139735412927360 File /usr/lib64/python3.13/encodings/aliases.py first seen with mtime 1733248792.0
2025-01-17 15:29:33,086 DEBUG autoreload 15408 139735412927360 File /usr/lib64/python3.13/site-packages/PIL/_version.py first seen with mtime 1728950400.0
2025-01-17 15:29:33,086 DEBUG autoreload 15408 139735412927360 File /usr/lib64/python3.13/lib-dynload/_bisect.cpython-313-x86_64-linux-gnu.so first seen with mtime 1733702400.0
2025-01-17 15:29:33,086 DEBUG autoreload 15408 139735412927360 File /home/danmarques/.local/lib/python3.13/site-packages/django/http/request.py first seen with mtime 1736641111.346085
2025-01-17 15:29:33,086 DEBUG autoreload 15408 139735412927360 File /home/danmarques/.local/lib/python3.13/site-packages/django/contrib/auth/admin.py first seen with mtime 1736641110.5040731
2025-01-17 15:29:33,086 DEBUG autoreload 15408 139735412927360 File /home/danmarques/.local/lib/python3.13/site-packages/django/shortcuts.py first seen with mtime 1736641110.0870671
2025-01-17 15:29:33,086 DEBUG autoreload 15408 139735412927360 File /home/danmarques/.local/lib/python3.13/site-packages/django/utils/hashable.py first seen with mtime 1736641111.3700852
2025-01-17 15:29:33,087 DEBUG autoreload 15408 139735412927360 File /home/danmarques/.local/lib/python3.13/site-packages/django/urls/conf.py first seen with mtime 1736641111.3630853
2025-01-17 15:29:33,087 DEBUG autoreload 15408 139735412927360 File /home/danmarques/.local/lib/python3.13/site-packages/django/template/library.py first seen with mtime 1736641111.352085
2025-01-17 15:29:33,087 DEBUG autoreload 15408 139735412927360 File /usr/lib64/python3.13/__future__.py first seen with mtime 1733248792.0
2025-01-17 15:29:33,090 DEBUG autoreload 15408 139735412927360 File /home/danmarques/.local/lib/python3.13/site-packages/django/db/backends/sqlite3/_functions.py first seen with mtime 1736641111.2930841
2025-01-17 15:29:33,090 DEBUG autoreload 15408 139735412927360 File /usr/lib64/python3.13/_markupbase.py first seen with mtime 1733248792.0
2025-01-17 15:29:33,090 DEBUG autoreload 15408 139735412927360 File /home/danmarques/.local/lib/python3.13/site-packages/environs/fields.py first seen with mtime 1736987878.6696947
2025-01-17 15:29:33,090 DEBUG autoreload 15408 139735412927360 File /usr/lib/python3.13/site-packages/idna/__init__.py first seen with mtime 1721347200.0
2025-01-17 15:29:33,091 DEBUG autoreload 15408 139735412927360 File /home/danmarques/.local/lib/python3.13/site-packages/django/db/backends/signals.py first seen with mtime 1736641111.278084
2025-01-17 15:29:33,091 DEBUG autoreload 15408 139735412927360 File /home/danmarques/.local/lib/python3.13/site-packages/pytz/tzfile.py first seen with mtime 1736641150.4156368
2025-01-17 15:29:33,091 DEBUG autoreload 15408 139735412927360 File /home/danmarques/.local/lib/python3.13/site-packages/django/core/cache/__init__.py first seen with mtime 1736641111.2400835
2025-01-17 15:29:33,091 DEBUG autoreload 15408 139735412927360 File /home/danmarques/.local/lib/python3.13/site-packages/django/conf/global_settings.py first seen with mtime 1736641110.0890672
2025-01-17 15:29:33,091 DEBUG autoreload 15408 139735412927360 File /home/danmarques/.local/lib/python3.13/site-packages/django/core/files/move.py first seen with mtime 1736641111.2530837
2025-01-17 15:29:33,091 DEBUG autoreload 15408 139735412927360 File /home/danmarques/.local/lib/python3.13/site-packages/django/db/backends/__init__.py first seen with mtime 1736641111.278084
2025-01-17 15:29:33,092 DEBUG autoreload 15408 139735412927360 File /home/danmarques/.local/lib/python3.13/site-packages/django/db/models/signals.py first seen with mtime 1736641111.3080845
2025-01-17 15:29:33,092 DEBUG autoreload 15408 139735412927360 File /home/danmarques/.local/lib/python3.13/site-packages/jazzmin/__init__.py first seen with mtime 1736641114.2801263
2025-01-17 15:29:33,092 DEBUG autoreload 15408 139735412927360 File /home/danmarques/.local/lib/python3.13/site-packages/django/db/models/fields/related_lookups.py first seen with mtime 1736641111.3120844
2025-01-17 15:29:33,094 DEBUG autoreload 15408 139735412927360 File /home/danmarques/.local/lib/python3.13/site-packages/django/forms/formsets.py first seen with mtime 1736641111.3220847
2025-01-17 15:29:33,095 DEBUG autoreload 15408 139735412927360 File /home/danmarques/.local/lib/python3.13/site-packages/marshmallow/validate.py first seen with mtime 1736987878.1016872
2025-01-17 15:29:33,095 DEBUG autoreload 15408 139735412927360 File /home/danmarques/.local/lib/python3.13/site-packages/django/contrib/admin/checks.py first seen with mtime 1736641110.222069
2025-01-17 15:29:33,095 DEBUG autoreload 15408 139735412927360 File /home/danmarques/.local/lib/python3.13/site-packages/django/utils/asyncio.py first seen with mtime 1736641111.3650851
2025-01-17 15:29:33,095 DEBUG autoreload 15408 139735412927360 File /home/danmarques/.local/lib/python3.13/site-packages/django/db/models/lookups.py first seen with mtime 1736641111.3060844
2025-01-17 15:29:33,095 DEBUG autoreload 15408 139735412927360 File /usr/lib64/python3.13/lib-dynload/math.cpython-313-x86_64-linux-gnu.so first seen with mtime 1733702400.0
2025-01-17 15:29:33,095 DEBUG autoreload 15408 139735412927360 File /home/danmarques/.local/lib/python3.13/site-packages/django/contrib/messages/constants.py first seen with mtime 1736641110.938079
2025-01-17 15:29:33,096 DEBUG autoreload 15408 139735412927360 File /usr/lib64/python3.13/email/charset.py first seen with mtime 1733248792.0
2025-01-17 15:29:33,096 DEBUG autoreload 15408 139735412927360 File /home/danmarques/.local/lib/python3.13/site-packages/django/db/models/aggregates.py first seen with mtime 1736641111.3020844
2025-01-17 15:29:33,096 DEBUG autoreload 15408 139735412927360 File /home/danmarques/.local/lib/python3.13/site-packages/brazilcep/client.py first seen with mtime 1736641445.4536595
2025-01-17 15:29:33,098 DEBUG autoreload 15408 139735412927360 File /home/danmarques/.local/lib/python3.13/site-packages/django/contrib/admin/__init__.py first seen with mtime 1736641110.221069
2025-01-17 15:29:33,099 DEBUG autoreload 15408 139735412927360 File /home/danmarques/.local/lib/python3.13/site-packages/django/templatetags/i18n.py first seen with mtime 1736641111.3570852
2025-01-17 15:29:33,099 DEBUG autoreload 15408 139735412927360 File /home/danmarques/.local/lib/python3.13/site-packages/django/db/backends/base/schema.py first seen with mtime 1736641111.282084
2025-01-17 15:29:33,099 DEBUG autoreload 15408 139735412927360 File /home/danmarques/.local/lib/python3.13/site-packages/django/contrib/admin/templatetags/__init__.py first seen with mtime 1736641110.427072
2025-01-17 15:29:33,099 DEBUG autoreload 15408 139735412927360 File /usr/lib64/python3.13/contextvars.py first seen with mtime 1733248792.0
2025-01-17 15:29:33,099 DEBUG autoreload 15408 139735412927360 File /usr/lib64/python3.13/logging/__init__.py first seen with mtime 1733248792.0
2025-01-17 15:29:33,099 DEBUG autoreload 15408 139735412927360 File /usr/lib64/python3.13/opcode.py first seen with mtime 1733248792.0
2025-01-17 15:29:33,100 DEBUG autoreload 15408 139735412927360 File /home/danmarques/.local/lib/python3.13/site-packages/text_unidecode/__init__.py first seen with mtime 1736641066.1464467
2025-01-17 15:29:33,100 DEBUG autoreload 15408 139735412927360 File /home/danmarques/.local/lib/python3.13/site-packages/paypal/standard/widgets.py first seen with mtime 1736641150.7306411
2025-01-17 15:29:33,100 DEBUG autoreload 15408 139735412927360 File /home/danmarques/Documents/Workplace/organixhub-main/core/apps.py first seen with mtime 1736694201.7598977
2025-01-17 15:29:33,102 DEBUG autoreload 15408 139735412927360 File /home/danmarques/.local/lib/python3.13/site-packages/django/db/models/expressions.py first seen with mtime 1736641111.3050845
2025-01-17 15:29:33,102 DEBUG autoreload 15408 139735412927360 File /usr/lib64/python3.13/asyncio/coroutines.py first seen with mtime 1733248792.0
2025-01-17 15:29:33,103 DEBUG autoreload 15408 139735412927360 File /home/danmarques/.local/lib/python3.13/site-packages/django/contrib/sites/__init__.py first seen with mtime 1736641111.1730826
2025-01-17 15:29:33,103 DEBUG autoreload 15408 139735412927360 File /home/danmarques/.local/lib/python3.13/site-packages/django/contrib/admin/options.py first seen with mtime 1736641110.225069
2025-01-17 15:29:33,103 DEBUG autoreload 15408 139735412927360 File /usr/lib/python3.13/site-packages/charset_normalizer/models.py first seen with mtime 1721347200.0
2025-01-17 15:29:33,103 DEBUG autoreload 15408 139735412927360 File /home/danmarques/.local/lib/python3.13/site-packages/django/core/paginator.py first seen with mtime 1736641111.2390835
2025-01-17 15:29:33,103 DEBUG autoreload 15408 139735412927360 File /home/danmarques/.local/lib/python3.13/site-packages/django/views/decorators/csrf.py first seen with mtime 1736641111.3800855
2025-01-17 15:29:33,103 DEBUG autoreload 15408 139735412927360 File /usr/lib64/python3.13/keyword.py first seen with mtime 1733248792.0
2025-01-17 15:29:33,104 DEBUG autoreload 15408 139735412927360 File /usr/lib64/python3.13/site-packages/PIL/_binary.py first seen with mtime 1728950400.0
2025-01-17 15:29:33,104 DEBUG autoreload 15408 139735412927360 File /usr/lib64/python3.13/lib-dynload/_bz2.cpython-313-x86_64-linux-gnu.so first seen with mtime 1733702400.0
2025-01-17 15:29:33,104 DEBUG autoreload 15408 139735412927360 File /usr/lib/python3.13/site-packages/charset_normalizer/md.py first seen with mtime 1721347200.0
2025-01-17 15:29:33,106 DEBUG autoreload 15408 139735412927360 File /usr/lib/python3.13/site-packages/charset_normalizer/cd.py first seen with mtime 1721347200.0
2025-01-17 15:29:33,106 DEBUG autoreload 15408 139735412927360 File /usr/lib64/python3.13/pathlib/__init__.py first seen with mtime 1733248792.0
2025-01-17 15:29:33,106 DEBUG autoreload 15408 139735412927360 File /home/danmarques/.local/lib/python3.13/site-packages/django/core/checks/urls.py first seen with mtime 1736641111.2490835
2025-01-17 15:29:33,107 DEBUG autoreload 15408 139735412927360 File /usr/lib64/python3.13/asyncio/base_subprocess.py first seen with mtime 1733248792.0
2025-01-17 15:29:33,107 DEBUG autoreload 15408 139735412927360 File /usr/lib64/python3.13/lib-dynload/_decimal.cpython-313-x86_64-linux-gnu.so first seen with mtime 1733702400.0
2025-01-17 15:29:33,107 DEBUG autoreload 15408 139735412927360 File /home/danmarques/.local/lib/python3.13/site-packages/django/contrib/messages/storage/__init__.py first seen with mtime 1736641110.9390793
2025-01-17 15:29:33,107 DEBUG autoreload 15408 139735412927360 File /home/danmarques/.local/lib/python3.13/site-packages/django/forms/boundfield.py first seen with mtime 1736641111.3200846
2025-01-17 15:29:33,107 DEBUG autoreload 15408 139735412927360 File /usr/lib64/python3.13/dataclasses.py first seen with mtime 1733248792.0
2025-01-17 15:29:33,108 DEBUG autoreload 15408 139735412927360 File /home/danmarques/.local/lib/python3.13/site-packages/django/contrib/auth/checks.py first seen with mtime 1736641110.505073
2025-01-17 15:29:33,108 DEBUG autoreload 15408 139735412927360 File /usr/lib64/python3.13/pkgutil.py first seen with mtime 1733248792.0
2025-01-17 15:29:33,108 DEBUG autoreload 15408 139735412927360 File /home/danmarques/.local/lib/python3.13/site-packages/django/db/models/utils.py first seen with mtime 1736641111.3080845
2025-01-17 15:29:33,110 DEBUG autoreload 15408 139735412927360 File /usr/lib64/python3.13/importlib/resources/_functional.py first seen with mtime 1733248792.0
2025-01-17 15:29:33,110 DEBUG autoreload 15408 139735412927360 File /home/danmarques/.local/lib/python3.13/site-packages/admin_interface/templatetags/admin_interface_tags.py first seen with mtime 1736641066.6564538
2025-01-17 15:29:33,110 DEBUG autoreload 15408 139735412927360 File /home/danmarques/.local/lib/python3.13/site-packages/django/utils/encoding.py first seen with mtime 1736641111.3680854
2025-01-17 15:29:33,111 DEBUG autoreload 15408 139735412927360 File /home/danmarques/.local/lib/python3.13/site-packages/sqlparse/filters/reindent.py first seen with mtime 1736641109.711062
2025-01-17 15:29:33,111 DEBUG autoreload 15408 139735412927360 File /home/danmarques/.local/lib/python3.13/site-packages/django/core/checks/database.py first seen with mtime 1736641111.2440836
2025-01-17 15:29:33,111 DEBUG autoreload 15408 139735412927360 File /home/danmarques/.local/lib/python3.13/site-packages/django/db/models/fields/__init__.py first seen with mtime 1736641111.3090844
2025-01-17 15:29:33,111 DEBUG autoreload 15408 139735412927360 File /home/danmarques/.local/lib/python3.13/site-packages/django/urls/exceptions.py first seen with mtime 1736641111.3630853
2025-01-17 15:29:33,111 DEBUG autoreload 15408 139735412927360 File /home/danmarques/.local/lib/python3.13/site-packages/django/core/files/temp.py first seen with mtime 1736641111.2530837
2025-01-17 15:29:33,112 DEBUG autoreload 15408 139735412927360 File /usr/lib/python3.13/site-packages/urllib3/_version.py first seen with mtime 1726099200.0
2025-01-17 15:29:33,112 DEBUG autoreload 15408 139735412927360 File /home/danmarques/.local/lib/python3.13/site-packages/django/contrib/admin/actions.py first seen with mtime 1736641110.222069
2025-01-17 15:29:33,112 DEBUG autoreload 15408 139735412927360 File /home/danmarques/.local/lib/python3.13/site-packages/django/contrib/admin/decorators.py first seen with mtime 1736641110.2230692
2025-01-17 15:29:33,114 DEBUG autoreload 15408 139735412927360 File /home/danmarques/.local/lib/python3.13/site-packages/pytz/__init__.py first seen with mtime 1736641150.4136367
2025-01-17 15:29:33,115 DEBUG autoreload 15408 139735412927360 File /home/danmarques/Documents/Workplace/organixhub-main/core/__init__.py first seen with mtime 1736694201.7568977
2025-01-17 15:29:33,115 DEBUG autoreload 15408 139735412927360 File /home/danmarques/.local/lib/python3.13/site-packages/multiselectfield/forms/__init__.py first seen with mtime 1736641404.925231
2025-01-17 15:29:33,115 DEBUG autoreload 15408 139735412927360 File /usr/lib64/python3.13/email/base64mime.py first seen with mtime 1733248792.0
2025-01-17 15:29:33,115 DEBUG autoreload 15408 139735412927360 File /home/danmarques/.local/lib/python3.13/site-packages/paypal/standard/models.py first seen with mtime 1736641150.7296412
2025-01-17 15:29:33,115 DEBUG autoreload 15408 139735412927360 File /usr/lib64/python3.13/lib-dynload/_pickle.cpython-313-x86_64-linux-gnu.so first seen with mtime 1733702400.0
2025-01-17 15:29:33,116 DEBUG autoreload 15408 139735412927360 File /home/danmarques/.local/lib/python3.13/site-packages/django/contrib/admin/helpers.py first seen with mtime 1736641110.224069
2025-01-17 15:29:33,116 DEBUG autoreload 15408 139735412927360 File /usr/lib64/python3.13/concurrent/futures/thread.py first seen with mtime 1733248792.0
2025-01-17 15:29:33,116 DEBUG autoreload 15408 139735412927360 File /home/danmarques/.local/lib/python3.13/site-packages/django_ckeditor_5/fields.py first seen with mtime 1736641289.9676075
2025-01-17 15:29:33,118 DEBUG autoreload 15408 139735412927360 File /usr/lib64/python3.13/multiprocessing/__init__.py first seen with mtime 1733248792.0
2025-01-17 15:29:33,119 DEBUG autoreload 15408 139735412927360 File /home/danmarques/.local/lib/python3.13/site-packages/django/utils/timezone.py first seen with mtime 1736641111.3740854
2025-01-17 15:29:33,119 DEBUG autoreload 15408 139735412927360 File /usr/lib64/python3.13/signal.py first seen with mtime 1733248792.0
2025-01-17 15:29:33,119 DEBUG autoreload 15408 139735412927360 File /home/danmarques/.local/lib/python3.13/site-packages/sqlparse/filters/tokens.py first seen with mtime 1736641109.712062
2025-01-17 15:29:33,119 DEBUG autoreload 15408 139735412927360 File /home/danmarques/.local/lib/python3.13/site-packages/multiselectfield/validators.py first seen with mtime 1736641404.9242308
2025-01-17 15:29:33,119 DEBUG autoreload 15408 139735412927360 File /home/danmarques/.local/lib/python3.13/site-packages/django/contrib/auth/middleware.py first seen with mtime 1736641110.5070732
2025-01-17 15:29:33,120 DEBUG autoreload 15408 139735412927360 File /usr/lib64/python3.13/mimetypes.py first seen with mtime 1733248792.0
2025-01-17 15:29:33,120 DEBUG autoreload 15408 139735412927360 File /home/danmarques/.local/lib/python3.13/site-packages/django/core/checks/caches.py first seen with mtime 1736641111.2440836
2025-01-17 15:29:33,120 DEBUG autoreload 15408 139735412927360 File /usr/lib/python3.13/site-packages/requests/utils.py first seen with mtime 1722470400.0
2025-01-17 15:29:33,121 DEBUG autoreload 15408 139735412927360 File /home/danmarques/.local/lib/python3.13/site-packages/django/templatetags/tz.py first seen with mtime 1736641111.3580852
2025-01-17 15:29:33,121 DEBUG autoreload 15408 139735412927360 File /home/danmarques/.local/lib/python3.13/site-packages/django/views/generic/dates.py first seen with mtime 1736641111.3810854
2025-01-17 15:29:33,121 DEBUG autoreload 15408 139735412927360 File /home/danmarques/.local/lib/python3.13/site-packages/sqlparse/utils.py first seen with mtime 1736641109.708062
2025-01-17 15:29:33,122 DEBUG autoreload 15408 139735412927360 File /home/danmarques/.local/lib/python3.13/site-packages/django/views/decorators/__init__.py first seen with mtime 1736641111.3790855
2025-01-17 15:29:33,122 DEBUG autoreload 15408 139735412927360 File /home/danmarques/.local/lib/python3.13/site-packages/pytz/tzinfo.py first seen with mtime 1736641150.4156368
2025-01-17 15:29:33,122 DEBUG autoreload 15408 139735412927360 File /home/danmarques/Documents/Workplace/organixhub-main/userauths/apps.py first seen with mtime 1736694202.9149127
2025-01-17 15:29:33,122 DEBUG autoreload 15408 139735412927360 File /usr/lib64/python3.13/asyncio/queues.py first seen with mtime 1733248792.0
2025-01-17 15:29:33,122 DEBUG autoreload 15408 139735412927360 File /home/danmarques/.local/lib/python3.13/site-packages/django/contrib/auth/backends.py first seen with mtime 1736641110.5040731
2025-01-17 15:29:33,123 DEBUG autoreload 15408 139735412927360 File /usr/lib/python3.13/site-packages/requests/packages.py first seen with mtime 1722470400.0
2025-01-17 15:29:33,123 DEBUG autoreload 15408 139735412927360 File /home/danmarques/.local/lib/python3.13/site-packages/django/contrib/contenttypes/models.py first seen with mtime 1736641110.5870743
2025-01-17 15:29:33,123 DEBUG autoreload 15408 139735412927360 File /usr/lib64/python3.13/importlib/resources/abc.py first seen with mtime 1733248792.0
2025-01-17 15:29:33,123 DEBUG autoreload 15408 139735412927360 File /home/danmarques/.local/lib/python3.13/site-packages/django/utils/translation/__init__.py first seen with mtime 1736641111.3750854
2025-01-17 15:29:33,123 DEBUG autoreload 15408 139735412927360 File /usr/lib64/python3.13/lib-dynload/zlib.cpython-313-x86_64-linux-gnu.so first seen with mtime 1733702400.0
2025-01-17 15:29:33,123 DEBUG autoreload 15408 139735412927360 File /usr/lib64/python3.13/linecache.py first seen with mtime 1733248792.0
2025-01-17 15:29:33,124 DEBUG autoreload 15408 139735412927360 File /home/danmarques/Documents/Workplace/organixhub-main/marketplace/urls.py first seen with mtime 1737058592.2118804
2025-01-17 15:29:33,124 DEBUG autoreload 15408 139735412927360 File /usr/lib64/python3.13/wsgiref/util.py first seen with mtime 1733248792.0
2025-01-17 15:29:33,124 DEBUG autoreload 15408 139735412927360 File /home/danmarques/.local/lib/python3.13/site-packages/sqlparse/sql.py first seen with mtime 1736641109.708062
2025-01-17 15:29:33,124 DEBUG autoreload 15408 139735412927360 File /usr/lib/python3.13/site-packages/requests/auth.py first seen with mtime 1722470400.0
2025-01-17 15:29:33,124 DEBUG autoreload 15408 139735412927360 File /home/danmarques/.local/lib/python3.13/site-packages/dotenv/main.py first seen with mtime 1736987877.9106846
2025-01-17 15:29:33,125 DEBUG autoreload 15408 139735412927360 File /usr/lib64/python3.13/asyncio/transports.py first seen with mtime 1733248792.0
2025-01-17 15:29:33,125 DEBUG autoreload 15408 139735412927360 File /home/danmarques/.local/lib/python3.13/site-packages/django/template/backends/django.py first seen with mtime 1736641111.354085
2025-01-17 15:29:33,125 DEBUG autoreload 15408 139735412927360 File /home/danmarques/.local/lib/python3.13/site-packages/marshmallow/class_registry.py first seen with mtime 1736987878.088687
2025-01-17 15:29:33,125 DEBUG autoreload 15408 139735412927360 File /usr/lib64/python3.13/lib-dynload/_asyncio.cpython-313-x86_64-linux-gnu.so first seen with mtime 1733702400.0
2025-01-17 15:29:33,125 DEBUG autoreload 15408 139735412927360 File /home/danmarques/.local/lib/python3.13/site-packages/django/utils/regex_helper.py first seen with mtime 1736641111.3730853
2025-01-17 15:29:33,126 DEBUG autoreload 15408 139735412927360 File /usr/lib64/python3.13/importlib/metadata/_adapters.py first seen with mtime 1733248792.0
2025-01-17 15:29:33,126 DEBUG autoreload 15408 139735412927360 File /usr/lib64/python3.13/warnings.py first seen with mtime 1733248792.0
2025-01-17 15:29:33,126 DEBUG autoreload 15408 139735412927360 File /home/danmarques/.local/lib/python3.13/site-packages/django/apps/config.py first seen with mtime 1736641110.0880673
2025-01-17 15:29:33,126 DEBUG autoreload 15408 139735412927360 File /usr/lib/python3.13/site-packages/urllib3/util/queue.py first seen with mtime 1726099200.0
2025-01-17 15:29:33,126 DEBUG autoreload 15408 139735412927360 File /home/danmarques/.local/lib/python3.13/site-packages/colorfield/utils.py first seen with mtime 1736641066.4364507
2025-01-17 15:29:33,126 DEBUG autoreload 15408 139735412927360 File /home/danmarques/.local/lib/python3.13/site-packages/django/contrib/auth/models.py first seen with mtime 1736641110.508073
2025-01-17 15:29:33,127 DEBUG autoreload 15408 139735412927360 File /home/danmarques/.local/lib/python3.13/site-packages/django/db/utils.py first seen with mtime 1736641111.277084
2025-01-17 15:29:33,127 DEBUG autoreload 15408 139735412927360 File /usr/lib64/python3.13/encodings/__init__.py first seen with mtime 1733248792.0
2025-01-17 15:29:33,127 DEBUG autoreload 15408 139735412927360 File /usr/lib/python3.13/site-packages/urllib3/util/__init__.py first seen with mtime 1726099200.0
2025-01-17 15:29:33,127 DEBUG autoreload 15408 139735412927360 File /home/danmarques/.local/lib/python3.13/site-packages/django/core/files/storage/filesystem.py first seen with mtime 1736641111.2550838
2025-01-17 15:29:33,127 DEBUG autoreload 15408 139735412927360 File /home/danmarques/.local/lib/python3.13/site-packages/django_ckeditor_5/__init__.py first seen with mtime 1736641289.9666076
2025-01-17 15:29:33,127 DEBUG autoreload 15408 139735412927360 File /usr/lib/python3.13/site-packages/urllib3/exceptions.py first seen with mtime 1726099200.0
2025-01-17 15:29:33,128 DEBUG autoreload 15408 139735412927360 File /usr/lib/python3.13/site-packages/urllib3/fields.py first seen with mtime 1726099200.0
2025-01-17 15:29:33,128 DEBUG autoreload 15408 139735412927360 File /home/danmarques/.local/lib/python3.13/site-packages/django/forms/renderers.py first seen with mtime 1736641111.3230846
2025-01-17 15:29:33,128 DEBUG autoreload 15408 139735412927360 File /usr/lib64/python3.13/asyncio/log.py first seen with mtime 1733248792.0
2025-01-17 15:29:33,128 DEBUG autoreload 15408 139735412927360 File /home/danmarques/.local/lib/python3.13/site-packages/django/contrib/admin/widgets.py first seen with mtime 1736641110.2260692
2025-01-17 15:29:33,128 DEBUG autoreload 15408 139735412927360 File /home/danmarques/.local/lib/python3.13/site-packages/django/utils/version.py first seen with mtime 1736641111.3750854
2025-01-17 15:29:33,128 DEBUG autoreload 15408 139735412927360 File /home/danmarques/Documents/Workplace/organixhub-main/userauths/views.py first seen with mtime 1736694202.927913
2025-01-17 15:29:33,129 DEBUG autoreload 15408 139735412927360 File /home/danmarques/.local/lib/python3.13/site-packages/django/core/cache/backends/base.py first seen with mtime 1736641111.2410834
2025-01-17 15:29:33,129 DEBUG autoreload 15408 139735412927360 File /usr/lib64/python3.13/asyncio/tasks.py first seen with mtime 1733248792.0
2025-01-17 15:29:33,129 DEBUG autoreload 15408 139735412927360 File /home/danmarques/.local/lib/python3.13/site-packages/paypal/__init__.py first seen with mtime 1736641150.7176409
2025-01-17 15:29:33,129 DEBUG autoreload 15408 139735412927360 File /home/danmarques/.local/lib/python3.13/site-packages/django/contrib/admin/exceptions.py first seen with mtime 1736641110.2230692
2025-01-17 15:29:33,129 DEBUG autoreload 15408 139735412927360 File /home/danmarques/.local/lib/python3.13/site-packages/django/views/generic/edit.py first seen with mtime 1736641111.3820856
2025-01-17 15:29:33,129 DEBUG autoreload 15408 139735412927360 File /home/danmarques/.local/lib/python3.13/site-packages/sqlparse/filters/others.py first seen with mtime 1736641109.711062
2025-01-17 15:29:33,130 DEBUG autoreload 15408 139735412927360 File /usr/lib64/python3.13/urllib/error.py first seen with mtime 1733248792.0
2025-01-17 15:29:33,130 DEBUG autoreload 15408 139735412927360 File /home/danmarques/.local/lib/python3.13/site-packages/django_ckeditor_5/views.py first seen with mtime 1736641289.9706075
2025-01-17 15:29:33,130 DEBUG autoreload 15408 139735412927360 File /home/danmarques/.local/lib/python3.13/site-packages/django/utils/translation/reloader.py first seen with mtime 1736641111.3760853
2025-01-17 15:29:33,130 DEBUG autoreload 15408 139735412927360 File /usr/lib64/python3.13/importlib/metadata/_collections.py first seen with mtime 1733248792.0
2025-01-17 15:29:33,130 DEBUG autoreload 15408 139735412927360 File /usr/lib64/python3.13/email/utils.py first seen with mtime 1733248792.0
2025-01-17 15:29:33,130 DEBUG autoreload 15408 139735412927360 File /home/danmarques/.local/lib/python3.13/site-packages/django/urls/__init__.py first seen with mtime 1736641111.362085
2025-01-17 15:29:33,131 DEBUG autoreload 15408 139735412927360 File /usr/lib64/python3.13/concurrent/futures/_base.py first seen with mtime 1733248792.0
2025-01-17 15:29:33,131 DEBUG autoreload 15408 139735412927360 File /home/danmarques/.local/lib/python3.13/site-packages/django/views/generic/detail.py first seen with mtime 1736641111.3820856
2025-01-17 15:29:33,131 DEBUG autoreload 15408 139735412927360 File /home/danmarques/.local/lib/python3.13/site-packages/django/db/transaction.py first seen with mtime 1736641111.277084
2025-01-17 15:29:33,131 DEBUG autoreload 15408 139735412927360 File /home/danmarques/.local/lib/python3.13/site-packages/django/core/mail/__init__.py first seen with mtime 1736641111.2600837
2025-01-17 15:29:33,131 DEBUG autoreload 15408 139735412927360 File /home/danmarques/.local/lib/python3.13/site-packages/django/template/loaders/cached.py first seen with mtime 1736641111.356085
2025-01-17 15:29:33,132 DEBUG autoreload 15408 139735412927360 File /usr/lib64/python3.13/site-packages/PIL/_deprecate.py first seen with mtime 1728950400.0
2025-01-17 15:29:33,132 DEBUG autoreload 15408 139735412927360 File /usr/lib/python3.13/site-packages/requests/sessions.py first seen with mtime 1722470400.0
2025-01-17 15:29:33,132 DEBUG autoreload 15408 139735412927360 File /home/danmarques/.local/lib/python3.13/site-packages/django/core/files/uploadhandler.py first seen with mtime 1736641111.2540836
2025-01-17 15:29:33,136 DEBUG autoreload 15408 139735412927360 File /home/danmarques/.local/lib/python3.13/site-packages/django/apps/registry.py first seen with mtime 1736641110.0880673
2025-01-17 15:29:33,137 DEBUG autoreload 15408 139735412927360 File /usr/lib64/python3.13/tempfile.py first seen with mtime 1733248792.0
2025-01-17 15:29:33,137 DEBUG autoreload 15408 139735412927360 File /home/danmarques/.local/lib/python3.13/site-packages/django/contrib/staticfiles/views.py first seen with mtime 1736641111.2360835
2025-01-17 15:29:33,137 DEBUG autoreload 15408 139735412927360 File /home/danmarques/.local/lib/python3.13/site-packages/django/contrib/staticfiles/management/commands/runserver.py first seen with mtime 1736641111.2370834
2025-01-17 15:29:33,137 DEBUG autoreload 15408 139735412927360 File /usr/lib64/python3.13/lib-dynload/_lzma.cpython-313-x86_64-linux-gnu.so first seen with mtime 1733702400.0
2025-01-17 15:29:33,137 DEBUG autoreload 15408 139735412927360 File /home/danmarques/.local/lib/python3.13/site-packages/django/contrib/auth/validators.py first seen with mtime 1736641110.5090733
2025-01-17 15:29:33,138 DEBUG autoreload 15408 139735412927360 File /usr/lib64/python3.13/textwrap.py first seen with mtime 1733248792.0
2025-01-17 15:29:33,138 DEBUG autoreload 15408 139735412927360 File /home/danmarques/.local/lib/python3.13/site-packages/django/core/handlers/exception.py first seen with mtime 1736641111.2600837
2025-01-17 15:29:33,138 DEBUG autoreload 15408 139735412927360 File /usr/lib64/python3.13/importlib/_abc.py first seen with mtime 1733248792.0
2025-01-17 15:29:33,138 DEBUG autoreload 15408 139735412927360 File /usr/lib64/python3.13/dis.py first seen with mtime 1733248792.0
2025-01-17 15:29:33,140 DEBUG autoreload 15408 139735412927360 File /home/danmarques/.local/lib/python3.13/site-packages/django/templatetags/__init__.py first seen with mtime 1736641111.3570852
2025-01-17 15:29:33,140 DEBUG autoreload 15408 139735412927360 File /usr/lib64/python3.13/lib-dynload/_uuid.cpython-313-x86_64-linux-gnu.so first seen with mtime 1733702400.0
2025-01-17 15:29:33,141 DEBUG autoreload 15408 139735412927360 File /usr/lib64/python3.13/ssl.py first seen with mtime 1733248792.0
2025-01-17 15:29:33,141 DEBUG autoreload 15408 139735412927360 File /usr/lib/python3.13/site-packages/urllib3/packages/__init__.py first seen with mtime 1726099200.0
2025-01-17 15:29:33,141 DEBUG autoreload 15408 139735412927360 File /usr/lib64/python3.13/bisect.py first seen with mtime 1733248792.0
2025-01-17 15:29:33,141 DEBUG autoreload 15408 139735412927360 File /home/danmarques/Documents/Workplace/organixhub-main/core/models.py first seen with mtime 1737136502.8718534
2025-01-17 15:29:33,141 DEBUG autoreload 15408 139735412927360 File /usr/lib64/python3.13/traceback.py first seen with mtime 1733248792.0
2025-01-17 15:29:33,141 DEBUG autoreload 15408 139735412927360 File /home/danmarques/.local/lib/python3.13/site-packages/django/core/files/images.py first seen with mtime 1736641111.2520835
2025-01-17 15:29:33,142 DEBUG autoreload 15408 139735412927360 File /home/danmarques/.local/lib/python3.13/site-packages/django/contrib/sessions/base_session.py first seen with mtime 1736641111.0560808
2025-01-17 15:29:33,142 DEBUG autoreload 15408 139735412927360 File /home/danmarques/.local/lib/python3.13/site-packages/django/contrib/contenttypes/admin.py first seen with mtime 1736641110.5860744
2025-01-17 15:29:33,142 DEBUG autoreload 15408 139735412927360 File /usr/lib64/python3.13/uuid.py first seen with mtime 1733248792.0
2025-01-17 15:29:33,142 DEBUG autoreload 15408 139735412927360 File /usr/lib64/python3.13/lib-dynload/_hashlib.cpython-313-x86_64-linux-gnu.so first seen with mtime 1733702400.0
2025-01-17 15:29:33,142 DEBUG autoreload 15408 139735412927360 File /home/danmarques/.local/lib/python3.13/site-packages/django/db/models/functions/math.py first seen with mtime 1736641111.3150845
2025-01-17 15:29:33,142 DEBUG autoreload 15408 139735412927360 File /home/danmarques/.local/lib/python3.13/site-packages/django/db/backends/sqlite3/client.py first seen with mtime 1736641111.2930841
2025-01-17 15:29:33,142 DEBUG autoreload 15408 139735412927360 File /home/danmarques/.local/lib/python3.13/site-packages/dotenv/parser.py first seen with mtime 1736987877.9116848
2025-01-17 15:29:33,143 DEBUG autoreload 15408 139735412927360 File /home/danmarques/.local/lib/python3.13/site-packages/sqlparse/tokens.py first seen with mtime 1736641109.708062
2025-01-17 15:29:33,143 DEBUG autoreload 15408 139735412927360 File /home/danmarques/.local/lib/python3.13/site-packages/django/template/autoreload.py first seen with mtime 1736641111.350085
2025-01-17 15:29:33,144 DEBUG autoreload 15408 139735412927360 File /usr/lib64/python3.13/gzip.py first seen with mtime 1733248792.0
2025-01-17 15:29:33,144 DEBUG autoreload 15408 139735412927360 File /home/danmarques/.local/lib/python3.13/site-packages/django/contrib/auth/apps.py first seen with mtime 1736641110.5040731
2025-01-17 15:29:33,144 DEBUG autoreload 15408 139735412927360 File /home/danmarques/.local/lib/python3.13/site-packages/django/db/backends/base/client.py first seen with mtime 1736641111.2800841
2025-01-17 15:29:33,144 DEBUG autoreload 15408 139735412927360 File /usr/lib64/python3.13/re/_parser.py first seen with mtime 1733248792.0
2025-01-17 15:29:33,144 DEBUG autoreload 15408 139735412927360 File /home/danmarques/.local/lib/python3.13/site-packages/django/db/backends/base/__init__.py first seen with mtime 1736641111.279084
2025-01-17 15:29:33,144 DEBUG autoreload 15408 139735412927360 File /home/danmarques/.local/lib/python3.13/site-packages/shortuuid/__init__.py first seen with mtime 1736641359.0935836
2025-01-17 15:29:33,145 DEBUG autoreload 15408 139735412927360 File /usr/lib64/python3.13/zipfile/_path/__init__.py first seen with mtime 1733248792.0
2025-01-17 15:29:33,145 DEBUG autoreload 15408 139735412927360 File /home/danmarques/.local/lib/python3.13/site-packages/django/utils/datastructures.py first seen with mtime 1736641111.3660853
2025-01-17 15:29:33,146 DEBUG autoreload 15408 139735412927360 File /usr/lib/python3.13/site-packages/charset_normalizer/version.py first seen with mtime 1721347200.0
2025-01-17 15:29:33,146 DEBUG autoreload 15408 139735412927360 File /usr/lib64/python3.13/asyncio/events.py first seen with mtime 1733248792.0
2025-01-17 15:29:33,146 DEBUG autoreload 15408 139735412927360 File /usr/lib64/python3.13/token.py first seen with mtime 1733248792.0
2025-01-17 15:29:33,146 DEBUG autoreload 15408 139735412927360 File /usr/lib/python3.13/site-packages/urllib3/util/ssltransport.py first seen with mtime 1726099200.0
2025-01-17 15:29:33,146 DEBUG autoreload 15408 139735412927360 File /home/danmarques/.local/lib/python3.13/site-packages/jazzmin/compat.py first seen with mtime 1736641114.2961266
2025-01-17 15:29:33,146 DEBUG autoreload 15408 139735412927360 File /usr/lib64/python3.13/ast.py first seen with mtime 1733248792.0
2025-01-17 15:29:33,146 DEBUG autoreload 15408 139735412927360 File /home/danmarques/.local/lib/python3.13/site-packages/slugify/__init__.py first seen with mtime 1736641066.303449
2025-01-17 15:29:33,147 DEBUG autoreload 15408 139735412927360 File /usr/lib64/python3.13/lib-dynload/fcntl.cpython-313-x86_64-linux-gnu.so first seen with mtime 1733702400.0
2025-01-17 15:29:33,147 DEBUG autoreload 15408 139735412927360 File /usr/lib64/python3.13/asyncio/trsock.py first seen with mtime 1733248792.0
2025-01-17 15:29:33,147 DEBUG autoreload 15408 139735412927360 File /home/danmarques/.local/lib/python3.13/site-packages/django/db/migrations/operations/__init__.py first seen with mtime 1736641111.3000844
2025-01-17 15:29:33,147 DEBUG autoreload 15408 139735412927360 File /home/danmarques/.local/lib/python3.13/site-packages/django/utils/deconstruct.py first seen with mtime 1736641111.3670852
2025-01-17 15:29:33,147 DEBUG autoreload 15408 139735412927360 File /home/danmarques/.local/lib/python3.13/site-packages/django/db/models/sql/query.py first seen with mtime 1736641111.3180845
2025-01-17 15:29:33,148 DEBUG autoreload 15408 139735412927360 File /usr/lib64/python3.13/lib-dynload/grp.cpython-313-x86_64-linux-gnu.so first seen with mtime 1733702400.0
2025-01-17 15:29:33,148 DEBUG autoreload 15408 139735412927360 File /home/danmarques/.local/lib/python3.13/site-packages/django/contrib/auth/tokens.py first seen with mtime 1736641110.508073
2025-01-17 15:29:33,148 DEBUG autoreload 15408 139735412927360 File /home/danmarques/.local/lib/python3.13/site-packages/sqlparse/filters/aligned_indent.py first seen with mtime 1736641109.7100618
2025-01-17 15:29:33,148 DEBUG autoreload 15408 139735412927360 File /usr/lib64/python3.13/lib-dynload/_posixsubprocess.cpython-313-x86_64-linux-gnu.so first seen with mtime 1733702400.0
2025-01-17 15:29:33,148 DEBUG autoreload 15408 139735412927360 File /home/danmarques/.local/lib/python3.13/site-packages/django/views/decorators/cache.py first seen with mtime 1736641111.3790855
2025-01-17 15:29:33,150 DEBUG autoreload 15408 139735412927360 File /home/danmarques/.local/lib/python3.13/site-packages/django/utils/ipv6.py first seen with mtime 1736641111.3710854
2025-01-17 15:29:33,150 DEBUG autoreload 15408 139735412927360 File /usr/lib64/python3.13/asyncio/selector_events.py first seen with mtime 1733702400.0
2025-01-17 15:29:33,151 DEBUG autoreload 15408 139735412927360 File /usr/lib64/python3.13/_compat_pickle.py first seen with mtime 1733248792.0
2025-01-17 15:29:33,151 DEBUG autoreload 15408 139735412927360 File /home/danmarques/Documents/Workplace/organixhub-main/core/views.py first seen with mtime 1737136351.7886872
2025-01-17 15:29:33,151 DEBUG autoreload 15408 139735412927360 File /home/danmarques/.local/lib/python3.13/site-packages/django/contrib/admin/filters.py first seen with mtime 1736641110.2230692
2025-01-17 15:29:33,151 DEBUG autoreload 15408 139735412927360 File /usr/lib64/python3.13/lib-dynload/_struct.cpython-313-x86_64-linux-gnu.so first seen with mtime 1733702400.0
2025-01-17 15:29:33,151 DEBUG autoreload 15408 139735412927360 File /home/danmarques/.local/lib/python3.13/site-packages/marshmallow/decorators.py first seen with mtime 1736987878.0896869
2025-01-17 15:29:33,151 DEBUG autoreload 15408 139735412927360 File /home/danmarques/.local/lib/python3.13/site-packages/paypal/standard/ipn/__init__.py first seen with mtime 1736641150.7306411
2025-01-17 15:29:33,152 DEBUG autoreload 15408 139735412927360 File /usr/lib64/python3.13/http/__init__.py first seen with mtime 1733248792.0
2025-01-17 15:29:33,152 DEBUG autoreload 15408 139735412927360 File /usr/lib64/python3.13/email/generator.py first seen with mtime 1733248792.0
2025-01-17 15:29:33,152 DEBUG autoreload 15408 139735412927360 File /usr/lib/python3.13/site-packages/abrt_exception_handler3.py first seen with mtime 1732060800.0
2025-01-17 15:29:33,152 DEBUG autoreload 15408 139735412927360 File /home/danmarques/.local/lib/python3.13/site-packages/slugify/special.py first seen with mtime 1736641066.305449
2025-01-17 15:29:33,153 DEBUG autoreload 15408 139735412927360 File /home/danmarques/.local/lib/python3.13/site-packages/asgiref/sync.py first seen with mtime 1736641109.8760643
2025-01-17 15:29:33,153 DEBUG autoreload 15408 139735412927360 File /home/danmarques/Documents/Workplace/organixhub-main/core/forms.py first seen with mtime 1736694201.7608976
2025-01-17 15:29:33,154 DEBUG autoreload 15408 139735412927360 File /usr/lib64/python3.13/collections/__init__.py first seen with mtime 1733248792.0
2025-01-17 15:29:33,154 DEBUG autoreload 15408 139735412927360 File /usr/lib64/python3.13/multiprocessing/context.py first seen with mtime 1733248792.0
2025-01-17 15:29:33,154 DEBUG autoreload 15408 139735412927360 File /home/danmarques/.local/lib/python3.13/site-packages/django_ckeditor_5/forms.py first seen with mtime 1736641289.9676075
2025-01-17 15:29:33,154 DEBUG autoreload 15408 139735412927360 File /home/danmarques/.local/lib/python3.13/site-packages/django/db/models/enums.py first seen with mtime 1736641111.3040843
2025-01-17 15:29:33,155 DEBUG autoreload 15408 139735412927360 File /home/danmarques/.local/lib/python3.13/site-packages/django/views/defaults.py first seen with mtime 1736641111.3780854
2025-01-17 15:29:33,155 DEBUG autoreload 15408 139735412927360 File /home/danmarques/.local/lib/python3.13/site-packages/django/core/serializers/python.py first seen with mtime 1736641111.275084
2025-01-17 15:29:33,156 DEBUG autoreload 15408 139735412927360 File /home/danmarques/.local/lib/python3.13/site-packages/marshmallow/warnings.py first seen with mtime 1736987878.1026871
2025-01-17 15:29:33,156 DEBUG autoreload 15408 139735412927360 File /usr/lib64/python3.13/urllib/response.py first seen with mtime 1733248792.0
2025-01-17 15:29:33,156 DEBUG autoreload 15408 139735412927360 File /home/danmarques/Documents/Workplace/organixhub-main/userauths/__init__.py first seen with mtime 1736694202.9009125
2025-01-17 15:29:33,157 DEBUG autoreload 15408 139735412927360 File /usr/lib64/python3.13/heapq.py first seen with mtime 1733248792.0
2025-01-17 15:29:33,164 DEBUG autoreload 15408 139735412927360 File /home/danmarques/.local/lib/python3.13/site-packages/pytz/lazy.py first seen with mtime 1736641150.4146366
2025-01-17 15:29:33,165 DEBUG autoreload 15408 139735412927360 File /home/danmarques/.local/lib/python3.13/site-packages/django/core/checks/translation.py first seen with mtime 1736641111.2480836
2025-01-17 15:29:33,165 DEBUG autoreload 15408 139735412927360 File /home/danmarques/.local/lib/python3.13/site-packages/django/views/debug.py first seen with mtime 1736641111.3770854
2025-01-17 15:29:33,165 DEBUG autoreload 15408 139735412927360 File /home/danmarques/.local/lib/python3.13/site-packages/django/contrib/admin/templatetags/base.py first seen with mtime 1736641110.429072
2025-01-17 15:29:33,165 DEBUG autoreload 15408 139735412927360 File /usr/lib64/python3.13/platform.py first seen with mtime 1733248792.0
2025-01-17 15:29:33,165 DEBUG autoreload 15408 139735412927360 File /home/danmarques/.local/lib/python3.13/site-packages/django/db/models/base.py first seen with mtime 1736641111.3030844
2025-01-17 15:29:33,166 DEBUG autoreload 15408 139735412927360 File /usr/lib64/python3.13/re/_constants.py first seen with mtime 1733248792.0
2025-01-17 15:29:33,166 DEBUG autoreload 15408 139735412927360 File /home/danmarques/.local/lib/python3.13/site-packages/django/forms/fields.py first seen with mtime 1736641111.3210845
2025-01-17 15:29:33,169 DEBUG autoreload 15408 139735412927360 File /home/danmarques/Documents/Workplace/organixhub-main/userauths/admin.py first seen with mtime 1736694202.9149127
2025-01-17 15:29:33,170 DEBUG autoreload 15408 139735412927360 File /home/danmarques/.local/lib/python3.13/site-packages/django/core/checks/security/__init__.py first seen with mtime 1736641111.2510836
2025-01-17 15:29:33,170 DEBUG autoreload 15408 139735412927360 File /usr/lib64/python3.13/pprint.py first seen with mtime 1733248792.0
2025-01-17 15:29:33,171 DEBUG autoreload 15408 139735412927360 File /home/danmarques/.local/lib/python3.13/site-packages/django/core/handlers/asgi.py first seen with mtime 1736641111.2590837
2025-01-17 15:29:33,173 DEBUG autoreload 15408 139735412927360 File /home/danmarques/.local/lib/python3.13/site-packages/django/utils/formats.py first seen with mtime 1736641111.3690853
2025-01-17 15:29:33,173 DEBUG autoreload 15408 139735412927360 File /home/danmarques/.local/lib/python3.13/site-packages/taggit/admin.py first seen with mtime 1736641174.6709793
2025-01-17 15:29:33,173 DEBUG autoreload 15408 139735412927360 File /home/danmarques/.local/lib/python3.13/site-packages/django/db/models/manager.py first seen with mtime 1736641111.3060844
2025-01-17 15:29:33,173 DEBUG autoreload 15408 139735412927360 File /usr/lib64/python3.13/zoneinfo/_tzpath.py first seen with mtime 1733248792.0
2025-01-17 15:29:33,173 DEBUG autoreload 15408 139735412927360 File /home/danmarques/.local/lib/python3.13/site-packages/shortuuid/main.py first seen with mtime 1736641359.0945837
2025-01-17 15:29:33,173 DEBUG autoreload 15408 139735412927360 File /usr/lib/python3.13/site-packages/requests/hooks.py first seen with mtime 1722470400.0
2025-01-17 15:29:33,174 DEBUG autoreload 15408 139735412927360 File /home/danmarques/.local/lib/python3.13/site-packages/sqlparse/cli.py first seen with mtime 1736641109.7060618
2025-01-17 15:29:33,174 DEBUG autoreload 15408 139735412927360 File /home/danmarques/.local/lib/python3.13/site-packages/sqlparse/exceptions.py first seen with mtime 1736641109.7060618
2025-01-17 15:29:33,174 DEBUG autoreload 15408 139735412927360 File /home/danmarques/.local/lib/python3.13/site-packages/taggit/utils.py first seen with mtime 1736641174.6729794
2025-01-17 15:29:33,176 DEBUG autoreload 15408 139735412927360 File /usr/lib/python3.13/site-packages/urllib3/request.py first seen with mtime 1726099200.0
2025-01-17 15:29:33,176 DEBUG autoreload 15408 139735412927360 File /usr/lib64/python3.13/importlib/resources/_common.py first seen with mtime 1733248792.0
2025-01-17 15:29:33,176 DEBUG autoreload 15408 139735412927360 File /usr/lib/python3.13/site-packages/idna/intranges.py first seen with mtime 1721347200.0
2025-01-17 15:29:33,176 DEBUG autoreload 15408 139735412927360 File /home/danmarques/.local/lib/python3.13/site-packages/asgiref/current_thread_executor.py first seen with mtime 1736641109.8730643
2025-01-17 15:29:33,177 DEBUG autoreload 15408 139735412927360 File /usr/lib64/python3.13/asyncio/subprocess.py first seen with mtime 1733248792.0
2025-01-17 15:29:33,177 DEBUG autoreload 15408 139735412927360 File /home/danmarques/.local/lib/python3.13/site-packages/django/conf/locale/__init__.py first seen with mtime 1736641110.0910673
2025-01-17 15:29:33,177 DEBUG autoreload 15408 139735412927360 File /home/danmarques/.local/lib/python3.13/site-packages/django/template/response.py first seen with mtime 1736641111.353085
2025-01-17 15:29:33,177 DEBUG autoreload 15408 139735412927360 File /home/danmarques/.local/lib/python3.13/site-packages/django/dispatch/dispatcher.py first seen with mtime 1736641111.3190846
2025-01-17 15:29:33,178 DEBUG autoreload 15408 139735412927360 File /home/danmarques/.local/lib/python3.13/site-packages/django/db/models/fields/generated.py first seen with mtime 1736641111.3100843
2025-01-17 15:29:33,178 DEBUG autoreload 15408 139735412927360 File /home/danmarques/.local/lib/python3.13/site-packages/environs/__init__.py first seen with mtime 1736987878.6686947
2025-01-17 15:29:33,178 DEBUG autoreload 15408 139735412927360 File /usr/lib/python3.13/site-packages/requests/compat.py first seen with mtime 1722470400.0
2025-01-17 15:29:33,178 DEBUG autoreload 15408 139735412927360 File /home/danmarques/.local/lib/python3.13/site-packages/django/core/serializers/json.py first seen with mtime 1736641111.2740839
2025-01-17 15:29:33,178 DEBUG autoreload 15408 139735412927360 File /home/danmarques/.local/lib/python3.13/site-packages/django/db/models/fields/reverse_related.py first seen with mtime 1736641111.3130846
2025-01-17 15:29:33,179 DEBUG autoreload 15408 139735412927360 File /usr/lib64/python3.13/lib-dynload/termios.cpython-313-x86_64-linux-gnu.so first seen with mtime 1733702400.0
2025-01-17 15:29:33,179 DEBUG autoreload 15408 139735412927360 File /home/danmarques/.local/lib/python3.13/site-packages/django/contrib/auth/forms.py first seen with mtime 1736641110.506073
2025-01-17 15:29:33,179 DEBUG autoreload 15408 139735412927360 File /home/danmarques/.local/lib/python3.13/site-packages/django/core/cache/backends/filebased.py first seen with mtime 1736641111.2420835
2025-01-17 15:29:33,179 DEBUG autoreload 15408 139735412927360 File /usr/lib64/python3.13/lib-dynload/_contextvars.cpython-313-x86_64-linux-gnu.so first seen with mtime 1733702400.0
2025-01-17 15:29:33,180 DEBUG autoreload 15408 139735412927360 File /home/danmarques/.local/lib/python3.13/site-packages/django/contrib/admin/apps.py first seen with mtime 1736641110.222069
2025-01-17 15:29:33,180 DEBUG autoreload 15408 139735412927360 File /home/danmarques/.local/lib/python3.13/site-packages/django/views/i18n.py first seen with mtime 1736641111.3780854
2025-01-17 15:29:33,180 DEBUG autoreload 15408 139735412927360 File /home/danmarques/.local/lib/python3.13/site-packages/django/contrib/contenttypes/__init__.py first seen with mtime 1736641110.5860744
2025-01-17 15:29:33,180 DEBUG autoreload 15408 139735412927360 File /usr/lib/python3.13/site-packages/idna/package_data.py first seen with mtime 1721347200.0
2025-01-17 15:29:33,181 DEBUG autoreload 15408 139735412927360 File /usr/lib/python3.13/site-packages/urllib3/filepost.py first seen with mtime 1726099200.0
2025-01-17 15:29:33,181 DEBUG autoreload 15408 139735412927360 File /home/danmarques/.local/lib/python3.13/site-packages/django/forms/utils.py first seen with mtime 1736641111.3230846
2025-01-17 15:29:33,181 DEBUG autoreload 15408 139735412927360 File /home/danmarques/.local/lib/python3.13/site-packages/django/contrib/auth/__init__.py first seen with mtime 1736641110.503073
2025-01-17 15:29:33,181 DEBUG autoreload 15408 139735412927360 File /home/danmarques/.local/lib/python3.13/site-packages/django/contrib/auth/context_processors.py first seen with mtime 1736641110.505073
2025-01-17 15:29:33,181 DEBUG autoreload 15408 139735412927360 File /home/danmarques/.local/lib/python3.13/site-packages/django/contrib/contenttypes/checks.py first seen with mtime 1736641110.5860744
2025-01-17 15:29:33,182 DEBUG autoreload 15408 139735412927360 File /home/danmarques/.local/lib/python3.13/site-packages/colorfield/__init__.py first seen with mtime 1736641066.4354508
2025-01-17 15:29:33,182 DEBUG autoreload 15408 139735412927360 File /home/danmarques/.local/lib/python3.13/site-packages/django/core/checks/compatibility/django_4_0.py first seen with mtime 1736641111.2500837
2025-01-17 15:29:33,182 DEBUG autoreload 15408 139735412927360 File /home/danmarques/.local/lib/python3.13/site-packages/marshmallow/orderedset.py first seen with mtime 1736987878.0956872
2025-01-17 15:29:33,182 DEBUG autoreload 15408 139735412927360 File /home/danmarques/.local/lib/python3.13/site-packages/django/db/models/sql/datastructures.py first seen with mtime 1736641111.3170846
2025-01-17 15:29:33,183 DEBUG autoreload 15408 139735412927360 File /home/danmarques/.local/lib/python3.13/site-packages/django/core/validators.py first seen with mtime 1736641111.2400835
2025-01-17 15:29:33,183 DEBUG autoreload 15408 139735412927360 File /home/danmarques/.local/lib/python3.13/site-packages/django/contrib/admin/utils.py first seen with mtime 1736641110.2260692
2025-01-17 15:29:33,183 DEBUG autoreload 15408 139735412927360 File /home/danmarques/.local/lib/python3.13/site-packages/django_ckeditor_5/permissions.py first seen with mtime 1736641289.9696076
2025-01-17 15:29:33,183 DEBUG autoreload 15408 139735412927360 File /home/danmarques/.local/lib/python3.13/site-packages/django/contrib/contenttypes/management/__init__.py first seen with mtime 1736641110.705076
2025-01-17 15:29:33,184 DEBUG autoreload 15408 139735412927360 File /home/danmarques/.local/lib/python3.13/site-packages/django/core/handlers/wsgi.py first seen with mtime 1736641111.2600837
2025-01-17 15:29:33,184 DEBUG autoreload 15408 139735412927360 File /home/danmarques/.local/lib/python3.13/site-packages/django/core/files/base.py first seen with mtime 1736641111.2520835
2025-01-17 15:29:33,184 DEBUG autoreload 15408 139735412927360 File /home/danmarques/.local/lib/python3.13/site-packages/django/urls/converters.py first seen with mtime 1736641111.3630853
2025-01-17 15:29:33,184 DEBUG autoreload 15408 139735412927360 File /usr/lib64/python3.13/inspect.py first seen with mtime 1733248792.0
2025-01-17 15:29:33,185 DEBUG autoreload 15408 139735412927360 File /home/danmarques/.local/lib/python3.13/site-packages/jazzmin/templatetags/jazzmin.py first seen with mtime 1736641114.472129
2025-01-17 15:29:33,185 DEBUG autoreload 15408 139735412927360 File /usr/lib64/python3.13/operator.py first seen with mtime 1733248792.0
2025-01-17 15:29:33,185 DEBUG autoreload 15408 139735412927360 File /home/danmarques/.local/lib/python3.13/site-packages/django/utils/choices.py first seen with mtime 1736641111.3660853
2025-01-17 15:29:33,186 DEBUG autoreload 15408 139735412927360 File /home/danmarques/.local/lib/python3.13/site-packages/django/db/models/deletion.py first seen with mtime 1736641111.3040843
2025-01-17 15:29:33,186 DEBUG autoreload 15408 139735412927360 File /home/danmarques/.local/lib/python3.13/site-packages/django/db/models/fields/related.py first seen with mtime 1736641111.3110845
2025-01-17 15:29:33,186 DEBUG autoreload 15408 139735412927360 File /usr/lib64/python3.13/functools.py first seen with mtime 1733248792.0
2025-01-17 15:29:33,186 DEBUG autoreload 15408 139735412927360 File /usr/lib64/python3.13/asyncio/futures.py first seen with mtime 1733248792.0
2025-01-17 15:29:33,186 DEBUG autoreload 15408 139735412927360 File /home/danmarques/.local/lib/python3.13/site-packages/django/template/loaders/__init__.py first seen with mtime 1736641111.3550851
2025-01-17 15:29:33,187 DEBUG autoreload 15408 139735412927360 File /usr/lib64/python3.13/enum.py first seen with mtime 1733248792.0
2025-01-17 15:29:33,187 DEBUG autoreload 15408 139735412927360 File /home/danmarques/.local/lib/python3.13/site-packages/marshmallow/types.py first seen with mtime 1736987878.099687
2025-01-17 15:29:33,187 DEBUG autoreload 15408 139735412927360 File /home/danmarques/.local/lib/python3.13/site-packages/django/utils/html.py first seen with mtime 1736641111.3700852
2025-01-17 15:29:33,187 DEBUG autoreload 15408 139735412927360 File /home/danmarques/.local/lib/python3.13/site-packages/sqlparse/filters/right_margin.py first seen with mtime 1736641109.712062
2025-01-17 15:29:33,187 DEBUG autoreload 15408 139735412927360 File /home/danmarques/.local/lib/python3.13/site-packages/django/db/models/functions/comparison.py first seen with mtime 1736641111.3140845
2025-01-17 15:29:33,188 DEBUG autoreload 15408 139735412927360 File /usr/lib/python3.13/site-packages/packaging/_structures.py first seen with mtime 1721347200.0
2025-01-17 15:29:33,188 DEBUG autoreload 15408 139735412927360 File /usr/lib/python3.13/site-packages/packaging/__init__.py first seen with mtime 1721347200.0
2025-01-17 15:29:33,188 DEBUG autoreload 15408 139735412927360 File /usr/lib64/python3.13/email/message.py first seen with mtime 1733248792.0
2025-01-17 15:29:33,194 DEBUG autoreload 15408 139735412927360 File /home/danmarques/.local/lib/python3.13/site-packages/marshmallow/__init__.py first seen with mtime 1736987878.082687
2025-01-17 15:29:33,194 DEBUG autoreload 15408 139735412927360 File /home/danmarques/.local/lib/python3.13/site-packages/django/contrib/messages/__init__.py first seen with mtime 1736641110.9370792
2025-01-17 15:29:33,196 DEBUG autoreload 15408 139735412927360 File /home/danmarques/.local/lib/python3.13/site-packages/django/contrib/sessions/middleware.py first seen with mtime 1736641111.0970814
2025-01-17 15:29:33,196 DEBUG autoreload 15408 139735412927360 File /usr/lib/python3.13/site-packages/urllib3/util/proxy.py first seen with mtime 1726099200.0
2025-01-17 15:29:33,196 DEBUG autoreload 15408 139735412927360 File /usr/lib64/python3.13/tokenize.py first seen with mtime 1733248792.0
2025-01-17 15:29:33,196 DEBUG autoreload 15408 139735412927360 File /home/danmarques/.local/lib/python3.13/site-packages/django/core/checks/compatibility/__init__.py first seen with mtime 1736641111.2490835
2025-01-17 15:29:33,196 DEBUG autoreload 15408 139735412927360 File /home/danmarques/.local/lib/python3.13/site-packages/django/db/models/sql/subqueries.py first seen with mtime 1736641111.3190846
2025-01-17 15:29:33,197 DEBUG autoreload 15408 139735412927360 File /home/danmarques/.local/lib/python3.13/site-packages/django/contrib/auth/signals.py first seen with mtime 1736641110.508073
2025-01-17 15:29:33,197 DEBUG autoreload 15408 139735412927360 File /home/danmarques/.local/lib/python3.13/site-packages/django/utils/translation/trans_real.py first seen with mtime 1736641111.3770854
2025-01-17 15:29:33,197 DEBUG autoreload 15408 139735412927360 File /usr/lib64/python3.13/asyncio/mixins.py first seen with mtime 1733248792.0
2025-01-17 15:29:33,197 DEBUG autoreload 15408 139735412927360 File /home/danmarques/.local/lib/python3.13/site-packages/django/core/signals.py first seen with mtime 1736641111.2390835
2025-01-17 15:29:33,197 DEBUG autoreload 15408 139735412927360 File /usr/lib64/python3.13/asyncio/locks.py first seen with mtime 1733248792.0
2025-01-17 15:29:33,197 DEBUG autoreload 15408 139735412927360 File /home/danmarques/.local/lib/python3.13/site-packages/sqlparse/engine/statement_splitter.py first seen with mtime 1736641109.7100618
2025-01-17 15:29:33,198 DEBUG autoreload 15408 139735412927360 File /home/danmarques/.local/lib/python3.13/site-packages/django/db/backends/sqlite3/schema.py first seen with mtime 1736641111.2950842
2025-01-17 15:29:33,198 DEBUG autoreload 15408 139735412927360 File /home/danmarques/.local/lib/python3.13/site-packages/django/template/backends/base.py first seen with mtime 1736641111.354085
2025-01-17 15:29:33,200 DEBUG autoreload 15408 139735412927360 File /usr/lib/python3.13/site-packages/urllib3/contrib/_appengine_environ.py first seen with mtime 1726099200.0
2025-01-17 15:29:33,201 DEBUG autoreload 15408 139735412927360 File /home/danmarques/.local/lib/python3.13/site-packages/django/db/models/__init__.py first seen with mtime 1736641111.3020844
2025-01-17 15:29:33,201 DEBUG autoreload 15408 139735412927360 File /usr/lib64/python3.13/encodings/utf_8.py first seen with mtime 1733248792.0
2025-01-17 15:29:33,202 DEBUG autoreload 15408 139735412927360 File /home/danmarques/.local/lib/python3.13/site-packages/django/core/management/commands/runserver.py first seen with mtime 1736641111.270084
2025-01-17 15:29:33,202 DEBUG autoreload 15408 139735412927360 File /home/danmarques/Documents/Workplace/organixhub-main/marketplace/__init__.py first seen with mtime 1736694201.788898
2025-01-17 15:29:33,207 DEBUG autoreload 15408 139735412927360 File /home/danmarques/.local/lib/python3.13/site-packages/taggit/forms.py first seen with mtime 1736641174.6719792
2025-01-17 15:29:33,208 DEBUG autoreload 15408 139735412927360 File /usr/lib64/python3.13/site-packages/PIL/_typing.py first seen with mtime 1728950400.0
2025-01-17 15:29:33,208 DEBUG autoreload 15408 139735412927360 File /usr/lib64/python3.13/html/parser.py first seen with mtime 1733248792.0
2025-01-17 15:29:33,208 DEBUG autoreload 15408 139735412927360 File /home/danmarques/.local/lib/python3.13/site-packages/django/template/loader_tags.py first seen with mtime 1736641111.353085
2025-01-17 15:29:33,209 DEBUG autoreload 15408 139735412927360 File /home/danmarques/.local/lib/python3.13/site-packages/django/contrib/auth/management/__init__.py first seen with mtime 1736641110.5810742
2025-01-17 15:29:33,212 DEBUG autoreload 15408 139735412927360 File /usr/lib64/python3.13/site-packages/PIL/_util.py first seen with mtime 1728950400.0
2025-01-17 15:29:33,213 DEBUG autoreload 15408 139735412927360 File /usr/lib/python3.13/site-packages/requests/_internal_utils.py first seen with mtime 1722470400.0
2025-01-17 15:29:33,215 DEBUG autoreload 15408 139735412927360 File /usr/lib64/python3.13/typing.py first seen with mtime 1733248792.0
2025-01-17 15:29:33,217 DEBUG autoreload 15408 139735412927360 File /usr/lib/python3.13/site-packages/urllib3/poolmanager.py first seen with mtime 1726099200.0
2025-01-17 15:29:33,217 DEBUG autoreload 15408 139735412927360 File /home/danmarques/.local/lib/python3.13/site-packages/django/db/migrations/exceptions.py first seen with mtime 1736641111.2960842
2025-01-17 15:29:33,218 DEBUG autoreload 15408 139735412927360 File /home/danmarques/.local/lib/python3.13/site-packages/brazilcep/exceptions.py first seen with mtime 1736641445.4536595
2025-01-17 15:29:33,218 DEBUG autoreload 15408 139735412927360 File /usr/lib64/python3.13/email/quoprimime.py first seen with mtime 1733248792.0
2025-01-17 15:29:33,218 DEBUG autoreload 15408 139735412927360 File /home/danmarques/.local/lib/python3.13/site-packages/django/core/servers/__init__.py first seen with mtime 1736641111.276084
2025-01-17 15:29:33,222 DEBUG autoreload 15408 139735412927360 File /usr/lib64/python3.13/wsgiref/headers.py first seen with mtime 1733248792.0
2025-01-17 15:29:33,224 DEBUG autoreload 15408 139735412927360 File /usr/lib64/python3.13/fractions.py first seen with mtime 1733248792.0
2025-01-17 15:29:33,224 DEBUG autoreload 15408 139735412927360 File /usr/lib/python3.13/site-packages/urllib3/util/connection.py first seen with mtime 1726099200.0
2025-01-17 15:29:33,224 DEBUG autoreload 15408 139735412927360 File /home/danmarques/.local/lib/python3.13/site-packages/django/utils/module_loading.py first seen with mtime 1736641111.3720853
2025-01-17 15:29:33,225 DEBUG autoreload 15408 139735412927360 File /home/danmarques/.local/lib/python3.13/site-packages/django/utils/functional.py first seen with mtime 1736641111.3690853
2025-01-17 15:29:33,226 DEBUG autoreload 15408 139735412927360 File /home/danmarques/.local/lib/python3.13/site-packages/sqlparse/keywords.py first seen with mtime 1736641109.7070618
2025-01-17 15:29:33,226 DEBUG autoreload 15408 139735412927360 File /home/danmarques/.local/lib/python3.13/site-packages/django/utils/connection.py first seen with mtime 1736641111.3660853
2025-01-17 15:29:33,227 DEBUG autoreload 15408 139735412927360 File /home/danmarques/.local/lib/python3.13/site-packages/django/core/checks/security/base.py first seen with mtime 1736641111.2510836
2025-01-17 15:29:33,229 DEBUG autoreload 15408 139735412927360 File /home/danmarques/.local/lib/python3.13/site-packages/django/views/generic/base.py first seen with mtime 1736641111.3810854
2025-01-17 15:29:33,230 DEBUG autoreload 15408 139735412927360 File /home/danmarques/.local/lib/python3.13/site-packages/django/db/migrations/state.py first seen with mtime 1736641111.2990842
2025-01-17 15:29:33,230 DEBUG autoreload 15408 139735412927360 File /home/danmarques/.local/lib/python3.13/site-packages/django/db/models/fields/related_descriptors.py first seen with mtime 1736641111.3120844
2025-01-17 15:29:33,230 DEBUG autoreload 15408 139735412927360 File /home/danmarques/.local/lib/python3.13/site-packages/django/utils/text.py first seen with mtime 1736641111.3740854
2025-01-17 15:29:33,230 DEBUG autoreload 15408 139735412927360 File /usr/lib64/python3.13/graphlib.py first seen with mtime 1733248792.0
2025-01-17 15:29:33,230 DEBUG autoreload 15408 139735412927360 File /usr/lib64/python3.13/importlib/metadata/_itertools.py first seen with mtime 1733248792.0
2025-01-17 15:29:33,231 DEBUG autoreload 15408 139735412927360 File /usr/lib64/python3.13/statistics.py first seen with mtime 1733248792.0
2025-01-17 15:29:33,231 DEBUG autoreload 15408 139735412927360 File /usr/lib64/python3.13/lib-dynload/_zoneinfo.cpython-313-x86_64-linux-gnu.so first seen with mtime 1733702400.0
2025-01-17 15:29:33,233 DEBUG autoreload 15408 139735412927360 File /home/danmarques/.local/lib/python3.13/site-packages/django/contrib/sessions/__init__.py first seen with mtime 1736641111.055081
2025-01-17 15:29:33,234 DEBUG autoreload 15408 139735412927360 File /home/danmarques/.local/lib/python3.13/site-packages/sqlparse/filters/output.py first seen with mtime 1736641109.711062
2025-01-17 15:29:33,234 DEBUG autoreload 15408 139735412927360 File /home/danmarques/.local/lib/python3.13/site-packages/django/views/static.py first seen with mtime 1736641111.3780854
2025-01-17 15:29:33,233 DEBUG utils 15408 139735122220736 (0.007) 
            SELECT name, type FROM sqlite_master
            WHERE type in ('table', 'view') AND NOT name='sqlite_sequence'
            ORDER BY name; args=None; alias=default
2025-01-17 15:29:33,239 DEBUG autoreload 15408 139735412927360 File /usr/lib64/python3.13/calendar.py first seen with mtime 1733248792.0
2025-01-17 15:29:33,242 DEBUG autoreload 15408 139735412927360 File /home/danmarques/.local/lib/python3.13/site-packages/colorfield/validators.py first seen with mtime 1736641066.437451
2025-01-17 15:29:33,242 DEBUG autoreload 15408 139735412927360 File /usr/lib64/python3.13/sysconfig/__init__.py first seen with mtime 1733702400.0
2025-01-17 15:29:33,242 DEBUG autoreload 15408 139735412927360 File /usr/lib64/python3.13/quopri.py first seen with mtime 1733248792.0
2025-01-17 15:29:33,242 DEBUG autoreload 15408 139735412927360 File /usr/lib/python3.13/site-packages/urllib3/util/response.py first seen with mtime 1726099200.0
2025-01-17 15:29:33,243 DEBUG autoreload 15408 139735412927360 File /home/danmarques/.local/lib/python3.13/site-packages/django/middleware/csrf.py first seen with mtime 1736641111.348085
2025-01-17 15:29:33,243 DEBUG autoreload 15408 139735412927360 File /usr/lib64/python3.13/email/mime/nonmultipart.py first seen with mtime 1733248792.0
2025-01-17 15:29:33,243 DEBUG autoreload 15408 139735412927360 File /usr/lib64/python3.13/datetime.py first seen with mtime 1733248792.0
2025-01-17 15:29:33,243 DEBUG autoreload 15408 139735412927360 File /home/danmarques/.local/lib/python3.13/site-packages/asgiref/local.py first seen with mtime 1736641109.8740642
2025-01-17 15:29:33,243 DEBUG autoreload 15408 139735412927360 File /home/danmarques/.local/lib/python3.13/site-packages/django/template/exceptions.py first seen with mtime 1736641111.352085
2025-01-17 15:29:33,244 DEBUG autoreload 15408 139735412927360 File /usr/lib64/python3.13/re/__init__.py first seen with mtime 1733248792.0
2025-01-17 15:29:33,244 DEBUG autoreload 15408 139735412927360 File /usr/lib64/python3.13/zipfile/_path/glob.py first seen with mtime 1733248792.0
2025-01-17 15:29:33,244 DEBUG autoreload 15408 139735412927360 File /usr/lib/python3.13/site-packages/urllib3/util/timeout.py first seen with mtime 1726099200.0
2025-01-17 15:29:33,244 DEBUG autoreload 15408 139735412927360 File /home/danmarques/.local/lib/python3.13/site-packages/sqlparse/filters/__init__.py first seen with mtime 1736641109.7100618
2025-01-17 15:29:33,245 DEBUG autoreload 15408 139735412927360 File /home/danmarques/.local/lib/python3.13/site-packages/django/forms/models.py first seen with mtime 1736641111.3220847
2025-01-17 15:29:33,245 DEBUG autoreload 15408 139735412927360 File /usr/lib64/python3.13/asyncio/__init__.py first seen with mtime 1733248792.0
2025-01-17 15:29:33,245 DEBUG autoreload 15408 139735412927360 File /home/danmarques/.local/lib/python3.13/site-packages/brazilcep/__version__.py first seen with mtime 1736641445.4526596
2025-01-17 15:29:33,245 DEBUG autoreload 15408 139735412927360 File /home/danmarques/.local/lib/python3.13/site-packages/django/views/decorators/debug.py first seen with mtime 1736641111.3800855
2025-01-17 15:29:33,246 DEBUG autoreload 15408 139735412927360 File /usr/lib64/python3.13/lib-dynload/_random.cpython-313-x86_64-linux-gnu.so first seen with mtime 1733702400.0
2025-01-17 15:29:33,246 DEBUG autoreload 15408 139735412927360 File /home/danmarques/.local/lib/python3.13/site-packages/django/contrib/staticfiles/handlers.py first seen with mtime 1736641111.2350833
2025-01-17 15:29:33,246 DEBUG autoreload 15408 139735412927360 File /home/danmarques/Documents/Workplace/organixhub-main/userauths/forms.py first seen with mtime 1736694202.9149127
2025-01-17 15:29:33,246 DEBUG autoreload 15408 139735412927360 File /home/danmarques/.local/lib/python3.13/site-packages/django/db/backends/sqlite3/base.py first seen with mtime 1736641111.2930841
2025-01-17 15:29:33,247 DEBUG autoreload 15408 139735412927360 File /usr/lib/python3.13/site-packages/charset_normalizer/legacy.py first seen with mtime 1721347200.0
2025-01-17 15:29:33,247 DEBUG autoreload 15408 139735412927360 File /home/danmarques/.local/lib/python3.13/site-packages/django/db/migrations/operations/models.py first seen with mtime 1736641111.3010843
2025-01-17 15:29:33,247 DEBUG autoreload 15408 139735412927360 File /usr/lib64/python3.13/email/parser.py first seen with mtime 1733248792.0
2025-01-17 15:29:33,247 DEBUG autoreload 15408 139735412927360 File /usr/lib64/python3.13/asyncio/staggered.py first seen with mtime 1733248792.0
2025-01-17 15:29:33,248 DEBUG autoreload 15408 139735412927360 File /home/danmarques/.local/lib/python3.13/site-packages/django/contrib/auth/decorators.py first seen with mtime 1736641110.506073
2025-01-17 15:29:33,248 DEBUG autoreload 15408 139735412927360 File /home/danmarques/.local/lib/python3.13/site-packages/django/db/models/options.py first seen with mtime 1736641111.3060844
2025-01-17 15:29:33,248 DEBUG autoreload 15408 139735412927360 File /usr/lib64/python3.13/socketserver.py first seen with mtime 1733248792.0
2025-01-17 15:29:33,249 DEBUG autoreload 15408 139735412927360 File /usr/lib/python3.13/site-packages/idna/core.py first seen with mtime 1721347200.0
2025-01-17 15:29:33,249 DEBUG autoreload 15408 139735412927360 File /home/danmarques/.local/lib/python3.13/site-packages/django/db/models/functions/window.py first seen with mtime 1736641111.3150845
2025-01-17 15:29:33,249 DEBUG autoreload 15408 139735412927360 File /home/danmarques/.local/lib/python3.13/site-packages/admin_interface/apps.py first seen with mtime 1736641066.6084533
2025-01-17 15:29:33,249 DEBUG autoreload 15408 139735412927360 File /usr/lib64/python3.13/queue.py first seen with mtime 1733248792.0
2025-01-17 15:29:33,250 DEBUG autoreload 15408 139735412927360 File /home/danmarques/.local/lib/python3.13/site-packages/django/core/checks/security/sessions.py first seen with mtime 1736641111.2520835
2025-01-17 15:29:33,250 DEBUG autoreload 15408 139735412927360 File /home/danmarques/.local/lib/python3.13/site-packages/paypal/standard/__init__.py first seen with mtime 1736641150.727641
2025-01-17 15:29:33,250 DEBUG autoreload 15408 139735412927360 File /home/danmarques/.local/lib/python3.13/site-packages/django_ckeditor_5/widgets.py first seen with mtime 1736641289.9716074
2025-01-17 15:29:33,250 DEBUG autoreload 15408 139735412927360 File /home/danmarques/.local/lib/python3.13/site-packages/django/middleware/__init__.py first seen with mtime 1736641111.347085
2025-01-17 15:29:33,251 DEBUG autoreload 15408 139735412927360 File /home/danmarques/.local/lib/python3.13/site-packages/django/db/models/sql/constants.py first seen with mtime 1736641111.3170846
2025-01-17 15:29:33,251 DEBUG autoreload 15408 139735412927360 File /usr/lib64/python3.13/wsgiref/handlers.py first seen with mtime 1733248792.0
2025-01-17 15:29:33,251 DEBUG autoreload 15408 139735412927360 File /home/danmarques/.local/lib/python3.13/site-packages/django/core/files/storage/handler.py first seen with mtime 1736641111.2550838
2025-01-17 15:29:33,251 DEBUG autoreload 15408 139735412927360 File /usr/lib64/python3.13/importlib/metadata/_meta.py first seen with mtime 1733248792.0
2025-01-17 15:29:33,252 DEBUG autoreload 15408 139735412927360 File /usr/lib64/python3.13/urllib/__init__.py first seen with mtime 1733702400.0
2025-01-17 15:29:33,252 DEBUG autoreload 15408 139735412927360 File /home/danmarques/.local/lib/python3.13/site-packages/slugify/slugify.py first seen with mtime 1736641066.305449
2025-01-17 15:29:33,252 DEBUG autoreload 15408 139735412927360 File /home/danmarques/.local/lib/python3.13/site-packages/sqlparse/__init__.py first seen with mtime 1736641109.705062
2025-01-17 15:29:33,252 DEBUG autoreload 15408 139735412927360 File /home/danmarques/.local/lib/python3.13/site-packages/django/template/loaders/filesystem.py first seen with mtime 1736641111.356085
2025-01-17 15:29:33,253 DEBUG autoreload 15408 139735412927360 File /home/danmarques/.local/lib/python3.13/site-packages/django/db/models/indexes.py first seen with mtime 1736641111.3050845
2025-01-17 15:29:33,253 DEBUG autoreload 15408 139735412927360 File /home/danmarques/.local/lib/python3.13/site-packages/paypal/standard/forms.py first seen with mtime 1736641150.728641
2025-01-17 15:29:33,253 DEBUG autoreload 15408 139735412927360 File /home/danmarques/.local/lib/python3.13/site-packages/marshmallow/schema.py first seen with mtime 1736987878.0986872
2025-01-17 15:29:33,253 DEBUG autoreload 15408 139735412927360 File /usr/lib64/python3.13/socket.py first seen with mtime 1733248792.0
2025-01-17 15:29:33,254 DEBUG autoreload 15408 139735412927360 File /home/danmarques/.local/lib/python3.13/site-packages/django/db/models/functions/datetime.py first seen with mtime 1736641111.3140845
2025-01-17 15:29:33,254 DEBUG autoreload 15408 139735412927360 File /usr/lib64/python3.13/asyncio/threads.py first seen with mtime 1733248792.0
2025-01-17 15:29:33,254 DEBUG autoreload 15408 139735412927360 File /usr/lib64/python3.13/json/decoder.py first seen with mtime 1733248792.0
2025-01-17 15:29:33,254 DEBUG autoreload 15408 139735412927360 File /home/danmarques/.local/lib/python3.13/site-packages/django/db/models/functions/text.py first seen with mtime 1736641111.3150845
2025-01-17 15:29:33,254 DEBUG autoreload 15408 139735412927360 File /home/danmarques/.local/lib/python3.13/site-packages/django/utils/dates.py first seen with mtime 1736641111.3670852
2025-01-17 15:29:33,255 DEBUG autoreload 15408 139735412927360 File /usr/lib64/python3.13/subprocess.py first seen with mtime 1733248792.0
2025-01-17 15:29:33,255 DEBUG autoreload 15408 139735412927360 File /usr/lib64/python3.13/json/scanner.py first seen with mtime 1733248792.0
2025-01-17 15:29:33,255 DEBUG autoreload 15408 139735412927360 File /home/danmarques/.local/lib/python3.13/site-packages/django/db/backends/sqlite3/introspection.py first seen with mtime 1736641111.2940843
2025-01-17 15:29:33,255 DEBUG autoreload 15408 139735412927360 File /home/danmarques/.local/lib/python3.13/site-packages/django/contrib/sessions/apps.py first seen with mtime 1736641111.055081
2025-01-17 15:29:33,256 DEBUG autoreload 15408 139735412927360 File /usr/lib64/python3.13/lib-dynload/_statistics.cpython-313-x86_64-linux-gnu.so first seen with mtime 1733702400.0
2025-01-17 15:29:33,256 DEBUG autoreload 15408 139735412927360 File /usr/lib64/python3.13/site-packages/PIL/_imaging.cpython-313-x86_64-linux-gnu.so first seen with mtime 1728950400.0
2025-01-17 15:29:33,256 DEBUG autoreload 15408 139735412927360 File /home/danmarques/.local/lib/python3.13/site-packages/django/core/files/__init__.py first seen with mtime 1736641111.2520835
2025-01-17 15:29:33,256 DEBUG autoreload 15408 139735412927360 File /usr/lib64/python3.13/encodings/idna.py first seen with mtime 1733248792.0
2025-01-17 15:29:33,257 DEBUG autoreload 15408 139735412927360 File /usr/lib64/python3.13/site-packages/PIL/Image.py first seen with mtime 1728950400.0
2025-01-17 15:29:33,257 DEBUG autoreload 15408 139735412927360 File /usr/lib64/python3.13/http/server.py first seen with mtime 1733248792.0
2025-01-17 15:29:33,257 DEBUG autoreload 15408 139735412927360 File /home/danmarques/.local/lib/python3.13/site-packages/django/contrib/admin/models.py first seen with mtime 1736641110.224069
2025-01-17 15:29:33,257 DEBUG autoreload 15408 139735412927360 File /usr/lib64/python3.13/_weakrefset.py first seen with mtime 1733248792.0
2025-01-17 15:29:33,258 DEBUG autoreload 15408 139735412927360 File /usr/lib64/python3.13/importlib/__init__.py first seen with mtime 1733248792.0
2025-01-17 15:29:33,258 DEBUG autoreload 15408 139735412927360 File /home/danmarques/.local/lib/python3.13/site-packages/django/core/handlers/__init__.py first seen with mtime 1736641111.2580838
2025-01-17 15:29:33,258 DEBUG autoreload 15408 139735412927360 File /home/danmarques/.local/lib/python3.13/site-packages/django/db/backends/utils.py first seen with mtime 1736641111.279084
2025-01-17 15:29:33,258 DEBUG autoreload 15408 139735412927360 File /home/danmarques/.local/lib/python3.13/site-packages/django/template/__init__.py first seen with mtime 1736641111.349085
2025-01-17 15:29:33,258 DEBUG autoreload 15408 139735412927360 File /home/danmarques/.local/lib/python3.13/site-packages/django/template/backends/__init__.py first seen with mtime 1736641111.354085
2025-01-17 15:29:33,259 DEBUG autoreload 15408 139735412927360 File /usr/lib64/python3.13/email/mime/base.py first seen with mtime 1733248792.0
2025-01-17 15:29:33,259 DEBUG autoreload 15408 139735412927360 File /home/danmarques/.local/lib/python3.13/site-packages/django/utils/duration.py first seen with mtime 1736641111.3680854
2025-01-17 15:29:33,259 DEBUG autoreload 15408 139735412927360 File /usr/lib64/python3.13/email/headerregistry.py first seen with mtime 1733248792.0
2025-01-17 15:29:33,259 DEBUG autoreload 15408 139735412927360 File /home/danmarques/.local/lib/python3.13/site-packages/django/template/engine.py first seen with mtime 1736641111.352085
2025-01-17 15:29:33,260 DEBUG autoreload 15408 139735412927360 File /home/danmarques/.local/lib/python3.13/site-packages/django/contrib/contenttypes/forms.py first seen with mtime 1736641110.5870743
2025-01-17 15:29:33,260 DEBUG autoreload 15408 139735412927360 File /usr/lib64/python3.13/_opcode_metadata.py first seen with mtime 1733248792.0
2025-01-17 15:29:33,260 DEBUG autoreload 15408 139735412927360 File /home/danmarques/.local/lib/python3.13/site-packages/django/core/files/storage/base.py first seen with mtime 1736641111.2550838
2025-01-17 15:29:33,260 DEBUG autoreload 15408 139735412927360 File /home/danmarques/.local/lib/python3.13/site-packages/paypal/standard/helpers.py first seen with mtime 1736641150.7296412
2025-01-17 15:29:33,260 DEBUG autoreload 15408 139735412927360 File /home/danmarques/.local/lib/python3.13/site-packages/django/template/context.py first seen with mtime 1736641111.350085
2025-01-17 15:29:33,261 DEBUG autoreload 15408 139735412927360 File /usr/lib64/python3.13/email/mime/__init__.py first seen with mtime 1733702400.0
2025-01-17 15:29:33,261 DEBUG autoreload 15408 139735412927360 File /usr/lib64/python3.13/fnmatch.py first seen with mtime 1733248792.0
2025-01-17 15:29:33,261 DEBUG autoreload 15408 139735412927360 File /home/danmarques/.local/lib/python3.13/site-packages/sqlparse/engine/grouping.py first seen with mtime 1736641109.7090619
2025-01-17 15:29:33,261 DEBUG autoreload 15408 139735412927360 File /usr/lib64/python3.13/lib-dynload/_socket.cpython-313-x86_64-linux-gnu.so first seen with mtime 1733702400.0
2025-01-17 15:29:33,262 DEBUG autoreload 15408 139735412927360 File /home/danmarques/.local/lib/python3.13/site-packages/django/contrib/staticfiles/utils.py first seen with mtime 1736641111.2360835
2025-01-17 15:29:33,262 DEBUG autoreload 15408 139735412927360 File /home/danmarques/.local/lib/python3.13/site-packages/django/contrib/contenttypes/views.py first seen with mtime 1736641110.5880742
2025-01-17 15:29:33,267 DEBUG autoreload 15408 139735412927360 File /home/danmarques/.local/lib/python3.13/site-packages/django/db/models/functions/__init__.py first seen with mtime 1736641111.3140845
2025-01-17 15:29:33,267 DEBUG utils 15408 139735122220736 (0.001) SELECT "django_migrations"."id", "django_migrations"."app", "django_migrations"."name", "django_migrations"."applied" FROM "django_migrations"; args=(); alias=default
2025-01-17 15:29:33,275 DEBUG autoreload 15408 139735412927360 File /usr/lib64/python3.13/lib-dynload/array.cpython-313-x86_64-linux-gnu.so first seen with mtime 1733702400.0
2025-01-17 15:29:33,276 DEBUG autoreload 15408 139735412927360 File /home/danmarques/.local/lib/python3.13/site-packages/django/template/loader.py first seen with mtime 1736641111.353085
2025-01-17 15:29:33,277 DEBUG autoreload 15408 139735412927360 File /usr/lib64/python3.13/difflib.py first seen with mtime 1733248792.0
2025-01-17 15:29:33,277 DEBUG autoreload 15408 139735412927360 File /home/danmarques/.local/lib/python3.13/site-packages/django/core/checks/security/csrf.py first seen with mtime 1736641111.2510836
2025-01-17 15:29:33,278 DEBUG autoreload 15408 139735412927360 File /home/danmarques/.local/lib/python3.13/site-packages/django/db/backends/sqlite3/features.py first seen with mtime 1736641111.2940843
2025-01-17 15:29:33,279 DEBUG autoreload 15408 139735412927360 File /usr/lib/python3.13/site-packages/requests/models.py first seen with mtime 1722470400.0
2025-01-17 15:29:33,279 DEBUG autoreload 15408 139735412927360 File /home/danmarques/.local/lib/python3.13/site-packages/colorfield/widgets.py first seen with mtime 1736641066.437451
2025-01-17 15:29:33,280 DEBUG autoreload 15408 139735412927360 File /usr/lib64/python3.13/zoneinfo/_common.py first seen with mtime 1733248792.0
2025-01-17 15:29:33,281 DEBUG autoreload 15408 139735412927360 File /home/danmarques/.local/lib/python3.13/site-packages/django/utils/tree.py first seen with mtime 1736641111.3740854
2025-01-17 15:29:33,281 DEBUG autoreload 15408 139735412927360 File /usr/lib64/python3.13/email/_policybase.py first seen with mtime 1733248792.0
2025-01-17 15:29:33,282 DEBUG autoreload 15408 139735412927360 File /usr/lib64/python3.13/lib-dynload/unicodedata.cpython-313-x86_64-linux-gnu.so first seen with mtime 1733702400.0
2025-01-17 15:29:33,283 DEBUG autoreload 15408 139735412927360 File /usr/lib64/python3.13/struct.py first seen with mtime 1733248792.0
2025-01-17 15:29:33,283 DEBUG autoreload 15408 139735412927360 File /home/danmarques/.local/lib/python3.13/site-packages/admin_interface/settings.py first seen with mtime 1736641066.6104531
2025-01-17 15:29:33,284 DEBUG autoreload 15408 139735412927360 File /usr/lib/python3.13/site-packages/urllib3/connection.py first seen with mtime 1726099200.0
2025-01-17 15:29:33,287 DEBUG autoreload 15408 139735412927360 File /usr/lib64/python3.13/asyncio/base_tasks.py first seen with mtime 1733248792.0
2025-01-17 15:29:33,288 DEBUG autoreload 15408 139735412927360 File /home/danmarques/.local/lib/python3.13/site-packages/django/utils/deprecation.py first seen with mtime 1736641111.3680854
2025-01-17 15:29:33,288 DEBUG autoreload 15408 139735412927360 File /home/danmarques/.local/lib/python3.13/site-packages/django/core/wsgi.py first seen with mtime 1736641111.2400835
2025-01-17 15:29:33,288 DEBUG autoreload 15408 139735412927360 File /home/danmarques/.local/lib/python3.13/site-packages/django/db/models/constraints.py first seen with mtime 1736641111.3040843
2025-01-17 15:29:33,289 DEBUG autoreload 15408 139735412927360 File /home/danmarques/.local/lib/python3.13/site-packages/django/utils/inspect.py first seen with mtime 1736641111.3710854
2025-01-17 15:29:33,289 DEBUG autoreload 15408 139735412927360 File /usr/lib64/python3.13/sqlite3/dbapi2.py first seen with mtime 1733248792.0
2025-01-17 15:29:33,290 DEBUG autoreload 15408 139735412927360 File /home/danmarques/.local/lib/python3.13/site-packages/django/template/loaders/base.py first seen with mtime 1736641111.356085
2025-01-17 15:29:33,290 DEBUG autoreload 15408 139735412927360 File /home/danmarques/.local/lib/python3.13/site-packages/paypal/standard/ipn/models.py first seen with mtime 1736641150.731641
2025-01-17 15:29:33,291 DEBUG autoreload 15408 139735412927360 File /usr/lib/python3.13/site-packages/charset_normalizer/constant.py first seen with mtime 1721347200.0
2025-01-17 15:29:33,291 DEBUG autoreload 15408 139735412927360 File /home/danmarques/.local/lib/python3.13/site-packages/django/views/generic/list.py first seen with mtime 1736641111.3820856
2025-01-17 15:29:33,291 DEBUG autoreload 15408 139735412927360 File /home/danmarques/.local/lib/python3.13/site-packages/django/core/files/storage/memory.py first seen with mtime 1736641111.2560837
2025-01-17 15:29:33,292 DEBUG autoreload 15408 139735412927360 File /usr/lib64/python3.13/locale.py first seen with mtime 1733248792.0
2025-01-17 15:29:33,293 DEBUG autoreload 15408 139735412927360 File /usr/lib64/python3.13/re/_compiler.py first seen with mtime 1733248792.0
2025-01-17 15:29:33,293 DEBUG autoreload 15408 139735412927360 File /home/danmarques/.local/lib/python3.13/site-packages/multiselectfield/db/__init__.py first seen with mtime 1736641404.925231
2025-01-17 15:29:33,295 DEBUG autoreload 15408 139735412927360 File /usr/lib64/python3.13/email/policy.py first seen with mtime 1733248792.0
2025-01-17 15:29:33,299 DEBUG autoreload 15408 139735412927360 File /home/danmarques/.local/lib/python3.13/site-packages/sqlparse/lexer.py first seen with mtime 1736641109.7070618
2025-01-17 15:29:33,300 DEBUG autoreload 15408 139735412927360 File /usr/lib64/python3.13/html/entities.py first seen with mtime 1733248792.0
2025-01-17 15:29:33,300 DEBUG autoreload 15408 139735412927360 File /home/danmarques/.local/lib/python3.13/site-packages/django/utils/dateformat.py first seen with mtime 1736641111.3670852
2025-01-17 15:29:33,301 DEBUG autoreload 15408 139735412927360 File /home/danmarques/.local/lib/python3.13/site-packages/django/contrib/sites/shortcuts.py first seen with mtime 1736641111.1760826
2025-01-17 15:29:33,301 DEBUG autoreload 15408 139735412927360 File /home/danmarques/.local/lib/python3.13/site-packages/django/db/backends/sqlite3/creation.py first seen with mtime 1736641111.2940843
2025-01-17 15:29:33,301 DEBUG autoreload 15408 139735412927360 File /usr/lib64/python3.13/logging/config.py first seen with mtime 1733248792.0
2025-01-17 15:29:33,308 DEBUG autoreload 15408 139735412927360 File /usr/lib64/python3.13/asyncio/constants.py first seen with mtime 1733248792.0
2025-01-17 15:29:33,309 DEBUG autoreload 15408 139735412927360 File /home/danmarques/.local/lib/python3.13/site-packages/dotenv/variables.py first seen with mtime 1736987877.9126847
2025-01-17 15:29:33,309 DEBUG autoreload 15408 139735412927360 File /home/danmarques/.local/lib/python3.13/site-packages/django/contrib/staticfiles/__init__.py first seen with mtime 1736641111.2340834
2025-01-17 15:29:33,309 DEBUG autoreload 15408 139735412927360 File /usr/lib/python3.13/site-packages/requests/adapters.py first seen with mtime 1722470400.0
2025-01-17 15:29:33,311 DEBUG autoreload 15408 139735412927360 File /usr/lib64/python3.13/shutil.py first seen with mtime 1733248792.0
2025-01-17 15:29:33,311 DEBUG autoreload 15408 139735412927360 File /home/danmarques/.local/lib/python3.13/site-packages/admin_interface/metadata.py first seen with mtime 1736641066.6094532
2025-01-17 15:29:33,312 DEBUG autoreload 15408 139735412927360 File /usr/lib64/python3.13/_colorize.py first seen with mtime 1733248792.0
2025-01-17 15:29:33,314 DEBUG autoreload 15408 139735412927360 File /usr/lib64/python3.13/asyncio/exceptions.py first seen with mtime 1733248792.0
2025-01-17 15:29:33,314 DEBUG autoreload 15408 139735412927360 File /home/danmarques/.local/lib/python3.13/site-packages/brazilcep/__init__.py first seen with mtime 1736641445.4526596
2025-01-17 15:29:33,315 DEBUG autoreload 15408 139735412927360 File /home/danmarques/.local/lib/python3.13/site-packages/django/contrib/messages/api.py first seen with mtime 1736641110.9370792
2025-01-17 15:29:33,315 DEBUG autoreload 15408 139735412927360 File /usr/lib64/python3.13/weakref.py first seen with mtime 1733248792.0
2025-01-17 15:29:33,315 DEBUG autoreload 15408 139735412927360 File /usr/lib64/python3.13/lib-dynload/_opcode.cpython-313-x86_64-linux-gnu.so first seen with mtime 1733702400.0
2025-01-17 15:29:33,315 DEBUG autoreload 15408 139735412927360 File /home/danmarques/.local/lib/python3.13/site-packages/django/db/backends/ddl_references.py first seen with mtime 1736641111.278084
2025-01-17 15:29:33,315 DEBUG autoreload 15408 139735412927360 File /home/danmarques/.local/lib/python3.13/site-packages/django/core/files/uploadedfile.py first seen with mtime 1736641111.2530837
2025-01-17 15:29:33,316 DEBUG autoreload 15408 139735412927360 File /usr/lib64/python3.13/glob.py first seen with mtime 1733248792.0
2025-01-17 15:29:33,316 DEBUG autoreload 15408 139735412927360 File /usr/lib/python3.13/site-packages/idna/idnadata.py first seen with mtime 1721347200.0
2025-01-17 15:29:33,316 DEBUG autoreload 15408 139735412927360 File /home/danmarques/.local/lib/python3.13/site-packages/shortuuid/django_fields.py first seen with mtime 1736641359.0935836
2025-01-17 15:29:33,317 DEBUG autoreload 15408 139735412927360 File /home/danmarques/.local/lib/python3.13/site-packages/taggit/models.py first seen with mtime 1736641174.6729794
2025-01-17 15:29:33,319 DEBUG autoreload 15408 139735412927360 File /home/danmarques/.local/lib/python3.13/site-packages/jazzmin/utils.py first seen with mtime 1736641114.473129
2025-01-17 15:29:33,319 DEBUG autoreload 15408 139735412927360 File /home/danmarques/.local/lib/python3.13/site-packages/taggit/__init__.py first seen with mtime 1736641174.6709793
2025-01-17 15:29:33,321 DEBUG autoreload 15408 139735412927360 File /home/danmarques/.local/lib/python3.13/site-packages/django/http/response.py first seen with mtime 1736641111.347085
2025-01-17 15:29:33,321 DEBUG autoreload 15408 139735412927360 File /home/danmarques/.local/lib/python3.13/site-packages/django/core/files/storage/mixins.py first seen with mtime 1736641111.2560837
2025-01-17 15:29:33,322 DEBUG autoreload 15408 139735412927360 File /usr/lib64/python3.13/email/_encoded_words.py first seen with mtime 1733248792.0
2025-01-17 15:29:33,322 DEBUG autoreload 15408 139735412927360 File /usr/lib64/python3.13/zipfile/__init__.py first seen with mtime 1733248792.0
2025-01-17 15:29:33,322 DEBUG autoreload 15408 139735412927360 File /home/danmarques/.local/lib/python3.13/site-packages/django/db/migrations/operations/fields.py first seen with mtime 1736641111.3010843
2025-01-17 15:29:33,325 DEBUG autoreload 15408 139735412927360 File /usr/lib64/python3.13/importlib/metadata/_text.py first seen with mtime 1733248792.0
2025-01-17 15:29:33,326 DEBUG autoreload 15408 139735412927360 File /usr/lib64/python3.13/email/contentmanager.py first seen with mtime 1733248792.0
2025-01-17 15:29:33,326 DEBUG autoreload 15408 139735412927360 File /usr/lib64/python3.13/lib-dynload/_sqlite3.cpython-313-x86_64-linux-gnu.so first seen with mtime 1733702400.0
2025-01-17 15:29:33,327 DEBUG autoreload 15408 139735412927360 File /usr/lib/python3.13/site-packages/urllib3/util/ssl_.py first seen with mtime 1726099200.0
2025-01-17 15:29:33,327 DEBUG autoreload 15408 139735412927360 File /home/danmarques/.local/lib/python3.13/site-packages/django/contrib/auth/base_user.py first seen with mtime 1736641110.5040731
2025-01-17 15:29:33,327 DEBUG autoreload 15408 139735412927360 File /home/danmarques/.local/lib/python3.13/site-packages/paypal/standard/conf.py first seen with mtime 1736641150.728641
2025-01-17 15:29:33,328 DEBUG autoreload 15408 139735412927360 File /usr/lib64/python3.13/email/mime/multipart.py first seen with mtime 1733248792.0
2025-01-17 15:29:33,328 DEBUG autoreload 15408 139735412927360 File /usr/lib/python3.13/site-packages/urllib3/util/request.py first seen with mtime 1726099200.0
2025-01-17 15:29:33,329 DEBUG autoreload 15408 139735412927360 File /usr/lib64/python3.13/stringprep.py first seen with mtime 1733248792.0
2025-01-17 15:29:33,329 DEBUG autoreload 15408 139735412927360 File /usr/lib/python3.13/site-packages/urllib3/util/ssl_match_hostname.py first seen with mtime 1726099200.0
2025-01-17 15:29:33,329 DEBUG autoreload 15408 139735412927360 File /usr/lib/python3.13/site-packages/charset_normalizer/api.py first seen with mtime 1721347200.0
2025-01-17 15:29:33,330 DEBUG autoreload 15408 139735412927360 File /home/danmarques/.local/lib/python3.13/site-packages/django/conf/__init__.py first seen with mtime 1736641110.0890672
2025-01-17 15:29:33,330 DEBUG autoreload 15408 139735412927360 File /home/danmarques/.local/lib/python3.13/site-packages/taggit/managers.py first seen with mtime 1736641174.6719792
2025-01-17 15:29:33,331 DEBUG autoreload 15408 139735412927360 File /usr/lib64/python3.13/urllib/request.py first seen with mtime 1733248792.0
2025-01-17 15:29:33,331 DEBUG autoreload 15408 139735412927360 File /home/danmarques/.local/lib/python3.13/site-packages/django/contrib/staticfiles/management/__init__.py first seen with mtime 1736641111.2360835
2025-01-17 15:29:33,331 DEBUG autoreload 15408 139735412927360 File /usr/lib64/python3.13/concurrent/futures/__init__.py first seen with mtime 1733248792.0
2025-01-17 15:29:33,332 DEBUG autoreload 15408 139735412927360 File /usr/lib64/python3.13/lib-dynload/_datetime.cpython-313-x86_64-linux-gnu.so first seen with mtime 1733702400.0
2025-01-17 15:29:33,332 DEBUG autoreload 15408 139735412927360 File /usr/lib64/python3.13/asyncio/base_futures.py first seen with mtime 1733248792.0
2025-01-17 15:29:33,332 DEBUG autoreload 15408 139735412927360 File /usr/lib64/python3.13/lib-dynload/binascii.cpython-313-x86_64-linux-gnu.so first seen with mtime 1733702400.0
2025-01-17 15:29:33,332 DEBUG autoreload 15408 139735412927360 File /home/danmarques/.local/lib/python3.13/site-packages/django/template/loaders/app_directories.py first seen with mtime 1736641111.356085
2025-01-17 15:29:33,333 DEBUG autoreload 15408 139735412927360 File /usr/lib64/python3.13/importlib/metadata/__init__.py first seen with mtime 1733248792.0
2025-01-17 15:29:33,333 DEBUG autoreload 15408 139735412927360 File /home/danmarques/.local/lib/python3.13/site-packages/marshmallow/exceptions.py first seen with mtime 1736987878.0926871
2025-01-17 15:29:33,333 DEBUG autoreload 15408 139735412927360 File /home/danmarques/.local/lib/python3.13/site-packages/django/core/checks/model_checks.py first seen with mtime 1736641111.2450836
2025-01-17 15:29:33,334 DEBUG autoreload 15408 139735412927360 File /usr/lib64/python3.13/lib-dynload/_ssl.cpython-313-x86_64-linux-gnu.so first seen with mtime 1733702400.0
2025-01-17 15:29:33,334 DEBUG autoreload 15408 139735412927360 File /home/danmarques/.local/lib/python3.13/site-packages/django/template/utils.py first seen with mtime 1736641111.354085
2025-01-17 15:29:33,335 DEBUG autoreload 15408 139735412927360 File /home/danmarques/.local/lib/python3.13/site-packages/pytz/exceptions.py first seen with mtime 1736641150.4146366
2025-01-17 15:29:33,336 DEBUG autoreload 15408 139735412927360 File /usr/lib64/python3.13/asyncio/format_helpers.py first seen with mtime 1733248792.0
2025-01-17 15:29:33,336 DEBUG autoreload 15408 139735412927360 File /home/danmarques/.local/lib/python3.13/site-packages/sqlparse/engine/__init__.py first seen with mtime 1736641109.7090619
2025-01-17 15:29:33,336 DEBUG autoreload 15408 139735412927360 File /home/danmarques/.local/lib/python3.13/site-packages/django/contrib/sessions/models.py first seen with mtime 1736641111.0990815
2025-01-17 15:29:33,336 DEBUG autoreload 15408 139735412927360 File /home/danmarques/.local/lib/python3.13/site-packages/django/core/serializers/__init__.py first seen with mtime 1736641111.2740839
2025-01-17 15:29:33,336 DEBUG autoreload 15408 139735412927360 File /home/danmarques/.local/lib/python3.13/site-packages/brazilcep/viacep.py first seen with mtime 1736641445.4546597
2025-01-17 15:29:33,337 DEBUG autoreload 15408 139735412927360 File /home/danmarques/.local/lib/python3.13/site-packages/django/contrib/admin/templatetags/admin_list.py first seen with mtime 1736641110.428072
2025-01-17 15:29:33,337 DEBUG autoreload 15408 139735412927360 File /home/danmarques/.local/lib/python3.13/site-packages/admin_interface/__init__.py first seen with mtime 1736641066.6084533
2025-01-17 15:29:33,337 DEBUG autoreload 15408 139735412927360 File /home/danmarques/.local/lib/python3.13/site-packages/django/apps/__init__.py first seen with mtime 1736641110.0880673
2025-01-17 15:29:33,338 DEBUG autoreload 15408 139735412927360 File /usr/lib64/python3.13/email/errors.py first seen with mtime 1733248792.0
2025-01-17 15:29:33,338 DEBUG autoreload 15408 139735412927360 File /home/danmarques/.local/lib/python3.13/site-packages/django/contrib/auth/hashers.py first seen with mtime 1736641110.506073
2025-01-17 15:29:33,339 DEBUG autoreload 15408 139735412927360 File /usr/lib64/python3.13/logging/handlers.py first seen with mtime 1733248792.0
2025-01-17 15:29:33,339 DEBUG autoreload 15408 139735412927360 File /home/danmarques/.local/lib/python3.13/site-packages/django/contrib/sites/requests.py first seen with mtime 1736641111.1750824
2025-01-17 15:29:33,339 DEBUG autoreload 15408 139735412927360 File /home/danmarques/.local/lib/python3.13/site-packages/django/db/models/fields/files.py first seen with mtime 1736641111.3090844
2025-01-17 15:29:33,340 DEBUG autoreload 15408 139735412927360 File /usr/lib64/python3.13/email/header.py first seen with mtime 1733248792.0
2025-01-17 15:29:33,340 DEBUG autoreload 15408 139735412927360 File /home/danmarques/.local/lib/python3.13/site-packages/django/db/migrations/utils.py first seen with mtime 1736641111.3000844
2025-01-17 15:29:33,340 DEBUG autoreload 15408 139735412927360 File /home/danmarques/.local/lib/python3.13/site-packages/django/contrib/contenttypes/fields.py first seen with mtime 1736641110.5870743
2025-01-17 15:29:33,340 DEBUG autoreload 15408 139735412927360 File /home/danmarques/.local/lib/python3.13/site-packages/django/middleware/security.py first seen with mtime 1736641111.349085
2025-01-17 15:29:33,341 DEBUG autoreload 15408 139735412927360 File /usr/lib/python3.13/site-packages/packaging/version.py first seen with mtime 1721347200.0
2025-01-17 15:29:33,341 DEBUG autoreload 15408 139735412927360 File /usr/lib/python3.13/site-packages/requests/structures.py first seen with mtime 1722470400.0
2025-01-17 15:29:33,341 DEBUG autoreload 15408 139735412927360 File /home/danmarques/.local/lib/python3.13/site-packages/django/contrib/admin/templatetags/admin_modify.py first seen with mtime 1736641110.428072
2025-01-17 15:29:33,341 DEBUG autoreload 15408 139735412927360 File /home/danmarques/.local/lib/python3.13/site-packages/django/core/checks/async_checks.py first seen with mtime 1736641111.2440836
2025-01-17 15:29:33,342 DEBUG autoreload 15408 139735412927360 File /usr/lib/python3.13/site-packages/urllib3/response.py first seen with mtime 1726099200.0
2025-01-17 15:29:33,342 DEBUG autoreload 15408 139735412927360 File /home/danmarques/.local/lib/python3.13/site-packages/django/core/mail/utils.py first seen with mtime 1736641111.2610838
2025-01-17 15:29:33,342 DEBUG autoreload 15408 139735412927360 File /usr/lib64/python3.13/lib-dynload/_multibytecodec.cpython-313-x86_64-linux-gnu.so first seen with mtime 1733702400.0
2025-01-17 15:29:33,343 DEBUG autoreload 15408 139735412927360 File /home/danmarques/.local/lib/python3.13/site-packages/django/db/models/query.py first seen with mtime 1736641111.3070843
2025-01-17 15:29:33,343 DEBUG autoreload 15408 139735412927360 File /home/danmarques/.local/lib/python3.13/site-packages/django/core/__init__.py first seen with mtime 1736641111.2380834
2025-01-17 15:29:33,343 DEBUG autoreload 15408 139735412927360 File /usr/lib64/python3.13/site-packages/PIL/__init__.py first seen with mtime 1728950400.0
2025-01-17 15:29:33,344 DEBUG autoreload 15408 139735412927360 File /home/danmarques/.local/lib/python3.13/site-packages/django/db/backends/base/validation.py first seen with mtime 1736641111.282084
2025-01-17 15:29:33,344 DEBUG autoreload 15408 139735412927360 File /home/danmarques/.local/lib/python3.13/site-packages/django/core/files/storage/__init__.py first seen with mtime 1736641111.2540836
2025-01-17 15:29:33,345 DEBUG autoreload 15408 139735412927360 File /home/danmarques/.local/lib/python3.13/site-packages/django/core/files/locks.py first seen with mtime 1736641111.2530837
2025-01-17 15:29:33,345 DEBUG autoreload 15408 139735412927360 File /usr/lib64/python3.13/asyncio/protocols.py first seen with mtime 1733248792.0
2025-01-17 15:29:33,345 DEBUG autoreload 15408 139735412927360 File /usr/lib/python3.13/site-packages/requests/api.py first seen with mtime 1722470400.0
2025-01-17 15:29:33,346 DEBUG autoreload 15408 139735412927360 File /usr/lib64/python3.13/sqlite3/__init__.py first seen with mtime 1733248792.0
2025-01-17 15:29:33,346 DEBUG autoreload 15408 139735412927360 File /home/danmarques/.local/lib/python3.13/site-packages/django/urls/base.py first seen with mtime 1736641111.362085
2025-01-17 15:29:33,346 DEBUG autoreload 15408 139735412927360 File /home/danmarques/.local/lib/python3.13/site-packages/environs/types.py first seen with mtime 1736987878.6716948
2025-01-17 15:29:33,347 DEBUG autoreload 15408 139735412927360 File /home/danmarques/.local/lib/python3.13/site-packages/django/db/__init__.py first seen with mtime 1736641111.277084
2025-01-17 15:29:33,347 DEBUG autoreload 15408 139735412927360 File /home/danmarques/.local/lib/python3.13/site-packages/django/contrib/admin/views/__init__.py first seen with mtime 1736641110.429072
2025-01-17 15:29:33,347 DEBUG autoreload 15408 139735412927360 File /usr/lib64/python3.13/email/mime/message.py first seen with mtime 1733248792.0
2025-01-17 15:29:33,348 DEBUG autoreload 15408 139735412927360 File /home/danmarques/.local/lib/python3.13/site-packages/django/db/backends/sqlite3/operations.py first seen with mtime 1736641111.2950842
2025-01-17 15:29:33,348 DEBUG autoreload 15408 139735412927360 File /home/danmarques/.local/lib/python3.13/site-packages/django/utils/_os.py first seen with mtime 1736641111.3640852
2025-01-17 15:29:33,349 DEBUG autoreload 15408 139735412927360 File /home/danmarques/.local/lib/python3.13/site-packages/marshmallow/fields.py first seen with mtime 1736987878.094687
2025-01-17 15:29:33,349 DEBUG autoreload 15408 139735412927360 File /home/danmarques/Documents/Workplace/organixhub-main/core/urls.py first seen with mtime 1737134840.9894714
2025-01-17 15:29:33,349 DEBUG autoreload 15408 139735412927360 File /home/danmarques/.local/lib/python3.13/site-packages/django/views/decorators/http.py first seen with mtime 1736641111.3800855
2025-01-17 15:29:33,349 DEBUG autoreload 15408 139735412927360 File /home/danmarques/.local/lib/python3.13/site-packages/django/core/management/commands/__init__.py first seen with mtime 1736641111.266084
2025-01-17 15:29:33,350 DEBUG autoreload 15408 139735412927360 File /home/danmarques/.local/lib/python3.13/site-packages/django/db/models/sql/__init__.py first seen with mtime 1736641111.3160846
2025-01-17 15:29:33,350 DEBUG autoreload 15408 139735412927360 File /home/danmarques/.local/lib/python3.13/site-packages/multiselectfield/utils.py first seen with mtime 1736641404.923231
2025-01-17 15:29:33,351 DEBUG autoreload 15408 139735412927360 File /home/danmarques/.local/lib/python3.13/site-packages/django/core/serializers/base.py first seen with mtime 1736641111.2740839
2025-01-17 15:29:33,351 DEBUG autoreload 15408 139735412927360 File /home/danmarques/.local/lib/python3.13/site-packages/asgiref/__init__.py first seen with mtime 1736641109.872064
2025-01-17 15:29:33,351 DEBUG autoreload 15408 139735412927360 File /usr/lib64/python3.13/asyncio/base_events.py first seen with mtime 1733248792.0
2025-01-17 15:29:33,352 DEBUG autoreload 15408 139735412927360 File /home/danmarques/.local/lib/python3.13/site-packages/django/contrib/messages/utils.py first seen with mtime 1736641110.9390793
2025-01-17 15:29:33,352 DEBUG autoreload 15408 139735412927360 File /usr/lib64/python3.13/base64.py first seen with mtime 1733248792.0
2025-01-17 15:29:33,352 DEBUG autoreload 15408 139735412927360 File /home/danmarques/.local/lib/python3.13/site-packages/django/http/__init__.py first seen with mtime 1736641111.345085
2025-01-17 15:29:33,352 DEBUG autoreload 15408 139735412927360 File /home/danmarques/.local/lib/python3.13/site-packages/django/db/backends/base/creation.py first seen with mtime 1736641111.2800841
2025-01-17 15:29:33,352 DEBUG autoreload 15408 139735412927360 File /home/danmarques/.local/lib/python3.13/site-packages/django/forms/widgets.py first seen with mtime 1736641111.3230846
2025-01-17 15:29:33,353 DEBUG autoreload 15408 139735412927360 File /home/danmarques/.local/lib/python3.13/site-packages/django/utils/decorators.py first seen with mtime 1736641111.3680854
2025-01-17 15:29:33,353 DEBUG autoreload 15408 139735412927360 File /usr/lib64/python3.13/reprlib.py first seen with mtime 1733248792.0
2025-01-17 15:29:33,353 DEBUG autoreload 15408 139735412927360 File /usr/lib64/python3.13/secrets.py first seen with mtime 1733248792.0
2025-01-17 15:29:33,354 DEBUG autoreload 15408 139735412927360 File /home/danmarques/.local/lib/python3.13/site-packages/colorfield/fields.py first seen with mtime 1736641066.4354508
2025-01-17 15:29:33,354 DEBUG autoreload 15408 139735412927360 File /usr/lib64/python3.13/email/__init__.py first seen with mtime 1733248792.0
2025-01-17 15:29:33,354 DEBUG autoreload 15408 139735412927360 File /usr/lib64/python3.13/contextlib.py first seen with mtime 1733248792.0
2025-01-17 15:29:33,355 DEBUG autoreload 15408 139735412927360 File /home/danmarques/.local/lib/python3.13/site-packages/django/conf/urls/__init__.py first seen with mtime 1736641110.221069
2025-01-17 15:29:33,355 DEBUG autoreload 15408 139735412927360 File /home/danmarques/.local/lib/python3.13/site-packages/brazilcep/apicep.py first seen with mtime 1736641445.4526596
2025-01-17 15:29:33,356 DEBUG autoreload 15408 139735412927360 File /home/danmarques/.local/lib/python3.13/site-packages/paypal/standard/ipn/signals.py first seen with mtime 1736641150.731641
2025-01-17 15:29:33,356 DEBUG autoreload 15408 139735412927360 File /usr/lib64/python3.13/pickle.py first seen with mtime 1733248792.0
2025-01-17 15:29:33,356 DEBUG autoreload 15408 139735412927360 File /usr/lib/python3.13/site-packages/urllib3/_collections.py first seen with mtime 1726099200.0
2025-01-17 15:29:33,357 DEBUG autoreload 15408 139735412927360 File /usr/lib/python3.13/site-packages/urllib3/util/url.py first seen with mtime 1726099200.0
2025-01-17 15:29:33,357 DEBUG autoreload 15408 139735412927360 File /home/danmarques/.local/lib/python3.13/site-packages/django/utils/http.py first seen with mtime 1736641111.3700852
2025-01-17 15:29:33,358 DEBUG autoreload 15408 139735412927360 File /home/danmarques/.local/lib/python3.13/site-packages/django/forms/forms.py first seen with mtime 1736641111.3210845
2025-01-17 15:29:33,358 DEBUG autoreload 15408 139735412927360 File /home/danmarques/.local/lib/python3.13/site-packages/django/core/mail/message.py first seen with mtime 1736641111.2610838
2025-01-17 15:29:33,358 DEBUG autoreload 15408 139735412927360 File /home/danmarques/.local/lib/python3.13/site-packages/django/utils/timesince.py first seen with mtime 1736641111.3740854
2025-01-17 15:29:33,358 DEBUG autoreload 15408 139735412927360 File /usr/lib64/python3.13/copyreg.py first seen with mtime 1733248792.0
2025-01-17 15:29:33,359 DEBUG autoreload 15408 139735412927360 File /home/danmarques/.local/lib/python3.13/site-packages/django/db/backends/base/operations.py first seen with mtime 1736641111.281084
2025-01-17 15:29:33,359 DEBUG autoreload 15408 139735412927360 File /usr/lib64/python3.13/lib-dynload/_blake2.cpython-313-x86_64-linux-gnu.so first seen with mtime 1733702400.0
2025-01-17 15:29:33,359 DEBUG autoreload 15408 139735412927360 File /usr/lib64/python3.13/wsgiref/simple_server.py first seen with mtime 1733248792.0
2025-01-17 15:29:33,360 DEBUG autoreload 15408 139735412927360 File /home/danmarques/.local/lib/python3.13/site-packages/django/utils/autoreload.py first seen with mtime 1736641111.3650851
2025-01-17 15:29:33,360 DEBUG autoreload 15408 139735412927360 File /home/danmarques/.local/lib/python3.13/site-packages/admin_interface/cache.py first seen with mtime 1736641066.6094532
2025-01-17 15:29:33,361 DEBUG autoreload 15408 139735412927360 File /home/danmarques/.local/lib/python3.13/site-packages/django/contrib/auth/password_validation.py first seen with mtime 1736641110.508073
2025-01-17 15:29:33,361 DEBUG autoreload 15408 139735412927360 File /home/danmarques/.local/lib/python3.13/site-packages/django/contrib/auth/views.py first seen with mtime 1736641110.5090733
2025-01-17 15:29:33,361 DEBUG autoreload 15408 139735412927360 File /usr/lib64/python3.13/re/_casefix.py first seen with mtime 1733248792.0
2025-01-17 15:29:33,362 DEBUG autoreload 15408 139735412927360 File /usr/lib64/python3.13/json/__init__.py first seen with mtime 1733248792.0
2025-01-17 15:29:33,362 DEBUG autoreload 15408 139735412927360 File /usr/lib64/python3.13/asyncio/unix_events.py first seen with mtime 1733248792.0
2025-01-17 15:29:33,363 DEBUG autoreload 15408 139735412927360 File /home/danmarques/.local/lib/python3.13/site-packages/sqlparse/engine/filter_stack.py first seen with mtime 1736641109.7090619
2025-01-17 15:29:33,363 DEBUG autoreload 15408 139735412927360 File /home/danmarques/.local/lib/python3.13/site-packages/django/urls/resolvers.py first seen with mtime 1736641111.3630853
2025-01-17 15:29:33,364 DEBUG autoreload 15408 139735412927360 File /home/danmarques/.local/lib/python3.13/site-packages/django/core/servers/basehttp.py first seen with mtime 1736641111.276084
2025-01-17 15:29:33,364 DEBUG autoreload 15408 139735412927360 File /usr/lib/python3.13/site-packages/charset_normalizer/__init__.py first seen with mtime 1721347200.0
2025-01-17 15:29:33,365 DEBUG autoreload 15408 139735412927360 File /usr/lib64/python3.13/argparse.py first seen with mtime 1733248792.0
2025-01-17 15:29:33,365 DEBUG autoreload 15408 139735412927360 File /usr/lib64/python3.13/pathlib/_abc.py first seen with mtime 1733248792.0
2025-01-17 15:29:33,365 DEBUG autoreload 15408 139735412927360 File /home/danmarques/.local/lib/python3.13/site-packages/django/db/models/sql/where.py first seen with mtime 1736641111.3190846
2025-01-17 15:29:33,365 DEBUG autoreload 15408 139735412927360 File /home/danmarques/.local/lib/python3.13/site-packages/django/core/checks/templates.py first seen with mtime 1736641111.2460835
2025-01-17 15:29:33,365 DEBUG autoreload 15408 139735412927360 File /usr/lib/python3.13/site-packages/urllib3/contrib/__init__.py first seen with mtime 1726099200.0
2025-01-17 15:29:33,366 DEBUG autoreload 15408 139735412927360 File /usr/lib64/python3.13/importlib/resources/__init__.py first seen with mtime 1733248792.0
2025-01-17 15:29:33,366 DEBUG autoreload 15408 139735412927360 File /usr/lib64/python3.13/threading.py first seen with mtime 1733248792.0
2025-01-17 15:29:33,367 DEBUG autoreload 15408 139735412927360 File /usr/lib/python3.13/site-packages/requests/__init__.py first seen with mtime 1722470400.0
2025-01-17 15:29:33,367 DEBUG autoreload 15408 139735412927360 File /home/danmarques/.local/lib/python3.13/site-packages/sqlparse/formatter.py first seen with mtime 1736641109.7070618
2025-01-17 15:29:33,368 DEBUG autoreload 15408 139735412927360 File /home/danmarques/Documents/Workplace/organixhub-main/core/admin.py first seen with mtime 1737136561.9667041
2025-01-17 15:29:33,368 DEBUG autoreload 15408 139735412927360 File /home/danmarques/.local/lib/python3.13/site-packages/django/http/multipartparser.py first seen with mtime 1736641111.346085
2025-01-17 15:29:33,368 DEBUG autoreload 15408 139735412927360 File /home/danmarques/.local/lib/python3.13/site-packages/django/views/generic/__init__.py first seen with mtime 1736641111.3810854
2025-01-17 15:29:33,368 DEBUG autoreload 15408 139735412927360 File /usr/lib64/python3.13/urllib/parse.py first seen with mtime 1733248792.0
2025-01-17 15:29:33,368 DEBUG autoreload 15408 139735412927360 File /home/danmarques/.local/lib/python3.13/site-packages/django/utils/log.py first seen with mtime 1736641111.3720853
2025-01-17 15:29:33,368 DEBUG autoreload 15408 139735412927360 File /usr/lib64/python3.13/email/_parseaddr.py first seen with mtime 1733248792.0
2025-01-17 15:29:33,369 DEBUG autoreload 15408 139735412927360 File /home/danmarques/.local/lib/python3.13/site-packages/taggit/apps.py first seen with mtime 1736641174.6719792
2025-01-17 15:29:33,369 DEBUG autoreload 15408 139735412927360 File /home/danmarques/.local/lib/python3.13/site-packages/marshmallow/error_store.py first seen with mtime 1736987878.0926871
2025-01-17 15:29:33,369 DEBUG autoreload 15408 139735412927360 File /usr/lib/python3.13/site-packages/requests/exceptions.py first seen with mtime 1722470400.0
2025-01-17 15:29:33,370 DEBUG autoreload 15408 139735412927360 File /usr/lib/python3.13/site-packages/urllib3/connectionpool.py first seen with mtime 1726099200.0
2025-01-17 15:29:33,370 DEBUG autoreload 15408 139735412927360 File /home/danmarques/.local/lib/python3.13/site-packages/django/core/cache/backends/__init__.py first seen with mtime 1736641111.2410834
2025-01-17 15:29:33,371 DEBUG autoreload 15408 139735412927360 File /home/danmarques/.local/lib/python3.13/site-packages/django/contrib/staticfiles/checks.py first seen with mtime 1736641111.2340834
2025-01-17 15:29:33,371 DEBUG autoreload 15408 139735412927360 File /home/danmarques/.local/lib/python3.13/site-packages/django/middleware/http.py first seen with mtime 1736641111.348085
2025-01-17 15:29:33,371 DEBUG autoreload 15408 139735412927360 File /home/danmarques/.local/lib/python3.13/site-packages/django/templatetags/static.py first seen with mtime 1736641111.3580852
2025-01-17 15:29:33,372 DEBUG autoreload 15408 139735412927360 File /home/danmarques/.local/lib/python3.13/site-packages/django/template/defaultfilters.py first seen with mtime 1736641111.351085
2025-01-17 15:29:33,372 DEBUG autoreload 15408 139735412927360 File /usr/lib/python3.13/site-packages/urllib3/util/wait.py first seen with mtime 1726099200.0
2025-01-17 15:29:33,373 DEBUG autoreload 15408 139735412927360 File /home/danmarques/.local/lib/python3.13/site-packages/django/utils/numberformat.py first seen with mtime 1736641111.3720853
2025-01-17 15:29:33,373 DEBUG autoreload 15408 139735412927360 File /home/danmarques/.local/lib/python3.13/site-packages/django/core/checks/__init__.py first seen with mtime 1736641111.2430835
2025-01-17 15:29:33,373 DEBUG autoreload 15408 139735412927360 File /home/danmarques/.local/lib/python3.13/site-packages/django/contrib/staticfiles/finders.py first seen with mtime 1736641111.2340834
2025-01-17 15:29:33,374 DEBUG autoreload 15408 139735412927360 File /usr/lib64/python3.13/http/cookiejar.py first seen with mtime 1733248792.0
2025-01-17 15:29:33,374 DEBUG autoreload 15408 139735412927360 File /usr/lib64/python3.13/asyncio/sslproto.py first seen with mtime 1733248792.0
2025-01-17 15:29:33,374 DEBUG autoreload 15408 139735412927360 File /home/danmarques/.local/lib/python3.13/site-packages/django/contrib/admin/sites.py first seen with mtime 1736641110.225069
2025-01-17 15:29:33,375 DEBUG autoreload 15408 139735412927360 File /usr/lib/python3.13/site-packages/urllib3/contrib/socks.py first seen with mtime 1726099200.0
2025-01-17 15:29:33,375 DEBUG autoreload 15408 139735412927360 File /home/danmarques/.local/lib/python3.13/site-packages/paypal/standard/ipn/admin.py first seen with mtime 1736641150.7306411
2025-01-17 15:29:33,375 DEBUG autoreload 15408 139735412927360 File /usr/lib64/python3.13/lib-dynload/_json.cpython-313-x86_64-linux-gnu.so first seen with mtime 1733702400.0
2025-01-17 15:29:33,375 DEBUG autoreload 15408 139735412927360 File /usr/lib64/python3.13/lzma.py first seen with mtime 1733248792.0
2025-01-17 15:29:33,376 DEBUG autoreload 15408 139735412927360 File /home/danmarques/.local/lib/python3.13/site-packages/django/contrib/staticfiles/management/commands/__init__.py first seen with mtime 1736641111.2360835
2025-01-17 15:29:33,376 DEBUG autoreload 15408 139735412927360 File /home/danmarques/.local/lib/python3.13/site-packages/jazzmin/settings.py first seen with mtime 1736641114.3101268
2025-01-17 15:29:33,376 DEBUG autoreload 15408 139735412927360 File /usr/lib64/python3.13/numbers.py first seen with mtime 1733248792.0
2025-01-17 15:29:33,377 DEBUG autoreload 15408 139735412927360 File /home/danmarques/.local/lib/python3.13/site-packages/django/core/files/utils.py first seen with mtime 1736641111.2540836
2025-01-17 15:29:33,377 DEBUG autoreload 15408 139735412927360 File /home/danmarques/.local/lib/python3.13/site-packages/django/db/migrations/operations/base.py first seen with mtime 1736641111.3000844
2025-01-17 15:29:33,377 DEBUG autoreload 15408 139735412927360 File /home/danmarques/.local/lib/python3.13/site-packages/django/core/cache/utils.py first seen with mtime 1736641111.2400835
2025-01-17 15:29:33,378 DEBUG autoreload 15408 139735412927360 File /home/danmarques/.local/lib/python3.13/site-packages/django/db/backends/base/base.py first seen with mtime 1736641111.279084
2025-01-17 15:29:33,378 DEBUG autoreload 15408 139735412927360 File /home/danmarques/.local/lib/python3.13/site-packages/admin_interface/templatetags/__init__.py first seen with mtime 1736641066.6564538
2025-01-17 15:29:33,378 DEBUG autoreload 15408 139735412927360 File /usr/lib/python3.13/site-packages/requests/cookies.py first seen with mtime 1722470400.0
2025-01-17 15:29:33,379 DEBUG autoreload 15408 139735412927360 File /home/danmarques/.local/lib/python3.13/site-packages/marshmallow/base.py first seen with mtime 1736987878.088687
2025-01-17 15:29:33,379 DEBUG autoreload 15408 139735412927360 File /home/danmarques/.local/lib/python3.13/site-packages/django/core/handlers/base.py first seen with mtime 1736641111.2590837
2025-01-17 15:29:33,380 DEBUG autoreload 15408 139735412927360 File /usr/lib/python3.13/site-packages/urllib3/__init__.py first seen with mtime 1726099200.0
2025-01-17 15:29:33,380 DEBUG autoreload 15408 139735412927360 File /usr/lib/python3.13/site-packages/socks.py first seen with mtime 1568944711.0
2025-01-17 15:29:33,380 DEBUG autoreload 15408 139735412927360 File /home/danmarques/.local/lib/python3.13/site-packages/django_ckeditor_5/validators.py first seen with mtime 1736641289.9706075
2025-01-17 15:29:33,380 DEBUG autoreload 15408 139735412927360 File /usr/lib64/python3.13/email/mime/text.py first seen with mtime 1733248792.0
2025-01-17 15:29:33,381 DEBUG autoreload 15408 139735412927360 File /usr/lib64/python3.13/lib-dynload/_queue.cpython-313-x86_64-linux-gnu.so first seen with mtime 1733702400.0
2025-01-17 15:29:33,381 DEBUG autoreload 15408 139735412927360 File /home/danmarques/.local/lib/python3.13/site-packages/marshmallow/utils.py first seen with mtime 1736987878.100687
2025-01-17 15:29:33,381 DEBUG autoreload 15408 139735412927360 File /home/danmarques/.local/lib/python3.13/site-packages/django/utils/safestring.py first seen with mtime 1736641111.3730853
2025-01-17 15:29:33,381 DEBUG autoreload 15408 139735412927360 File /home/danmarques/.local/lib/python3.13/site-packages/django/db/models/fields/mixins.py first seen with mtime 1736641111.3100843
2025-01-17 15:29:33,381 DEBUG autoreload 15408 139735412927360 File /home/danmarques/.local/lib/python3.13/site-packages/django/utils/dateparse.py first seen with mtime 1736641111.3670852
2025-01-17 15:29:33,381 DEBUG autoreload 15408 139735412927360 File /usr/lib64/python3.13/json/encoder.py first seen with mtime 1733248792.0
2025-01-17 15:29:33,382 DEBUG autoreload 15408 139735412927360 File /home/danmarques/.local/lib/python3.13/site-packages/brazilcep/opencep.py first seen with mtime 1736641445.4536595
2025-01-17 15:29:33,382 DEBUG autoreload 15408 139735412927360 File /usr/lib64/python3.13/multiprocessing/process.py first seen with mtime 1733248792.0
2025-01-17 15:29:33,382 DEBUG autoreload 15408 139735412927360 File /usr/lib/python3.13/site-packages/requests/certs.py first seen with mtime 1722470400.0
2025-01-17 15:29:33,382 DEBUG autoreload 15408 139735412927360 File /home/danmarques/.local/lib/python3.13/site-packages/django/forms/__init__.py first seen with mtime 1736641111.3200846
2025-01-17 15:29:33,383 DEBUG autoreload 15408 139735412927360 File /home/danmarques/.local/lib/python3.13/site-packages/django/core/checks/files.py first seen with mtime 1736641111.2440836
2025-01-17 15:29:33,383 DEBUG autoreload 15408 139735412927360 File /usr/lib64/python3.13/selectors.py first seen with mtime 1733248792.0
2025-01-17 15:29:33,384 DEBUG autoreload 15408 139735412927360 File /home/danmarques/.local/lib/python3.13/site-packages/django/core/signing.py first seen with mtime 1736641111.2390835
2025-01-17 15:29:33,384 DEBUG autoreload 15408 139735412927360 File /home/danmarques/.local/lib/python3.13/site-packages/django/contrib/__init__.py first seen with mtime 1736641110.221069
2025-01-17 15:29:33,384 DEBUG autoreload 15408 139735412927360 File /home/danmarques/.local/lib/python3.13/site-packages/django/db/backends/sqlite3/__init__.py first seen with mtime 1736641111.2920842
2025-01-17 15:29:33,385 DEBUG autoreload 15408 139735412927360 File /usr/lib64/python3.13/asyncio/runners.py first seen with mtime 1733248792.0
2025-01-17 15:29:33,385 DEBUG autoreload 15408 139735412927360 File /home/danmarques/.local/lib/python3.13/site-packages/django/templatetags/l10n.py first seen with mtime 1736641111.3580852
2025-01-17 15:29:33,386 DEBUG autoreload 15408 139735412927360 File /home/danmarques/.local/lib/python3.13/site-packages/django/db/models/functions/mixins.py first seen with mtime 1736641111.3150845
2025-01-17 15:29:33,386 DEBUG autoreload 15408 139735412927360 File /home/danmarques/.local/lib/python3.13/site-packages/django/contrib/admin/views/autocomplete.py first seen with mtime 1736641110.431072
2025-01-17 15:29:33,386 DEBUG autoreload 15408 139735412927360 File /home/danmarques/.local/lib/python3.13/site-packages/django/core/management/__init__.py first seen with mtime 1736641111.2640839
2025-01-17 15:29:33,387 DEBUG autoreload 15408 139735412927360 File /home/danmarques/.local/lib/python3.13/site-packages/django/utils/lorem_ipsum.py first seen with mtime 1736641111.3720853
2025-01-17 15:29:33,387 DEBUG autoreload 15408 139735412927360 File /home/danmarques/.local/lib/python3.13/site-packages/django/core/management/base.py first seen with mtime 1736641111.2640839
2025-01-17 15:29:33,387 DEBUG autoreload 15408 139735412927360 File /home/danmarques/.local/lib/python3.13/site-packages/jazzmin/apps.py first seen with mtime 1736641114.2941265
2025-01-17 15:29:33,387 DEBUG autoreload 15408 139735412927360 File /home/danmarques/.local/lib/python3.13/site-packages/django/contrib/contenttypes/apps.py first seen with mtime 1736641110.5860744
2025-01-17 15:29:33,388 DEBUG autoreload 15408 139735412927360 File /usr/lib/python3.13/site-packages/urllib3/packages/six.py first seen with mtime 1726099200.0
2025-01-17 15:29:33,388 DEBUG autoreload 15408 139735412927360 File /home/danmarques/.local/lib/python3.13/site-packages/django/core/checks/registry.py first seen with mtime 1736641111.2450836
2025-01-17 15:29:33,388 DEBUG autoreload 15408 139735412927360 File /usr/lib64/python3.13/site-packages/PIL/ImageMode.py first seen with mtime 1728950400.0
2025-01-17 15:29:33,388 DEBUG autoreload 15408 139735412927360 File /usr/lib64/python3.13/bz2.py first seen with mtime 1733248792.0
2025-01-17 15:29:33,389 DEBUG autoreload 15408 139735412927360 File /home/danmarques/.local/lib/python3.13/site-packages/django/db/migrations/__init__.py first seen with mtime 1736641111.2950842
2025-01-17 15:29:33,389 DEBUG autoreload 15408 139735412927360 File /usr/lib64/python3.13/lib-dynload/select.cpython-313-x86_64-linux-gnu.so first seen with mtime 1733702400.0
2025-01-17 15:29:33,389 DEBUG autoreload 15408 139735412927360 File /home/danmarques/.local/lib/python3.13/site-packages/admin_interface/admin.py first seen with mtime 1736641066.6084533
2025-01-17 15:29:33,390 DEBUG autoreload 15408 139735412927360 File /home/danmarques/.local/lib/python3.13/site-packages/django/core/checks/messages.py first seen with mtime 1736641111.2450836
2025-01-17 15:29:33,390 DEBUG autoreload 15408 139735412927360 File /home/danmarques/.local/lib/python3.13/site-packages/django/db/migrations/operations/special.py first seen with mtime 1736641111.3020844
2025-01-17 15:29:33,390 DEBUG autoreload 15408 139735412927360 File /usr/lib64/python3.13/email/encoders.py first seen with mtime 1733248792.0
2025-01-17 15:29:33,391 DEBUG autoreload 15408 139735412927360 File /home/danmarques/.local/lib/python3.13/site-packages/django/contrib/admin/views/main.py first seen with mtime 1736641110.431072
2025-01-17 15:29:33,391 DEBUG autoreload 15408 139735412927360 File /home/danmarques/.local/lib/python3.13/site-packages/django/db/models/query_utils.py first seen with mtime 1736641111.3080845
2025-01-17 15:29:33,391 DEBUG autoreload 15408 139735412927360 File /home/danmarques/.local/lib/python3.13/site-packages/django/conf/urls/static.py first seen with mtime 1736641110.221069
2025-01-17 15:29:33,391 DEBUG autoreload 15408 139735412927360 File /home/danmarques/.local/lib/python3.13/site-packages/django/core/management/color.py first seen with mtime 1736641111.2650838
2025-01-17 15:29:33,391 DEBUG autoreload 15408 139735412927360 File /usr/lib/python3.13/site-packages/requests/__version__.py first seen with mtime 1722470400.0
2025-01-17 15:29:33,392 DEBUG autoreload 15408 139735412927360 File /usr/lib64/python3.13/importlib/metadata/_functools.py first seen with mtime 1733248792.0
2025-01-17 15:29:33,392 DEBUG autoreload 15408 139735412927360 File /home/danmarques/.local/lib/python3.13/site-packages/django/db/models/fields/proxy.py first seen with mtime 1736641111.3110845
2025-01-17 15:29:33,392 DEBUG autoreload 15408 139735412927360 File /usr/lib64/python3.13/pathlib/_local.py first seen with mtime 1733248792.0
2025-01-17 15:29:33,393 DEBUG autoreload 15408 139735412927360 File /usr/lib64/python3.13/zoneinfo/__init__.py first seen with mtime 1733248792.0
2025-01-17 15:29:33,393 DEBUG autoreload 15408 139735412927360 File /home/danmarques/Documents/Workplace/organixhub-main/userauths/models.py first seen with mtime 1736694202.9229128
2025-01-17 15:29:33,393 DEBUG autoreload 15408 139735412927360 File /usr/lib64/python3.13/site-packages/PIL/ExifTags.py first seen with mtime 1728950400.0
2025-01-17 15:29:33,394 DEBUG autoreload 15408 139735412927360 File /usr/lib64/python3.13/site-packages/PIL/TiffTags.py first seen with mtime 1728950400.0
2025-01-17 15:29:33,394 DEBUG autoreload 15408 139735412927360 File /usr/lib64/python3.13/asyncio/timeouts.py first seen with mtime 1733248792.0
2025-01-17 15:29:33,394 DEBUG autoreload 15408 139735412927360 File /home/danmarques/.local/lib/python3.13/site-packages/colorfield/templates/colorfield first seen with mtime 1736641066.443451
2025-01-17 15:29:33,395 DEBUG autoreload 15408 139735412927360 File /home/danmarques/.local/lib/python3.13/site-packages/colorfield/templates/colorfield/color.html first seen with mtime 1736641066.443451
2025-01-17 15:29:33,395 DEBUG autoreload 15408 139735412927360 File /home/danmarques/.local/lib/python3.13/site-packages/taggit/templates/admin first seen with mtime 1736641174.6909795
2025-01-17 15:29:33,396 DEBUG autoreload 15408 139735412927360 File /home/danmarques/.local/lib/python3.13/site-packages/taggit/templates/admin/taggit first seen with mtime 1736641174.6919796
2025-01-17 15:29:33,397 DEBUG autoreload 15408 139735412927360 File /home/danmarques/.local/lib/python3.13/site-packages/taggit/templates/admin/taggit/merge_tags_form.html first seen with mtime 1736641174.6919796
2025-01-17 15:29:33,397 DEBUG autoreload 15408 139735412927360 File /home/danmarques/Documents/Workplace/organixhub-main/templates/core first seen with mtime 1736694202.8999126
2025-01-17 15:29:33,398 DEBUG autoreload 15408 139735412927360 File /home/danmarques/Documents/Workplace/organixhub-main/templates/partials first seen with mtime 1736694202.8999126
2025-01-17 15:29:33,398 DEBUG autoreload 15408 139735412927360 File /home/danmarques/Documents/Workplace/organixhub-main/templates/userauths first seen with mtime 1736694202.9009125
2025-01-17 15:29:33,398 DEBUG autoreload 15408 139735412927360 File /home/danmarques/Documents/Workplace/organixhub-main/templates/core/about.html first seen with mtime 1736694202.8889124
2025-01-17 15:29:33,399 DEBUG autoreload 15408 139735412927360 File /home/danmarques/Documents/Workplace/organixhub-main/templates/core/async first seen with mtime 1736694202.8909125
2025-01-17 15:29:33,399 DEBUG autoreload 15408 139735412927360 File /home/danmarques/Documents/Workplace/organixhub-main/templates/core/cart.html first seen with mtime 1736694202.8909125
2025-01-17 15:29:33,400 DEBUG autoreload 15408 139735412927360 File /home/danmarques/Documents/Workplace/organixhub-main/templates/core/category-list.html first seen with mtime 1736694202.8919125
2025-01-17 15:29:33,400 DEBUG autoreload 15408 139735412927360 File /home/danmarques/Documents/Workplace/organixhub-main/templates/core/category-product-list.html first seen with mtime 1736694202.8919125
2025-01-17 15:29:33,401 DEBUG autoreload 15408 139735412927360 File /home/danmarques/Documents/Workplace/organixhub-main/templates/core/checkout.html first seen with mtime 1737134860.527745
2025-01-17 15:29:33,401 DEBUG autoreload 15408 139735412927360 File /home/danmarques/Documents/Workplace/organixhub-main/templates/core/contact.html first seen with mtime 1736694202.8919125
2025-01-17 15:29:33,401 DEBUG autoreload 15408 139735412927360 File /home/danmarques/Documents/Workplace/organixhub-main/templates/core/dashboard.html first seen with mtime 1736694202.8939126
2025-01-17 15:29:33,402 DEBUG autoreload 15408 139735412927360 File /home/danmarques/Documents/Workplace/organixhub-main/templates/core/index.html first seen with mtime 1736797366.4591491
2025-01-17 15:29:33,402 DEBUG autoreload 15408 139735412927360 File /home/danmarques/Documents/Workplace/organixhub-main/templates/core/order-detail.html first seen with mtime 1736694202.8939126
2025-01-17 15:29:33,402 DEBUG autoreload 15408 139735412927360 File /home/danmarques/Documents/Workplace/organixhub-main/templates/core/payment-completed.html first seen with mtime 1737131960.5682554
2025-01-17 15:29:33,403 DEBUG autoreload 15408 139735412927360 File /home/danmarques/Documents/Workplace/organixhub-main/templates/core/payment-failed.html first seen with mtime 1736694202.8949125
2025-01-17 15:29:33,403 DEBUG autoreload 15408 139735412927360 File /home/danmarques/Documents/Workplace/organixhub-main/templates/core/privacy-policy.html first seen with mtime 1736694202.8949125
2025-01-17 15:29:33,404 DEBUG autoreload 15408 139735412927360 File /home/danmarques/Documents/Workplace/organixhub-main/templates/core/product-detail.html first seen with mtime 1736694202.8949125
2025-01-17 15:29:33,404 DEBUG autoreload 15408 139735412927360 File /home/danmarques/Documents/Workplace/organixhub-main/templates/core/product-list.html first seen with mtime 1736694202.8969126
2025-01-17 15:29:33,404 DEBUG autoreload 15408 139735412927360 File /home/danmarques/Documents/Workplace/organixhub-main/templates/core/purchase-guide.html first seen with mtime 1736694202.8969126
2025-01-17 15:29:33,405 DEBUG autoreload 15408 139735412927360 File /home/danmarques/Documents/Workplace/organixhub-main/templates/core/search.html first seen with mtime 1736694202.8969126
2025-01-17 15:29:33,405 DEBUG autoreload 15408 139735412927360 File /home/danmarques/Documents/Workplace/organixhub-main/templates/core/service-terms.html first seen with mtime 1736694202.8969126
2025-01-17 15:29:33,406 DEBUG autoreload 15408 139735412927360 File /home/danmarques/Documents/Workplace/organixhub-main/templates/core/tag.html first seen with mtime 1736694202.8969126
2025-01-17 15:29:33,406 DEBUG autoreload 15408 139735412927360 File /home/danmarques/Documents/Workplace/organixhub-main/templates/core/vendor-detail.html first seen with mtime 1736694202.8999126
2025-01-17 15:29:33,406 DEBUG autoreload 15408 139735412927360 File /home/danmarques/Documents/Workplace/organixhub-main/templates/core/vendor-list.html first seen with mtime 1736694202.8999126
2025-01-17 15:29:33,406 DEBUG autoreload 15408 139735412927360 File /home/danmarques/Documents/Workplace/organixhub-main/templates/core/wishlist.html first seen with mtime 1736694202.8999126
2025-01-17 15:29:33,406 DEBUG autoreload 15408 139735412927360 File /home/danmarques/Documents/Workplace/organixhub-main/templates/partials/base.html first seen with mtime 1737124305.8098993
2025-01-17 15:29:33,407 DEBUG autoreload 15408 139735412927360 File /home/danmarques/Documents/Workplace/organixhub-main/templates/userauths/profile-edit.html first seen with mtime 1736694202.9009125
2025-01-17 15:29:33,407 DEBUG autoreload 15408 139735412927360 File /home/danmarques/Documents/Workplace/organixhub-main/templates/userauths/sign-in.html first seen with mtime 1736694202.9009125
2025-01-17 15:29:33,407 DEBUG autoreload 15408 139735412927360 File /home/danmarques/Documents/Workplace/organixhub-main/templates/userauths/sign-up.html first seen with mtime 1736694202.9009125
2025-01-17 15:29:33,408 DEBUG autoreload 15408 139735412927360 File /home/danmarques/Documents/Workplace/organixhub-main/templates/core/async/cart-list.html first seen with mtime 1736694202.8889124
2025-01-17 15:29:33,409 DEBUG autoreload 15408 139735412927360 File /home/danmarques/Documents/Workplace/organixhub-main/templates/core/async/product-list.html first seen with mtime 1736694202.8909125
2025-01-17 15:29:33,409 DEBUG autoreload 15408 139735412927360 File /home/danmarques/Documents/Workplace/organixhub-main/templates/core/async/wishlist-list.html first seen with mtime 1736694202.8909125
2025-01-17 15:29:33,410 DEBUG autoreload 15408 139735412927360 File /home/danmarques/.local/lib/python3.13/site-packages/django_ckeditor_5/templates/django_ckeditor_5 first seen with mtime 1736641290.0796092
2025-01-17 15:29:33,411 DEBUG autoreload 15408 139735412927360 File /home/danmarques/.local/lib/python3.13/site-packages/django_ckeditor_5/templates/django_ckeditor_5/widget.html first seen with mtime 1736641290.0796092
2025-01-17 15:29:33,411 DEBUG autoreload 15408 139735412927360 File /home/danmarques/.local/lib/python3.13/site-packages/admin_interface/templates/admin first seen with mtime 1736641066.6534538
2025-01-17 15:29:33,412 DEBUG autoreload 15408 139735412927360 File /home/danmarques/.local/lib/python3.13/site-packages/admin_interface/templates/admin_interface first seen with mtime 1736641066.6564538
2025-01-17 15:29:33,412 DEBUG autoreload 15408 139735412927360 File /home/danmarques/.local/lib/python3.13/site-packages/admin_interface/templates/admin/base_site.html first seen with mtime 1736641066.652454
2025-01-17 15:29:33,413 DEBUG autoreload 15408 139735412927360 File /home/danmarques/.local/lib/python3.13/site-packages/admin_interface/templates/admin/change_form.html first seen with mtime 1736641066.652454
2025-01-17 15:29:33,413 DEBUG autoreload 15408 139735412927360 File /home/danmarques/.local/lib/python3.13/site-packages/admin_interface/templates/admin/change_list.html first seen with mtime 1736641066.652454
2025-01-17 15:29:33,413 DEBUG autoreload 15408 139735412927360 File /home/danmarques/.local/lib/python3.13/site-packages/admin_interface/templates/admin/filter.html first seen with mtime 1736641066.6534538
2025-01-17 15:29:33,414 DEBUG autoreload 15408 139735412927360 File /home/danmarques/.local/lib/python3.13/site-packages/admin_interface/templates/admin/popup_response.html first seen with mtime 1736641066.6534538
2025-01-17 15:29:33,414 DEBUG autoreload 15408 139735412927360 File /home/danmarques/.local/lib/python3.13/site-packages/admin_interface/templates/admin/edit_inline first seen with mtime 1736641066.6534538
2025-01-17 15:29:33,414 DEBUG autoreload 15408 139735412927360 File /home/danmarques/.local/lib/python3.13/site-packages/admin_interface/templates/admin/includes first seen with mtime 1736641066.6534538
2025-01-17 15:29:33,415 DEBUG autoreload 15408 139735412927360 File /home/danmarques/.local/lib/python3.13/site-packages/admin_interface/templates/admin_interface/collapsible-inlines.html first seen with mtime 1736641066.6544538
2025-01-17 15:29:33,415 DEBUG autoreload 15408 139735412927360 File /home/danmarques/.local/lib/python3.13/site-packages/admin_interface/templates/admin_interface/date_hierarchy_removal_link.html first seen with mtime 1736641066.6544538
2025-01-17 15:29:33,416 DEBUG autoreload 15408 139735412927360 File /home/danmarques/.local/lib/python3.13/site-packages/admin_interface/templates/admin_interface/dropdown_filter.html first seen with mtime 1736641066.6544538
2025-01-17 15:29:33,416 DEBUG autoreload 15408 139735412927360 File /home/danmarques/.local/lib/python3.13/site-packages/admin_interface/templates/admin_interface/favicon.html first seen with mtime 1736641066.655454
2025-01-17 15:29:33,416 DEBUG autoreload 15408 139735412927360 File /home/danmarques/.local/lib/python3.13/site-packages/admin_interface/templates/admin_interface/foldable-apps.html first seen with mtime 1736641066.655454
2025-01-17 15:29:33,417 DEBUG autoreload 15408 139735412927360 File /home/danmarques/.local/lib/python3.13/site-packages/admin_interface/templates/admin_interface/language_chooser.html first seen with mtime 1736641066.655454
2025-01-17 15:29:33,417 DEBUG autoreload 15408 139735412927360 File /home/danmarques/.local/lib/python3.13/site-packages/admin_interface/templates/admin_interface/list_filter_removal_link.html first seen with mtime 1736641066.6564538
2025-01-17 15:29:33,417 DEBUG autoreload 15408 139735412927360 File /home/danmarques/.local/lib/python3.13/site-packages/admin_interface/templates/admin_interface/related-modal.html first seen with mtime 1736641066.6564538
2025-01-17 15:29:33,418 DEBUG autoreload 15408 139735412927360 File /home/danmarques/.local/lib/python3.13/site-packages/admin_interface/templates/admin/edit_inline/headerless_stacked.html first seen with mtime 1736641066.6534538
2025-01-17 15:29:33,418 DEBUG autoreload 15408 139735412927360 File /home/danmarques/.local/lib/python3.13/site-packages/admin_interface/templates/admin/edit_inline/headerless_tabular.html first seen with mtime 1736641066.6534538
2025-01-17 15:29:33,418 DEBUG autoreload 15408 139735412927360 File /home/danmarques/.local/lib/python3.13/site-packages/admin_interface/templates/admin/includes/headerless_fieldset.html first seen with mtime 1736641066.6544538
2025-01-17 15:29:33,419 DEBUG autoreload 15408 139735412927360 File /home/danmarques/.local/lib/python3.13/site-packages/jazzmin/templates/admin first seen with mtime 1736641114.461129
2025-01-17 15:29:33,419 DEBUG autoreload 15408 139735412927360 File /home/danmarques/.local/lib/python3.13/site-packages/jazzmin/templates/admin_doc first seen with mtime 1736641114.465129
2025-01-17 15:29:33,419 DEBUG autoreload 15408 139735412927360 File /home/danmarques/.local/lib/python3.13/site-packages/jazzmin/templates/jazzmin first seen with mtime 1736641114.4681292
2025-01-17 15:29:33,419 DEBUG autoreload 15408 139735412927360 File /home/danmarques/.local/lib/python3.13/site-packages/jazzmin/templates/registration first seen with mtime 1736641114.4711292
2025-01-17 15:29:33,419 DEBUG autoreload 15408 139735412927360 File /home/danmarques/.local/lib/python3.13/site-packages/jazzmin/templates/admin/actions.html first seen with mtime 1736641114.4431288
2025-01-17 15:29:33,420 DEBUG autoreload 15408 139735412927360 File /home/danmarques/.local/lib/python3.13/site-packages/jazzmin/templates/admin/app_index.html first seen with mtime 1736641114.4441288
2025-01-17 15:29:33,420 DEBUG autoreload 15408 139735412927360 File /home/danmarques/.local/lib/python3.13/site-packages/jazzmin/templates/admin/auth first seen with mtime 1736641114.4441288
2025-01-17 15:29:33,420 DEBUG autoreload 15408 139735412927360 File /home/danmarques/.local/lib/python3.13/site-packages/jazzmin/templates/admin/base.html first seen with mtime 1736641114.4451287
2025-01-17 15:29:33,421 DEBUG autoreload 15408 139735412927360 File /home/danmarques/.local/lib/python3.13/site-packages/jazzmin/templates/admin/base_site.html first seen with mtime 1736641114.4461288
2025-01-17 15:29:33,421 DEBUG autoreload 15408 139735412927360 File /home/danmarques/.local/lib/python3.13/site-packages/jazzmin/templates/admin/change_form.html first seen with mtime 1736641114.4461288
2025-01-17 15:29:33,422 DEBUG autoreload 15408 139735412927360 File /home/danmarques/.local/lib/python3.13/site-packages/jazzmin/templates/admin/change_form_object_tools.html first seen with mtime 1736641114.4461288
2025-01-17 15:29:33,422 DEBUG autoreload 15408 139735412927360 File /home/danmarques/.local/lib/python3.13/site-packages/jazzmin/templates/admin/change_list.html first seen with mtime 1736641114.4471288
2025-01-17 15:29:33,422 DEBUG autoreload 15408 139735412927360 File /home/danmarques/.local/lib/python3.13/site-packages/jazzmin/templates/admin/change_list_object_tools.html first seen with mtime 1736641114.4471288
2025-01-17 15:29:33,423 DEBUG autoreload 15408 139735412927360 File /home/danmarques/.local/lib/python3.13/site-packages/jazzmin/templates/admin/change_list_results.html first seen with mtime 1736641114.4481287
2025-01-17 15:29:33,423 DEBUG autoreload 15408 139735412927360 File /home/danmarques/.local/lib/python3.13/site-packages/jazzmin/templates/admin/date_hierarchy.html first seen with mtime 1736641114.4481287
2025-01-17 15:29:33,424 DEBUG autoreload 15408 139735412927360 File /home/danmarques/.local/lib/python3.13/site-packages/jazzmin/templates/admin/delete_confirmation.html first seen with mtime 1736641114.4481287
2025-01-17 15:29:33,424 DEBUG autoreload 15408 139735412927360 File /home/danmarques/.local/lib/python3.13/site-packages/jazzmin/templates/admin/delete_selected_confirmation.html first seen with mtime 1736641114.4491289
2025-01-17 15:29:33,424 DEBUG autoreload 15408 139735412927360 File /home/danmarques/.local/lib/python3.13/site-packages/jazzmin/templates/admin/edit_inline first seen with mtime 1736641114.4501288
2025-01-17 15:29:33,425 DEBUG autoreload 15408 139735412927360 File /home/danmarques/.local/lib/python3.13/site-packages/jazzmin/templates/admin/filer first seen with mtime 1736641114.4531288
2025-01-17 15:29:33,425 DEBUG autoreload 15408 139735412927360 File /home/danmarques/.local/lib/python3.13/site-packages/jazzmin/templates/admin/filter.html first seen with mtime 1736641114.4541287
2025-01-17 15:29:33,426 DEBUG autoreload 15408 139735412927360 File /home/danmarques/.local/lib/python3.13/site-packages/jazzmin/templates/admin/import_export first seen with mtime 1736641114.457129
2025-01-17 15:29:33,426 DEBUG autoreload 15408 139735412927360 File /home/danmarques/.local/lib/python3.13/site-packages/jazzmin/templates/admin/includes first seen with mtime 1736641114.458129
2025-01-17 15:29:33,426 DEBUG autoreload 15408 139735412927360 File /home/danmarques/.local/lib/python3.13/site-packages/jazzmin/templates/admin/index.html first seen with mtime 1736641114.458129
2025-01-17 15:29:33,427 DEBUG autoreload 15408 139735412927360 File /home/danmarques/.local/lib/python3.13/site-packages/jazzmin/templates/admin/login.html first seen with mtime 1736641114.4591289
2025-01-17 15:29:33,427 DEBUG autoreload 15408 139735412927360 File /home/danmarques/.local/lib/python3.13/site-packages/jazzmin/templates/admin/mptt_filter.html first seen with mtime 1736641114.4591289
2025-01-17 15:29:33,428 DEBUG autoreload 15408 139735412927360 File /home/danmarques/.local/lib/python3.13/site-packages/jazzmin/templates/admin/object_history.html first seen with mtime 1736641114.460129
2025-01-17 15:29:33,428 DEBUG autoreload 15408 139735412927360 File /home/danmarques/.local/lib/python3.13/site-packages/jazzmin/templates/admin/pagination.html first seen with mtime 1736641114.460129
2025-01-17 15:29:33,428 DEBUG autoreload 15408 139735412927360 File /home/danmarques/.local/lib/python3.13/site-packages/jazzmin/templates/admin/popup_response.html first seen with mtime 1736641114.460129
2025-01-17 15:29:33,429 DEBUG autoreload 15408 139735412927360 File /home/danmarques/.local/lib/python3.13/site-packages/jazzmin/templates/admin/search_form.html first seen with mtime 1736641114.460129
2025-01-17 15:29:33,429 DEBUG autoreload 15408 139735412927360 File /home/danmarques/.local/lib/python3.13/site-packages/jazzmin/templates/admin/solo first seen with mtime 1736641114.461129
2025-01-17 15:29:33,429 DEBUG autoreload 15408 139735412927360 File /home/danmarques/.local/lib/python3.13/site-packages/jazzmin/templates/admin/submit_line.html first seen with mtime 1736641114.4621289
2025-01-17 15:29:33,430 DEBUG autoreload 15408 139735412927360 File /home/danmarques/.local/lib/python3.13/site-packages/jazzmin/templates/admin_doc/base_docs.html first seen with mtime 1736641114.4621289
2025-01-17 15:29:33,430 DEBUG autoreload 15408 139735412927360 File /home/danmarques/.local/lib/python3.13/site-packages/jazzmin/templates/admin_doc/bookmarklets.html first seen with mtime 1736641114.4621289
2025-01-17 15:29:33,431 DEBUG autoreload 15408 139735412927360 File /home/danmarques/.local/lib/python3.13/site-packages/jazzmin/templates/admin_doc/index.html first seen with mtime 1736641114.463129
2025-01-17 15:29:33,431 DEBUG autoreload 15408 139735412927360 File /home/danmarques/.local/lib/python3.13/site-packages/jazzmin/templates/admin_doc/missing_docutils.html first seen with mtime 1736641114.463129
2025-01-17 15:29:33,432 DEBUG autoreload 15408 139735412927360 File /home/danmarques/.local/lib/python3.13/site-packages/jazzmin/templates/admin_doc/model_detail.html first seen with mtime 1736641114.463129
2025-01-17 15:29:33,432 DEBUG autoreload 15408 139735412927360 File /home/danmarques/.local/lib/python3.13/site-packages/jazzmin/templates/admin_doc/model_index.html first seen with mtime 1736641114.464129
2025-01-17 15:29:33,433 DEBUG autoreload 15408 139735412927360 File /home/danmarques/.local/lib/python3.13/site-packages/jazzmin/templates/admin_doc/template_detail.html first seen with mtime 1736641114.464129
2025-01-17 15:29:33,433 DEBUG autoreload 15408 139735412927360 File /home/danmarques/.local/lib/python3.13/site-packages/jazzmin/templates/admin_doc/template_filter_index.html first seen with mtime 1736641114.464129
2025-01-17 15:29:33,433 DEBUG autoreload 15408 139735412927360 File /home/danmarques/.local/lib/python3.13/site-packages/jazzmin/templates/admin_doc/template_tag_index.html first seen with mtime 1736641114.465129
2025-01-17 15:29:33,434 DEBUG autoreload 15408 139735412927360 File /home/danmarques/.local/lib/python3.13/site-packages/jazzmin/templates/admin_doc/view_detail.html first seen with mtime 1736641114.465129
2025-01-17 15:29:33,434 DEBUG autoreload 15408 139735412927360 File /home/danmarques/.local/lib/python3.13/site-packages/jazzmin/templates/admin_doc/view_index.html first seen with mtime 1736641114.465129
2025-01-17 15:29:33,434 DEBUG autoreload 15408 139735412927360 File /home/danmarques/.local/lib/python3.13/site-packages/jazzmin/templates/jazzmin/includes first seen with mtime 1736641114.4681292
2025-01-17 15:29:33,435 DEBUG autoreload 15408 139735412927360 File /home/danmarques/.local/lib/python3.13/site-packages/jazzmin/templates/jazzmin/widgets first seen with mtime 1736641114.4681292
2025-01-17 15:29:33,435 DEBUG autoreload 15408 139735412927360 File /home/danmarques/.local/lib/python3.13/site-packages/jazzmin/templates/registration/base.html first seen with mtime 1736641114.469129
2025-01-17 15:29:33,436 DEBUG autoreload 15408 139735412927360 File /home/danmarques/.local/lib/python3.13/site-packages/jazzmin/templates/registration/logged_out.html first seen with mtime 1736641114.469129
2025-01-17 15:29:33,436 DEBUG autoreload 15408 139735412927360 File /home/danmarques/.local/lib/python3.13/site-packages/jazzmin/templates/registration/password_change_done.html first seen with mtime 1736641114.470129
2025-01-17 15:29:33,436 DEBUG autoreload 15408 139735412927360 File /home/danmarques/.local/lib/python3.13/site-packages/jazzmin/templates/registration/password_change_form.html first seen with mtime 1736641114.470129
2025-01-17 15:29:33,437 DEBUG autoreload 15408 139735412927360 File /home/danmarques/.local/lib/python3.13/site-packages/jazzmin/templates/registration/password_reset_complete.html first seen with mtime 1736641114.470129
2025-01-17 15:29:33,437 DEBUG autoreload 15408 139735412927360 File /home/danmarques/.local/lib/python3.13/site-packages/jazzmin/templates/registration/password_reset_confirm.html first seen with mtime 1736641114.4711292
2025-01-17 15:29:33,438 DEBUG autoreload 15408 139735412927360 File /home/danmarques/.local/lib/python3.13/site-packages/jazzmin/templates/registration/password_reset_done.html first seen with mtime 1736641114.4711292
2025-01-17 15:29:33,438 DEBUG autoreload 15408 139735412927360 File /home/danmarques/.local/lib/python3.13/site-packages/jazzmin/templates/registration/password_reset_form.html first seen with mtime 1736641114.4711292
2025-01-17 15:29:33,439 DEBUG autoreload 15408 139735412927360 File /home/danmarques/.local/lib/python3.13/site-packages/jazzmin/templates/jazzmin/includes/carousel.html first seen with mtime 1736641114.466129
2025-01-17 15:29:33,439 DEBUG autoreload 15408 139735412927360 File /home/danmarques/.local/lib/python3.13/site-packages/jazzmin/templates/jazzmin/includes/collapsible.html first seen with mtime 1736641114.466129
2025-01-17 15:29:33,439 DEBUG autoreload 15408 139735412927360 File /home/danmarques/.local/lib/python3.13/site-packages/jazzmin/templates/jazzmin/includes/horizontal_tabs.html first seen with mtime 1736641114.467129
2025-01-17 15:29:33,440 DEBUG autoreload 15408 139735412927360 File /home/danmarques/.local/lib/python3.13/site-packages/jazzmin/templates/jazzmin/includes/related_modal.html first seen with mtime 1736641114.467129
2025-01-17 15:29:33,440 DEBUG autoreload 15408 139735412927360 File /home/danmarques/.local/lib/python3.13/site-packages/jazzmin/templates/jazzmin/includes/single.html first seen with mtime 1736641114.467129
2025-01-17 15:29:33,440 DEBUG autoreload 15408 139735412927360 File /home/danmarques/.local/lib/python3.13/site-packages/jazzmin/templates/jazzmin/includes/ui_builder_panel.html first seen with mtime 1736641114.4681292
2025-01-17 15:29:33,441 DEBUG autoreload 15408 139735412927360 File /home/danmarques/.local/lib/python3.13/site-packages/jazzmin/templates/jazzmin/includes/vertical_tabs.html first seen with mtime 1736641114.4681292
2025-01-17 15:29:33,441 DEBUG autoreload 15408 139735412927360 File /home/danmarques/.local/lib/python3.13/site-packages/jazzmin/templates/jazzmin/widgets/select.html first seen with mtime 1736641114.469129
2025-01-17 15:29:33,442 DEBUG autoreload 15408 139735412927360 File /home/danmarques/.local/lib/python3.13/site-packages/jazzmin/templates/admin/auth/user first seen with mtime 1736641114.4451287
2025-01-17 15:29:33,443 DEBUG autoreload 15408 139735412927360 File /home/danmarques/.local/lib/python3.13/site-packages/jazzmin/templates/admin/edit_inline/stacked.html first seen with mtime 1736641114.4491289
2025-01-17 15:29:33,443 DEBUG autoreload 15408 139735412927360 File /home/danmarques/.local/lib/python3.13/site-packages/jazzmin/templates/admin/edit_inline/tabular.html first seen with mtime 1736641114.4501288
2025-01-17 15:29:33,444 DEBUG autoreload 15408 139735412927360 File /home/danmarques/.local/lib/python3.13/site-packages/jazzmin/templates/admin/filer/breadcrumbs.html first seen with mtime 1736641114.4501288
2025-01-17 15:29:33,444 DEBUG autoreload 15408 139735412927360 File /home/danmarques/.local/lib/python3.13/site-packages/jazzmin/templates/admin/filer/change_form.html first seen with mtime 1736641114.4511287
2025-01-17 15:29:33,444 DEBUG autoreload 15408 139735412927360 File /home/danmarques/.local/lib/python3.13/site-packages/jazzmin/templates/admin/filer/delete_selected_files_confirmation.html first seen with mtime 1736641114.4511287
2025-01-17 15:29:33,445 DEBUG autoreload 15408 139735412927360 File /home/danmarques/.local/lib/python3.13/site-packages/jazzmin/templates/admin/filer/file first seen with mtime 1736641114.4511287
2025-01-17 15:29:33,445 DEBUG autoreload 15408 139735412927360 File /home/danmarques/.local/lib/python3.13/site-packages/jazzmin/templates/admin/filer/folder first seen with mtime 1736641114.452129
2025-01-17 15:29:33,445 DEBUG autoreload 15408 139735412927360 File /home/danmarques/.local/lib/python3.13/site-packages/jazzmin/templates/admin/filer/image first seen with mtime 1736641114.4531288
2025-01-17 15:29:33,446 DEBUG autoreload 15408 139735412927360 File /home/danmarques/.local/lib/python3.13/site-packages/jazzmin/templates/admin/filer/tools first seen with mtime 1736641114.4531288
2025-01-17 15:29:33,446 DEBUG autoreload 15408 139735412927360 File /home/danmarques/.local/lib/python3.13/site-packages/jazzmin/templates/admin/import_export/base.html first seen with mtime 1736641114.4541287
2025-01-17 15:29:33,447 DEBUG autoreload 15408 139735412927360 File /home/danmarques/.local/lib/python3.13/site-packages/jazzmin/templates/admin/import_export/change_list.html first seen with mtime 1736641114.4541287
2025-01-17 15:29:33,447 DEBUG autoreload 15408 139735412927360 File /home/danmarques/.local/lib/python3.13/site-packages/jazzmin/templates/admin/import_export/change_list_export.html first seen with mtime 1736641114.455129
2025-01-17 15:29:33,447 DEBUG autoreload 15408 139735412927360 File /home/danmarques/.local/lib/python3.13/site-packages/jazzmin/templates/admin/import_export/change_list_export_item.html first seen with mtime 1736641114.455129
2025-01-17 15:29:33,448 DEBUG autoreload 15408 139735412927360 File /home/danmarques/.local/lib/python3.13/site-packages/jazzmin/templates/admin/import_export/change_list_import.html first seen with mtime 1736641114.455129
2025-01-17 15:29:33,448 DEBUG autoreload 15408 139735412927360 File /home/danmarques/.local/lib/python3.13/site-packages/jazzmin/templates/admin/import_export/change_list_import_export.html first seen with mtime 1736641114.4561288
2025-01-17 15:29:33,449 DEBUG autoreload 15408 139735412927360 File /home/danmarques/.local/lib/python3.13/site-packages/jazzmin/templates/admin/import_export/change_list_import_item.html first seen with mtime 1736641114.4561288
2025-01-17 15:29:33,449 DEBUG autoreload 15408 139735412927360 File /home/danmarques/.local/lib/python3.13/site-packages/jazzmin/templates/admin/import_export/export.html first seen with mtime 1736641114.457129
2025-01-17 15:29:33,449 DEBUG autoreload 15408 139735412927360 File /home/danmarques/.local/lib/python3.13/site-packages/jazzmin/templates/admin/import_export/import.html first seen with mtime 1736641114.457129
2025-01-17 15:29:33,450 DEBUG autoreload 15408 139735412927360 File /home/danmarques/.local/lib/python3.13/site-packages/jazzmin/templates/admin/includes/fieldset.html first seen with mtime 1736641114.458129
2025-01-17 15:29:33,450 DEBUG autoreload 15408 139735412927360 File /home/danmarques/.local/lib/python3.13/site-packages/jazzmin/templates/admin/includes/object_delete_summary.html first seen with mtime 1736641114.458129
2025-01-17 15:29:33,450 DEBUG autoreload 15408 139735412927360 File /home/danmarques/.local/lib/python3.13/site-packages/jazzmin/templates/admin/solo/change_form.html first seen with mtime 1736641114.461129
2025-01-17 15:29:33,451 DEBUG autoreload 15408 139735412927360 File /home/danmarques/.local/lib/python3.13/site-packages/jazzmin/templates/admin/solo/object_history.html first seen with mtime 1736641114.461129
2025-01-17 15:29:33,452 DEBUG autoreload 15408 139735412927360 File /home/danmarques/.local/lib/python3.13/site-packages/jazzmin/templates/admin/filer/file/change_form.html first seen with mtime 1736641114.4511287
2025-01-17 15:29:33,452 DEBUG autoreload 15408 139735412927360 File /home/danmarques/.local/lib/python3.13/site-packages/jazzmin/templates/admin/filer/folder/change_form.html first seen with mtime 1736641114.452129
2025-01-17 15:29:33,452 DEBUG autoreload 15408 139735412927360 File /home/danmarques/.local/lib/python3.13/site-packages/jazzmin/templates/admin/filer/folder/directory_listing.html first seen with mtime 1736641114.452129
2025-01-17 15:29:33,452 DEBUG autoreload 15408 139735412927360 File /home/danmarques/.local/lib/python3.13/site-packages/jazzmin/templates/admin/filer/image/change_form.html first seen with mtime 1736641114.4531288
2025-01-17 15:29:33,453 DEBUG autoreload 15408 139735412927360 File /home/danmarques/.local/lib/python3.13/site-packages/jazzmin/templates/admin/filer/tools/detail_info.html first seen with mtime 1736641114.4531288
2025-01-17 15:29:33,454 DEBUG autoreload 15408 139735412927360 File /home/danmarques/.local/lib/python3.13/site-packages/jazzmin/templates/admin/auth/user/add_form.html first seen with mtime 1736641114.4441288
2025-01-17 15:29:33,454 DEBUG autoreload 15408 139735412927360 File /home/danmarques/.local/lib/python3.13/site-packages/jazzmin/templates/admin/auth/user/change_password.html first seen with mtime 1736641114.4451287
2025-01-17 15:29:33,455 DEBUG autoreload 15408 139735412927360 File /home/danmarques/.local/lib/python3.13/site-packages/paypal/standard/ipn/templates/ipn first seen with mtime 1736641150.7366412
2025-01-17 15:29:33,455 DEBUG autoreload 15408 139735412927360 File /home/danmarques/.local/lib/python3.13/site-packages/paypal/standard/ipn/templates/ipn/ipn.html first seen with mtime 1736641150.7356412
2025-01-17 15:29:33,456 DEBUG autoreload 15408 139735412927360 File /home/danmarques/.local/lib/python3.13/site-packages/paypal/standard/ipn/templates/ipn/ipn_test.html first seen with mtime 1736641150.7366412
2025-01-17 15:29:33,456 DEBUG autoreload 15408 139735412927360 File /home/danmarques/.local/lib/python3.13/site-packages/paypal/standard/ipn/templates/ipn/paypal.html first seen with mtime 1736641150.7366412
2025-01-17 15:29:33,458 DEBUG autoreload 15408 139735412927360 File /home/danmarques/.local/lib/python3.13/site-packages/admin_interface/locale/tr/LC_MESSAGES/django.mo first seen with mtime 1736641066.6224535
2025-01-17 15:29:33,459 DEBUG autoreload 15408 139735412927360 File /home/danmarques/.local/lib/python3.13/site-packages/admin_interface/locale/ru/LC_MESSAGES/django.mo first seen with mtime 1736641066.6204534
2025-01-17 15:29:33,459 DEBUG autoreload 15408 139735412927360 File /home/danmarques/.local/lib/python3.13/site-packages/admin_interface/locale/pt_BR/LC_MESSAGES/django.mo first seen with mtime 1736641066.6204534
2025-01-17 15:29:33,460 DEBUG autoreload 15408 139735412927360 File /home/danmarques/.local/lib/python3.13/site-packages/admin_interface/locale/pl/LC_MESSAGES/django.mo first seen with mtime 1736641066.6164534
2025-01-17 15:29:33,460 DEBUG autoreload 15408 139735412927360 File /home/danmarques/.local/lib/python3.13/site-packages/admin_interface/locale/it/LC_MESSAGES/django.mo first seen with mtime 1736641066.6154532
2025-01-17 15:29:33,461 DEBUG autoreload 15408 139735412927360 File /home/danmarques/.local/lib/python3.13/site-packages/admin_interface/locale/fr/LC_MESSAGES/django.mo first seen with mtime 1736641066.6144533
2025-01-17 15:29:33,462 DEBUG autoreload 15408 139735412927360 File /home/danmarques/.local/lib/python3.13/site-packages/admin_interface/locale/fa/LC_MESSAGES/django.mo first seen with mtime 1736641066.6134531
2025-01-17 15:29:33,462 DEBUG autoreload 15408 139735412927360 File /home/danmarques/.local/lib/python3.13/site-packages/admin_interface/locale/es/LC_MESSAGES/django.mo first seen with mtime 1736641066.6124532
2025-01-17 15:29:33,463 DEBUG autoreload 15408 139735412927360 File /home/danmarques/.local/lib/python3.13/site-packages/admin_interface/locale/de/LC_MESSAGES/django.mo first seen with mtime 1736641066.6124532
2025-01-17 15:29:33,464 DEBUG autoreload 15408 139735412927360 File /home/danmarques/.local/lib/python3.13/site-packages/colorfield/locale/it/LC_MESSAGES/django.mo first seen with mtime 1736641066.4384508
2025-01-17 15:29:33,464 DEBUG autoreload 15408 139735412927360 File /home/danmarques/.local/lib/python3.13/site-packages/colorfield/locale/en/LC_MESSAGES/django.mo first seen with mtime 1736641066.4384508
2025-01-17 15:29:33,466 DEBUG autoreload 15408 139735412927360 File /home/danmarques/.local/lib/python3.13/site-packages/jazzmin/locale/zh_Hant/LC_MESSAGES/django.mo first seen with mtime 1736641114.3071268
2025-01-17 15:29:33,466 DEBUG autoreload 15408 139735412927360 File /home/danmarques/.local/lib/python3.13/site-packages/jazzmin/locale/zh_Hans/LC_MESSAGES/django.mo first seen with mtime 1736641114.3061268
2025-01-17 15:29:33,467 DEBUG autoreload 15408 139735412927360 File /home/danmarques/.local/lib/python3.13/site-packages/jazzmin/locale/ru/LC_MESSAGES/django.mo first seen with mtime 1736641114.3051267
2025-01-17 15:29:33,467 DEBUG autoreload 15408 139735412927360 File /home/danmarques/.local/lib/python3.13/site-packages/jazzmin/locale/hu/LC_MESSAGES/django.mo first seen with mtime 1736641114.3041267
2025-01-17 15:29:33,468 DEBUG autoreload 15408 139735412927360 File /home/danmarques/.local/lib/python3.13/site-packages/jazzmin/locale/fr/LC_MESSAGES/django.mo first seen with mtime 1736641114.3031268
2025-01-17 15:29:33,468 DEBUG autoreload 15408 139735412927360 File /home/danmarques/.local/lib/python3.13/site-packages/jazzmin/locale/es/LC_MESSAGES/django.mo first seen with mtime 1736641114.3021266
2025-01-17 15:29:33,469 DEBUG autoreload 15408 139735412927360 File /home/danmarques/.local/lib/python3.13/site-packages/jazzmin/locale/de/LC_MESSAGES/django.mo first seen with mtime 1736641114.3001268
2025-01-17 15:29:33,469 DEBUG autoreload 15408 139735412927360 File /home/danmarques/.local/lib/python3.13/site-packages/jazzmin/locale/bg/LC_MESSAGES/django.mo first seen with mtime 1736641114.2981267
2025-01-17 15:29:33,471 DEBUG autoreload 15408 139735412927360 File /home/danmarques/.local/lib/python3.13/site-packages/taggit/locale/zh_Hans/LC_MESSAGES/django.mo first seen with mtime 1736641174.6879795
2025-01-17 15:29:33,472 DEBUG autoreload 15408 139735412927360 File /home/danmarques/.local/lib/python3.13/site-packages/taggit/locale/uk/LC_MESSAGES/django.mo first seen with mtime 1736641174.6879795
2025-01-17 15:29:33,472 DEBUG autoreload 15408 139735412927360 File /home/danmarques/.local/lib/python3.13/site-packages/taggit/locale/tr/LC_MESSAGES/django.mo first seen with mtime 1736641174.6869795
2025-01-17 15:29:33,473 DEBUG autoreload 15408 139735412927360 File /home/danmarques/.local/lib/python3.13/site-packages/taggit/locale/ru/LC_MESSAGES/django.mo first seen with mtime 1736641174.6869795
2025-01-17 15:29:33,474 DEBUG autoreload 15408 139735412927360 File /home/danmarques/.local/lib/python3.13/site-packages/taggit/locale/pt_BR/LC_MESSAGES/django.mo first seen with mtime 1736641174.6859794
2025-01-17 15:29:33,474 DEBUG autoreload 15408 139735412927360 File /home/danmarques/.local/lib/python3.13/site-packages/taggit/locale/nl/LC_MESSAGES/django.mo first seen with mtime 1736641174.6849794
2025-01-17 15:29:33,475 DEBUG autoreload 15408 139735412927360 File /home/danmarques/.local/lib/python3.13/site-packages/taggit/locale/nb/LC_MESSAGES/django.mo first seen with mtime 1736641174.6849794
2025-01-17 15:29:33,475 DEBUG autoreload 15408 139735412927360 File /home/danmarques/.local/lib/python3.13/site-packages/taggit/locale/ja/LC_MESSAGES/django.mo first seen with mtime 1736641174.6839795
2025-01-17 15:29:33,476 DEBUG autoreload 15408 139735412927360 File /home/danmarques/.local/lib/python3.13/site-packages/taggit/locale/it/LC_MESSAGES/django.mo first seen with mtime 1736641174.6829793
2025-01-17 15:29:33,476 DEBUG autoreload 15408 139735412927360 File /home/danmarques/.local/lib/python3.13/site-packages/taggit/locale/he/LC_MESSAGES/django.mo first seen with mtime 1736641174.6829793
2025-01-17 15:29:33,477 DEBUG autoreload 15408 139735412927360 File /home/danmarques/.local/lib/python3.13/site-packages/taggit/locale/fr/LC_MESSAGES/django.mo first seen with mtime 1736641174.6819794
2025-01-17 15:29:33,478 DEBUG autoreload 15408 139735412927360 File /home/danmarques/.local/lib/python3.13/site-packages/taggit/locale/fi/LC_MESSAGES/django.mo first seen with mtime 1736641174.6809795
2025-01-17 15:29:33,478 DEBUG autoreload 15408 139735412927360 File /home/danmarques/.local/lib/python3.13/site-packages/taggit/locale/fa/LC_MESSAGES/django.mo first seen with mtime 1736641174.6809795
2025-01-17 15:29:33,479 DEBUG autoreload 15408 139735412927360 File /home/danmarques/.local/lib/python3.13/site-packages/taggit/locale/es/LC_MESSAGES/django.mo first seen with mtime 1736641174.6799793
2025-01-17 15:29:33,479 DEBUG autoreload 15408 139735412927360 File /home/danmarques/.local/lib/python3.13/site-packages/taggit/locale/eo/LC_MESSAGES/django.mo first seen with mtime 1736641174.6789794
2025-01-17 15:29:33,480 DEBUG autoreload 15408 139735412927360 File /home/danmarques/.local/lib/python3.13/site-packages/taggit/locale/en/LC_MESSAGES/django.mo first seen with mtime 1736641174.6789794
2025-01-17 15:29:33,480 DEBUG autoreload 15408 139735412927360 File /home/danmarques/.local/lib/python3.13/site-packages/taggit/locale/el/LC_MESSAGES/django.mo first seen with mtime 1736641174.6779792
2025-01-17 15:29:33,481 DEBUG autoreload 15408 139735412927360 File /home/danmarques/.local/lib/python3.13/site-packages/taggit/locale/de/LC_MESSAGES/django.mo first seen with mtime 1736641174.6769793
2025-01-17 15:29:33,481 DEBUG autoreload 15408 139735412927360 File /home/danmarques/.local/lib/python3.13/site-packages/taggit/locale/da/LC_MESSAGES/django.mo first seen with mtime 1736641174.6749792
2025-01-17 15:29:33,482 DEBUG autoreload 15408 139735412927360 File /home/danmarques/.local/lib/python3.13/site-packages/taggit/locale/cs/LC_MESSAGES/django.mo first seen with mtime 1736641174.6739793
2025-01-17 15:29:33,482 DEBUG autoreload 15408 139735412927360 File /home/danmarques/.local/lib/python3.13/site-packages/taggit/locale/ar/LC_MESSAGES/django.mo first seen with mtime 1736641174.6739793
2025-01-17 15:29:34,697 DEBUG autoreload 15408 139735412927360 File /home/danmarques/.local/lib/python3.13/site-packages/admin_interface/migrations/0023_theme_foldable_apps.py first seen with mtime 1736641066.6284535
2025-01-17 15:29:34,700 DEBUG autoreload 15408 139735412927360 File /home/danmarques/Documents/Workplace/organixhub-main/core/migrations/0025_rename_avaliacao_avaliacaoproduto_review.py first seen with mtime 1736694201.7648978
2025-01-17 15:29:34,700 DEBUG autoreload 15408 139735412927360 File /home/danmarques/Documents/Workplace/organixhub-main/core/migrations/0054_alter_coupon_options_coupon_data_criacao_and_more.py first seen with mtime 1736801508.9713337
2025-01-17 15:29:34,700 DEBUG autoreload 15408 139735412927360 File /home/danmarques/Documents/Workplace/organixhub-main/core/migrations/0023_alter_avaliacaoproduto_classificacao.py first seen with mtime 1736694201.7638977
2025-01-17 15:29:34,701 DEBUG autoreload 15408 139735412927360 File /home/danmarques/.local/lib/python3.13/site-packages/admin_interface/migrations/0017_change_list_filter_dropdown.py first seen with mtime 1736641066.6264534
2025-01-17 15:29:34,702 DEBUG autoreload 15408 139735412927360 File /home/danmarques/.local/lib/python3.13/site-packages/django/contrib/sessions/backends/db.py first seen with mtime 1736641111.1050816
2025-01-17 15:29:34,702 DEBUG autoreload 15408 139735412927360 File /home/danmarques/Documents/Workplace/organixhub-main/core/migrations/0033_alter_itenspedidocarrinho_pedido.py first seen with mtime 1736694201.7658978
2025-01-17 15:29:34,702 DEBUG autoreload 15408 139735412927360 File /home/danmarques/Documents/Workplace/organixhub-main/core/migrations/0051_alter_produto_badges.py first seen with mtime 1736694201.7668977
2025-01-17 15:29:34,704 DEBUG autoreload 15408 139735412927360 File /home/danmarques/.local/lib/python3.13/site-packages/paypal/standard/ipn/migrations/0003_auto_20141117_1647.py first seen with mtime 1736641150.7336411
2025-01-17 15:29:34,704 DEBUG autoreload 15408 139735412927360 File /home/danmarques/Documents/Workplace/organixhub-main/core/migrations/0060_pedidocarrinho_cidade_pedidocarrinho_email_and_more.py first seen with mtime 1737080285.94681
2025-01-17 15:29:34,705 DEBUG autoreload 15408 139735412927360 File /home/danmarques/Documents/Workplace/organixhub-main/core/migrations/0006_alter_produto_categoria.py first seen with mtime 1736694201.7618978
2025-01-17 15:29:34,705 DEBUG autoreload 15408 139735412927360 File /home/danmarques/.local/lib/python3.13/site-packages/taggit/migrations/0005_auto_20220424_2025.py first seen with mtime 1736641174.6909795
2025-01-17 15:29:34,705 DEBUG autoreload 15408 139735412927360 File /home/danmarques/.local/lib/python3.13/site-packages/paypal/standard/ipn/migrations/0006_auto_20160108_1112.py first seen with mtime 1736641150.7346413
2025-01-17 15:29:34,706 DEBUG autoreload 15408 139735412927360 File /home/danmarques/Documents/Workplace/organixhub-main/core/migrations/0024_alter_avaliacaoproduto_user.py first seen with mtime 1736694201.7638977
2025-01-17 15:29:34,706 DEBUG autoreload 15408 139735412927360 File /home/danmarques/Documents/Workplace/organixhub-main/core/migrations/__init__.py first seen with mtime 1736694201.7668977
2025-01-17 15:29:34,706 DEBUG autoreload 15408 139735412927360 File /home/danmarques/Documents/Workplace/organixhub-main/core/migrations/0029_delete_tags.py first seen with mtime 1736694201.7648978
2025-01-17 15:29:34,707 DEBUG autoreload 15408 139735412927360 File /home/danmarques/.local/lib/python3.13/site-packages/django/contrib/admin/migrations/0001_initial.py first seen with mtime 1736641110.371071
2025-01-17 15:29:34,707 DEBUG autoreload 15408 139735412927360 File /home/danmarques/Documents/Workplace/organixhub-main/core/migrations/0001_initial.py first seen with mtime 1736694201.7608976
2025-01-17 15:29:34,708 DEBUG autoreload 15408 139735412927360 File /home/danmarques/.local/lib/python3.13/site-packages/taggit/migrations/0006_rename_taggeditem_content_type_object_id_taggit_tagg_content_8fc721_idx.py first seen with mtime 1736641174.6909795
2025-01-17 15:29:34,708 DEBUG autoreload 15408 139735412927360 File /home/danmarques/.local/lib/python3.13/site-packages/admin_interface/migrations/0007_add_favicon.py first seen with mtime 1736641066.6244533
2025-01-17 15:29:34,708 DEBUG autoreload 15408 139735412927360 File /home/danmarques/Documents/Workplace/organixhub-main/core/migrations/0056_alter_coupon_data_criacao_and_more.py first seen with mtime 1736892173.6057322
2025-01-17 15:29:34,709 DEBUG autoreload 15408 139735412927360 File /home/danmarques/.local/lib/python3.13/site-packages/django/contrib/sessions/exceptions.py first seen with mtime 1736641111.0560808
2025-01-17 15:29:34,709 DEBUG autoreload 15408 139735412927360 File /home/danmarques/.local/lib/python3.13/site-packages/admin_interface/migrations/0027_theme_list_filter_removal_links.py first seen with mtime 1736641066.6294534
2025-01-17 15:29:34,709 DEBUG autoreload 15408 139735412927360 File /home/danmarques/.local/lib/python3.13/site-packages/admin_interface/migrations/0009_add_enviroment.py first seen with mtime 1736641066.6244533
2025-01-17 15:29:34,710 DEBUG autoreload 15408 139735412927360 File /home/danmarques/.local/lib/python3.13/site-packages/paypal/standard/ipn/migrations/0007_auto_20160219_1135.py first seen with mtime 1736641150.7346413
2025-01-17 15:29:34,710 DEBUG autoreload 15408 139735412927360 File /home/danmarques/.local/lib/python3.13/site-packages/django/contrib/auth/migrations/0008_alter_user_username_max_length.py first seen with mtime 1736641110.5840743
2025-01-17 15:29:34,710 DEBUG autoreload 15408 139735412927360 File /home/danmarques/Documents/Workplace/organixhub-main/core/migrations/0046_alter_vendedor_capa_imagem_alter_vendedor_imagem.py first seen with mtime 1736694201.7668977
2025-01-17 15:29:34,711 DEBUG autoreload 15408 139735412927360 File /home/danmarques/.local/lib/python3.13/site-packages/django/contrib/admin/migrations/__init__.py first seen with mtime 1736641110.371071
2025-01-17 15:29:34,711 DEBUG autoreload 15408 139735412927360 File /home/danmarques/.local/lib/python3.13/site-packages/admin_interface/migrations/0004_rename_title_color.py first seen with mtime 1736641066.6234534
2025-01-17 15:29:34,712 DEBUG autoreload 15408 139735412927360 File /home/danmarques/.local/lib/python3.13/site-packages/taggit/migrations/__init__.py first seen with mtime 1736641174.6909795
2025-01-17 15:29:34,712 DEBUG autoreload 15408 139735412927360 File /home/danmarques/.local/lib/python3.13/site-packages/taggit/migrations/0003_taggeditem_add_unique_index.py first seen with mtime 1736641174.6899796
2025-01-17 15:29:34,712 DEBUG autoreload 15408 139735412927360 File /home/danmarques/.local/lib/python3.13/site-packages/admin_interface/migrations/0012_update_verbose_names.py first seen with mtime 1736641066.6254535
2025-01-17 15:29:34,712 DEBUG autoreload 15408 139735412927360 File /home/danmarques/.local/lib/python3.13/site-packages/taggit/migrations/0002_auto_20150616_2121.py first seen with mtime 1736641174.6899796
2025-01-17 15:29:34,713 DEBUG autoreload 15408 139735412927360 File /home/danmarques/Documents/Workplace/organixhub-main/core/migrations/0039_remove_endereco_endereco_endereco_bairro_and_more.py first seen with mtime 1736694201.7658978
2025-01-17 15:29:34,713 DEBUG autoreload 15408 139735412927360 File /home/danmarques/.local/lib/python3.13/site-packages/django/contrib/admin/migrations/0002_logentry_remove_auto_add.py first seen with mtime 1736641110.371071
2025-01-17 15:29:34,714 DEBUG autoreload 15408 139735412927360 File /home/danmarques/Documents/Workplace/organixhub-main/userauths/migrations/0006_profile.py first seen with mtime 1736694202.9199128
2025-01-17 15:29:34,714 DEBUG autoreload 15408 139735412927360 File /home/danmarques/Documents/Workplace/organixhub-main/marketplace/wsgi.py first seen with mtime 1736694201.7898982
2025-01-17 15:29:34,714 DEBUG autoreload 15408 139735412927360 File /home/danmarques/Documents/Workplace/organixhub-main/userauths/migrations/0003_user_primeiro_nome_user_ultimo_nome.py first seen with mtime 1736694202.9149127
2025-01-17 15:29:34,715 DEBUG autoreload 15408 139735412927360 File /home/danmarques/.local/lib/python3.13/site-packages/admin_interface/migrations/0021_file_extension_validator.py first seen with mtime 1736641066.6274536
2025-01-17 15:29:34,715 DEBUG autoreload 15408 139735412927360 File /home/danmarques/Documents/Workplace/organixhub-main/core/migrations/0011_alter_imagemproduto_produto.py first seen with mtime 1736694201.7628977
2025-01-17 15:29:34,715 DEBUG autoreload 15408 139735412927360 File /home/danmarques/Documents/Workplace/organixhub-main/core/migrations/0027_alter_avaliacaoproduto_classificacao.py first seen with mtime 1736694201.7648978
2025-01-17 15:29:34,715 DEBUG autoreload 15408 139735412927360 File /home/danmarques/.local/lib/python3.13/site-packages/admin_interface/migrations/0020_module_selected_colors.py first seen with mtime 1736641066.6274536
2025-01-17 15:29:34,715 DEBUG autoreload 15408 139735412927360 File /home/danmarques/Documents/Workplace/organixhub-main/core/migrations/0042_remove_endereco_address_type.py first seen with mtime 1736694201.7658978
2025-01-17 15:29:34,716 DEBUG autoreload 15408 139735412927360 File /home/danmarques/.local/lib/python3.13/site-packages/admin_interface/migrations/0028_theme_show_fieldsets_as_tabs_and_more.py first seen with mtime 1736641066.6294534
2025-01-17 15:29:34,716 DEBUG autoreload 15408 139735412927360 File /home/danmarques/.local/lib/python3.13/site-packages/django/contrib/auth/migrations/0004_alter_user_username_opts.py first seen with mtime 1736641110.583074
2025-01-17 15:29:34,716 DEBUG autoreload 15408 139735412927360 File /home/danmarques/Documents/Workplace/organixhub-main/core/migrations/0018_alter_avaliacaoproduto_classificacao.py first seen with mtime 1736694201.7628977
2025-01-17 15:29:34,717 DEBUG autoreload 15408 139735412927360 File /home/danmarques/Documents/Workplace/organixhub-main/userauths/migrations/0008_contact.py first seen with mtime 1736694202.9209127
2025-01-17 15:29:34,717 DEBUG autoreload 15408 139735412927360 File /home/danmarques/.local/lib/python3.13/site-packages/django/db/migrations/graph.py first seen with mtime 1736641111.2970843
2025-01-17 15:29:34,717 DEBUG autoreload 15408 139735412927360 File /home/danmarques/.local/lib/python3.13/site-packages/django/core/cache/backends/locmem.py first seen with mtime 1736641111.2420835
2025-01-17 15:29:34,718 DEBUG autoreload 15408 139735412927360 File /home/danmarques/.local/lib/python3.13/site-packages/paypal/standard/ipn/migrations/0004_auto_20150612_1826.py first seen with mtime 1736641150.7336411
2025-01-17 15:29:34,719 DEBUG autoreload 15408 139735412927360 File /home/danmarques/.local/lib/python3.13/site-packages/django/contrib/auth/migrations/0011_update_proxy_permissions.py first seen with mtime 1736641110.5840743
2025-01-17 15:29:34,719 DEBUG autoreload 15408 139735412927360 File /home/danmarques/.local/lib/python3.13/site-packages/admin_interface/migrations/0011_add_environment_options.py first seen with mtime 1736641066.6254535
2025-01-17 15:29:34,719 DEBUG autoreload 15408 139735412927360 File /home/danmarques/.local/lib/python3.13/site-packages/paypal/standard/ipn/migrations/0005_auto_20151217_0948.py first seen with mtime 1736641150.7346413
2025-01-17 15:29:34,719 DEBUG autoreload 15408 139735412927360 File /home/danmarques/.local/lib/python3.13/site-packages/django/contrib/messages/middleware.py first seen with mtime 1736641110.938079
2025-01-17 15:29:34,720 DEBUG autoreload 15408 139735412927360 File /home/danmarques/Documents/Workplace/organixhub-main/core/migrations/0062_pedidocarrinho_payment_date_and_more.py first seen with mtime 1737136570.3878255
2025-01-17 15:29:34,720 DEBUG autoreload 15408 139735412927360 File /home/danmarques/.local/lib/python3.13/site-packages/paypal/standard/ipn/migrations/__init__.py first seen with mtime 1736641150.7356412
2025-01-17 15:29:34,720 DEBUG autoreload 15408 139735412927360 File /home/danmarques/.local/lib/python3.13/site-packages/admin_interface/migrations/0008_change_related_modal_background_opacity_type.py first seen with mtime 1736641066.6244533
2025-01-17 15:29:34,721 DEBUG autoreload 15408 139735412927360 File /home/danmarques/Documents/Workplace/organixhub-main/core/migrations/0045_alter_vendedor_capa_imagem_alter_vendedor_imagem.py first seen with mtime 1736694201.7668977
2025-01-17 15:29:34,723 DEBUG autoreload 15408 139735412927360 File /home/danmarques/.local/lib/python3.13/site-packages/django/contrib/auth/migrations/0006_require_contenttypes_0002.py first seen with mtime 1736641110.583074
2025-01-17 15:29:34,724 DEBUG autoreload 15408 139735412927360 File /home/danmarques/Documents/Workplace/organixhub-main/userauths/migrations/0007_profile_user.py first seen with mtime 1736694202.9199128
2025-01-17 15:29:34,724 DEBUG autoreload 15408 139735412927360 File /home/danmarques/.local/lib/python3.13/site-packages/django/contrib/sessions/migrations/0001_initial.py first seen with mtime 1736641111.1720824
2025-01-17 15:29:34,725 DEBUG autoreload 15408 139735412927360 File /home/danmarques/Documents/Workplace/organixhub-main/core/migrations/0022_alter_avaliacaoproduto_classificacao.py first seen with mtime 1736694201.7638977
2025-01-17 15:29:34,725 DEBUG autoreload 15408 139735412927360 File /home/danmarques/.local/lib/python3.13/site-packages/django/contrib/contenttypes/migrations/__init__.py first seen with mtime 1736641110.706076
2025-01-17 15:29:34,726 DEBUG autoreload 15408 139735412927360 File /home/danmarques/Documents/Workplace/organixhub-main/core/migrations/0034_alter_itenspedidocarrinho_pedido.py first seen with mtime 1736694201.7658978
2025-01-17 15:29:34,726 DEBUG autoreload 15408 139735412927360 File /home/danmarques/.local/lib/python3.13/site-packages/django/middleware/clickjacking.py first seen with mtime 1736641111.347085
2025-01-17 15:29:34,726 DEBUG autoreload 15408 139735412927360 File /home/danmarques/Documents/Workplace/organixhub-main/core/migrations/0032_alter_itenspedidocarrinho_pedido.py first seen with mtime 1736694201.7648978
2025-01-17 15:29:34,726 DEBUG autoreload 15408 139735412927360 File /home/danmarques/.local/lib/python3.13/site-packages/django/db/migrations/recorder.py first seen with mtime 1736641111.2980843
2025-01-17 15:29:34,728 DEBUG autoreload 15408 139735412927360 File /home/danmarques/.local/lib/python3.13/site-packages/admin_interface/migrations/0010_add_localization.py first seen with mtime 1736641066.6244533
2025-01-17 15:29:34,729 DEBUG autoreload 15408 139735412927360 File /home/danmarques/Documents/Workplace/organixhub-main/core/migrations/0021_alter_avaliacaoproduto_classificacao.py first seen with mtime 1736694201.7638977
2025-01-17 15:29:34,729 DEBUG autoreload 15408 139735412927360 File /home/danmarques/.local/lib/python3.13/site-packages/django/contrib/sessions/migrations/__init__.py first seen with mtime 1736641111.1720824
2025-01-17 15:29:34,729 DEBUG autoreload 15408 139735412927360 File /home/danmarques/Documents/Workplace/organixhub-main/core/migrations/0049_remove_produto_badges.py first seen with mtime 1736694201.7668977
2025-01-17 15:29:34,730 DEBUG autoreload 15408 139735412927360 File /home/danmarques/Documents/Workplace/organixhub-main/core/migrations/0017_alter_produto_descricao_alter_produto_especificacoes_and_more.py first seen with mtime 1736694201.7628977
2025-01-17 15:29:34,731 DEBUG autoreload 15408 139735412927360 File /home/danmarques/.local/lib/python3.13/site-packages/admin_interface/migrations/0001_initial.py first seen with mtime 1736641066.6224535
2025-01-17 15:29:34,731 DEBUG autoreload 15408 139735412927360 File /home/danmarques/Documents/Workplace/organixhub-main/core/migrations/0020_alter_avaliacaoproduto_classificacao.py first seen with mtime 1736694201.7638977
2025-01-17 15:29:34,732 DEBUG autoreload 15408 139735412927360 File /home/danmarques/Documents/Workplace/organixhub-main/core/migrations/0053_pedidocarrinho_coupons.py first seen with mtime 1736799823.9749045
2025-01-17 15:29:34,732 DEBUG autoreload 15408 139735412927360 File /home/danmarques/.local/lib/python3.13/site-packages/django/contrib/auth/migrations/0001_initial.py first seen with mtime 1736641110.5820742
2025-01-17 15:29:34,732 DEBUG autoreload 15408 139735412927360 File /home/danmarques/.local/lib/python3.13/site-packages/admin_interface/migrations/0019_add_form_sticky.py first seen with mtime 1736641066.6274536
2025-01-17 15:29:34,733 DEBUG autoreload 15408 139735412927360 File /home/danmarques/Documents/Workplace/organixhub-main/userauths/migrations/__init__.py first seen with mtime 1736694202.9209127
2025-01-17 15:29:34,734 DEBUG autoreload 15408 139735412927360 File /home/danmarques/Documents/Workplace/organixhub-main/core/migrations/0010_vendedor_capa_imagem.py first seen with mtime 1736694201.7618978
2025-01-17 15:29:34,735 DEBUG autoreload 15408 139735412927360 File /home/danmarques/Documents/Workplace/organixhub-main/core/migrations/0061_alter_pedidocarrinho_sku.py first seen with mtime 1737080464.7002518
2025-01-17 15:29:34,736 DEBUG autoreload 15408 139735412927360 File /home/danmarques/Documents/Workplace/organixhub-main/core/migrations/0019_alter_avaliacaoproduto_classificacao.py first seen with mtime 1736694201.7638977
2025-01-17 15:29:34,737 DEBUG autoreload 15408 139735412927360 File /home/danmarques/Documents/Workplace/organixhub-main/core/migrations/0009_vendedor_data.py first seen with mtime 1736694201.7618978
2025-01-17 15:29:34,737 DEBUG autoreload 15408 139735412927360 File /home/danmarques/.local/lib/python3.13/site-packages/django/middleware/common.py first seen with mtime 1736641111.348085
2025-01-17 15:29:34,738 DEBUG autoreload 15408 139735412927360 File /home/danmarques/.local/lib/python3.13/site-packages/django/contrib/sessions/backends/__init__.py first seen with mtime 1736641111.1000814
2025-01-17 15:29:34,739 DEBUG autoreload 15408 139735412927360 File /home/danmarques/Documents/Workplace/organixhub-main/core/migrations/0050_produto_badges_alter_produto_qtd_estoque.py first seen with mtime 1736694201.7668977
2025-01-17 15:29:34,739 DEBUG autoreload 15408 139735412927360 File /home/danmarques/Documents/Workplace/organixhub-main/core/migrations/0035_alter_itenspedidocarrinho_pedido.py first seen with mtime 1736694201.7658978
2025-01-17 15:29:34,740 DEBUG autoreload 15408 139735412927360 File /home/danmarques/Documents/Workplace/organixhub-main/userauths/migrations/0009_rename_contact_contato.py first seen with mtime 1736694202.9209127
2025-01-17 15:29:34,741 DEBUG autoreload 15408 139735412927360 File /home/danmarques/Documents/Workplace/organixhub-main/core/migrations/0041_endereco_address_type.py first seen with mtime 1736694201.7658978
2025-01-17 15:29:34,741 DEBUG autoreload 15408 139735412927360 File /home/danmarques/Documents/Workplace/organixhub-main/core/migrations/0002_categoria_rename_address_endereco_and_more.py first seen with mtime 1736694201.7608976
2025-01-17 15:29:34,742 DEBUG autoreload 15408 139735412927360 File /home/danmarques/.local/lib/python3.13/site-packages/django/contrib/auth/migrations/__init__.py first seen with mtime 1736641110.5850742
2025-01-17 15:29:34,742 DEBUG autoreload 15408 139735412927360 File /home/danmarques/Documents/Workplace/organixhub-main/core/migrations/0055_alter_pedidocarrinho_data_pedido.py first seen with mtime 1736804205.380641
2025-01-17 15:29:34,743 DEBUG autoreload 15408 139735412927360 File /home/danmarques/.local/lib/python3.13/site-packages/django/contrib/auth/migrations/0010_alter_group_name_max_length.py first seen with mtime 1736641110.5840743
2025-01-17 15:29:34,744 DEBUG autoreload 15408 139735412927360 File /home/danmarques/.local/lib/python3.13/site-packages/admin_interface/migrations/0002_add_related_modal.py first seen with mtime 1736641066.6224535
2025-01-17 15:29:34,744 DEBUG autoreload 15408 139735412927360 File /home/danmarques/Documents/Workplace/organixhub-main/core/migrations/0016_alter_produto_tags.py first seen with mtime 1736694201.7628977
2025-01-17 15:29:34,745 DEBUG autoreload 15408 139735412927360 File /home/danmarques/Documents/Workplace/organixhub-main/core/migrations/0047_alter_pedidocarrinho_data_pedido.py first seen with mtime 1736694201.7668977
2025-01-17 15:29:34,746 DEBUG autoreload 15408 139735412927360 File /home/danmarques/Documents/Workplace/organixhub-main/core/migrations/0005_produto_vendedor.py first seen with mtime 1736694201.7618978
2025-01-17 15:29:34,746 DEBUG autoreload 15408 139735412927360 File /home/danmarques/Documents/Workplace/organixhub-main/userauths/migrations/0004_user_address.py first seen with mtime 1736694202.9199128
2025-01-17 15:29:34,747 DEBUG autoreload 15408 139735412927360 File /home/danmarques/Documents/Workplace/organixhub-main/core/migrations/0038_alter_itenspedidocarrinho_pedido.py first seen with mtime 1736694201.7658978
2025-01-17 15:29:34,747 DEBUG autoreload 15408 139735412927360 File /home/danmarques/.local/lib/python3.13/site-packages/admin_interface/migrations/0016_add_language_chooser_display.py first seen with mtime 1736641066.6264534
2025-01-17 15:29:34,747 DEBUG autoreload 15408 139735412927360 File /home/danmarques/Documents/Workplace/organixhub-main/core/migrations/0040_endereco_celular.py first seen with mtime 1736694201.7658978
2025-01-17 15:29:34,748 DEBUG autoreload 15408 139735412927360 File /home/danmarques/.local/lib/python3.13/site-packages/paypal/standard/ipn/migrations/0002_paypalipn_mp_id.py first seen with mtime 1736641150.7336411
2025-01-17 15:29:34,748 DEBUG autoreload 15408 139735412927360 File /home/danmarques/.local/lib/python3.13/site-packages/django/db/migrations/loader.py first seen with mtime 1736641111.2970843
2025-01-17 15:29:34,749 DEBUG autoreload 15408 139735412927360 File /home/danmarques/Documents/Workplace/organixhub-main/core/migrations/0044_alter_produto_badges.py first seen with mtime 1736694201.7668977
2025-01-17 15:29:34,749 DEBUG autoreload 15408 139735412927360 File /home/danmarques/.local/lib/python3.13/site-packages/admin_interface/migrations/0030_theme_collapsible_stacked_inlines_and_more.py first seen with mtime 1736641066.6294534
2025-01-17 15:29:34,749 DEBUG autoreload 15408 139735412927360 File /home/danmarques/Documents/Workplace/organixhub-main/core/migrations/0014_produto_tags.py first seen with mtime 1736694201.7628977
2025-01-17 15:29:34,750 DEBUG autoreload 15408 139735412927360 File /home/danmarques/Documents/Workplace/organixhub-main/core/migrations/0026_rename_review_avaliacaoproduto_avaliacao_and_more.py first seen with mtime 1736694201.7648978
2025-01-17 15:29:34,751 DEBUG autoreload 15408 139735412927360 File /home/danmarques/.local/lib/python3.13/site-packages/django/contrib/sessions/backends/base.py first seen with mtime 1736641111.1010816
2025-01-17 15:29:34,751 DEBUG autoreload 15408 139735412927360 File /home/danmarques/.local/lib/python3.13/site-packages/paypal/standard/ipn/migrations/0001_initial.py first seen with mtime 1736641150.7326412
2025-01-17 15:29:34,752 DEBUG autoreload 15408 139735412927360 File /home/danmarques/.local/lib/python3.13/site-packages/django/contrib/contenttypes/migrations/0002_remove_content_type_name.py first seen with mtime 1736641110.706076
2025-01-17 15:29:34,753 DEBUG autoreload 15408 139735412927360 File /home/danmarques/.local/lib/python3.13/site-packages/taggit/migrations/0001_initial.py first seen with mtime 1736641174.6899796
2025-01-17 15:29:34,753 DEBUG autoreload 15408 139735412927360 File /home/danmarques/Documents/Workplace/organixhub-main/core/migrations/0036_alter_itenspedidocarrinho_pedido.py first seen with mtime 1736694201.7658978
2025-01-17 15:29:34,754 DEBUG autoreload 15408 139735412927360 File /home/danmarques/Documents/Workplace/organixhub-main/core/migrations/0043_produto_badges.py first seen with mtime 1736694201.7668977
2025-01-17 15:29:34,754 DEBUG autoreload 15408 139735412927360 File /home/danmarques/.local/lib/python3.13/site-packages/admin_interface/migrations/0024_remove_theme_css.py first seen with mtime 1736641066.6284535
2025-01-17 15:29:34,755 DEBUG autoreload 15408 139735412927360 File /home/danmarques/.local/lib/python3.13/site-packages/admin_interface/migrations/0013_add_related_modal_close_button.py first seen with mtime 1736641066.6254535
2025-01-17 15:29:34,755 DEBUG autoreload 15408 139735412927360 File /home/danmarques/.local/lib/python3.13/site-packages/paypal/standard/ipn/migrations/0009_alter_paypalipn_id.py first seen with mtime 1736728427.1137729
2025-01-17 15:29:34,756 DEBUG autoreload 15408 139735412927360 File /home/danmarques/.local/lib/python3.13/site-packages/django/contrib/auth/migrations/0003_alter_user_email_max_length.py first seen with mtime 1736641110.5820742
2025-01-17 15:29:34,756 DEBUG autoreload 15408 139735412927360 File /home/danmarques/Documents/Workplace/organixhub-main/core/migrations/0058_delete_couponusage.py first seen with mtime 1736902093.0485187
2025-01-17 15:29:34,757 DEBUG autoreload 15408 139735412927360 File /home/danmarques/Documents/Workplace/organixhub-main/core/migrations/0030_tags.py first seen with mtime 1736694201.7648978
2025-01-17 15:29:34,757 DEBUG autoreload 15408 139735412927360 File /home/danmarques/Documents/Workplace/organixhub-main/core/migrations/0012_produto_data_fab_produto_qtd_estoque_produto_tipo_and_more.py first seen with mtime 1736694201.7628977
2025-01-17 15:29:34,758 DEBUG autoreload 15408 139735412927360 File /home/danmarques/Documents/Workplace/organixhub-main/core/migrations/0028_alter_avaliacaoproduto_produto.py first seen with mtime 1736694201.7648978
2025-01-17 15:29:34,759 DEBUG autoreload 15408 139735412927360 File /home/danmarques/.local/lib/python3.13/site-packages/admin_interface/migrations/0006_bytes_to_str.py first seen with mtime 1736641066.6234534
2025-01-17 15:29:34,759 DEBUG autoreload 15408 139735412927360 File /home/danmarques/.local/lib/python3.13/site-packages/admin_interface/migrations/0022_add_logo_max_width_and_height.py first seen with mtime 1736641066.6274536
2025-01-17 15:29:34,760 DEBUG autoreload 15408 139735412927360 File /home/danmarques/.local/lib/python3.13/site-packages/admin_interface/migrations/0025_theme_language_chooser_control.py first seen with mtime 1736641066.6284535
2025-01-17 15:29:34,760 DEBUG autoreload 15408 139735412927360 File /home/danmarques/.local/lib/python3.13/site-packages/django/contrib/auth/migrations/0012_alter_user_first_name_max_length.py first seen with mtime 1736641110.5850742
2025-01-17 15:29:34,760 DEBUG autoreload 15408 139735412927360 File /home/danmarques/.local/lib/python3.13/site-packages/paypal/standard/ipn/migrations/0008_auto_20181128_1032.py first seen with mtime 1736641150.7356412
2025-01-17 15:29:34,761 DEBUG autoreload 15408 139735412927360 File /home/danmarques/Documents/Workplace/organixhub-main/userauths/migrations/0005_remove_user_address.py first seen with mtime 1736694202.9199128
2025-01-17 15:29:34,761 DEBUG autoreload 15408 139735412927360 File /home/danmarques/Documents/Workplace/organixhub-main/core/migrations/0031_alter_produto_preco_alter_produto_preco_antigo.py first seen with mtime 1736694201.7648978
2025-01-17 15:29:34,761 DEBUG autoreload 15408 139735412927360 File /home/danmarques/.local/lib/python3.13/site-packages/taggit/migrations/0004_alter_taggeditem_content_type_alter_taggeditem_tag.py first seen with mtime 1736641174.6899796
2025-01-17 15:29:34,762 DEBUG autoreload 15408 139735412927360 File /home/danmarques/.local/lib/python3.13/site-packages/django/contrib/auth/migrations/0007_alter_validators_add_error_messages.py first seen with mtime 1736641110.583074
2025-01-17 15:29:34,762 DEBUG autoreload 15408 139735412927360 File /home/danmarques/.local/lib/python3.13/site-packages/admin_interface/migrations/0014_name_unique.py first seen with mtime 1736641066.6254535
2025-01-17 15:29:34,763 DEBUG autoreload 15408 139735412927360 File /home/danmarques/Documents/Workplace/organixhub-main/core/migrations/0052_coupon.py first seen with mtime 1736798138.5451152
2025-01-17 15:29:34,764 DEBUG autoreload 15408 139735412927360 File /home/danmarques/Documents/Workplace/organixhub-main/core/migrations/0037_alter_itenspedidocarrinho_pedido.py first seen with mtime 1736694201.7658978
2025-01-17 15:29:34,764 DEBUG autoreload 15408 139735412927360 File /home/danmarques/.local/lib/python3.13/site-packages/admin_interface/migrations/__init__.py first seen with mtime 1736641066.6294534
2025-01-17 15:29:34,765 DEBUG autoreload 15408 139735412927360 File /home/danmarques/Documents/Workplace/organixhub-main/core/migrations/0015_alter_produto_tags.py first seen with mtime 1736694201.7628977
2025-01-17 15:29:34,765 DEBUG autoreload 15408 139735412927360 File /home/danmarques/.local/lib/python3.13/site-packages/django/db/models/sql/compiler.py first seen with mtime 1736641111.3170846
2025-01-17 15:29:34,766 DEBUG autoreload 15408 139735412927360 File /home/danmarques/.local/lib/python3.13/site-packages/django/contrib/auth/migrations/0002_alter_permission_name_max_length.py first seen with mtime 1736641110.5820742
2025-01-17 15:29:34,766 DEBUG autoreload 15408 139735412927360 File /home/danmarques/.local/lib/python3.13/site-packages/admin_interface/migrations/0029_theme_css_generic_link_active_color.py first seen with mtime 1736641066.6294534
2025-01-17 15:29:34,767 DEBUG autoreload 15408 139735412927360 File /home/danmarques/Documents/Workplace/organixhub-main/userauths/migrations/0001_initial.py first seen with mtime 1736694202.9149127
2025-01-17 15:29:34,768 DEBUG autoreload 15408 139735412927360 File /home/danmarques/.local/lib/python3.13/site-packages/django/db/migrations/executor.py first seen with mtime 1736641111.2970843
2025-01-17 15:29:34,768 DEBUG autoreload 15408 139735412927360 File /home/danmarques/Documents/Workplace/organixhub-main/core/migrations/0004_rename_usuario_avaliacaoproduto_user_and_more.py first seen with mtime 1736694201.7618978
2025-01-17 15:29:34,769 DEBUG autoreload 15408 139735412927360 File /home/danmarques/Documents/Workplace/organixhub-main/core/migrations/0008_rename_usuario_vendedor_user.py first seen with mtime 1736694201.7618978
2025-01-17 15:29:34,769 DEBUG autoreload 15408 139735412927360 File /home/danmarques/Documents/Workplace/organixhub-main/core/migrations/0007_alter_produto_vendedor.py first seen with mtime 1736694201.7618978
2025-01-17 15:29:34,770 DEBUG autoreload 15408 139735412927360 File /home/danmarques/.local/lib/python3.13/site-packages/admin_interface/migrations/0015_add_language_chooser_active.py first seen with mtime 1736641066.6264534
2025-01-17 15:29:34,770 DEBUG autoreload 15408 139735412927360 File /home/danmarques/Documents/Workplace/organixhub-main/core/migrations/0013_alter_vendedor_data.py first seen with mtime 1736694201.7628977
2025-01-17 15:29:34,771 DEBUG autoreload 15408 139735412927360 File /home/danmarques/.local/lib/python3.13/site-packages/admin_interface/migrations/0003_add_logo_color.py first seen with mtime 1736641066.6234534
2025-01-17 15:29:34,771 DEBUG autoreload 15408 139735412927360 File /home/danmarques/.local/lib/python3.13/site-packages/django/contrib/auth/migrations/0005_alter_user_last_login_null.py first seen with mtime 1736641110.583074
2025-01-17 15:29:34,772 DEBUG autoreload 15408 139735412927360 File /home/danmarques/.local/lib/python3.13/site-packages/django/contrib/contenttypes/migrations/0001_initial.py first seen with mtime 1736641110.706076
2025-01-17 15:29:34,773 DEBUG autoreload 15408 139735412927360 File /home/danmarques/.local/lib/python3.13/site-packages/django/contrib/admin/migrations/0003_logentry_add_action_flag_choices.py first seen with mtime 1736641110.371071
2025-01-17 15:29:34,773 DEBUG autoreload 15408 139735412927360 File /home/danmarques/Documents/Workplace/organixhub-main/core/migrations/0059_pedidocarrinho_num_fatura.py first seen with mtime 1737037460.8555152
2025-01-17 15:29:34,774 DEBUG autoreload 15408 139735412927360 File /home/danmarques/.local/lib/python3.13/site-packages/admin_interface/migrations/0005_add_recent_actions_visible.py first seen with mtime 1736641066.6234534
2025-01-17 15:29:34,775 DEBUG autoreload 15408 139735412927360 File /home/danmarques/.local/lib/python3.13/site-packages/admin_interface/migrations/0018_theme_list_filter_sticky.py first seen with mtime 1736641066.6264534
2025-01-17 15:29:34,775 DEBUG autoreload 15408 139735412927360 File /home/danmarques/.local/lib/python3.13/site-packages/django/contrib/auth/migrations/0009_alter_user_last_name_max_length.py first seen with mtime 1736641110.5840743
2025-01-17 15:29:34,776 DEBUG autoreload 15408 139735412927360 File /home/danmarques/Documents/Workplace/organixhub-main/core/migrations/0048_alter_produto_badges.py first seen with mtime 1736694201.7668977
2025-01-17 15:29:34,776 DEBUG autoreload 15408 139735412927360 File /home/danmarques/Documents/Workplace/organixhub-main/core/migrations/0057_couponusage.py first seen with mtime 1736895983.4865
2025-01-17 15:29:34,777 DEBUG autoreload 15408 139735412927360 File /home/danmarques/.local/lib/python3.13/site-packages/admin_interface/migrations/0026_theme_list_filter_highlight.py first seen with mtime 1736641066.6284535
2025-01-17 15:29:34,777 DEBUG autoreload 15408 139735412927360 File /home/danmarques/Documents/Workplace/organixhub-main/core/migrations/0003_remove_produto_tags.py first seen with mtime 1736694201.7618978
2025-01-17 15:29:34,778 DEBUG autoreload 15408 139735412927360 File /home/danmarques/Documents/Workplace/organixhub-main/userauths/migrations/0002_user_bio.py first seen with mtime 1736694202.9149127
2025-01-17 15:30:11,584 INFO autoreload 15517 140287997655936 Watching for file changes with StatReloader
2025-01-17 15:30:11,585 DEBUG autoreload 15517 140287997655936 Waiting for apps ready_event.
2025-01-17 15:30:11,895 DEBUG autoreload 15517 140287997655936 Apps ready_event triggered. Sending autoreload_started signal.
2025-01-17 15:30:12,137 DEBUG autoreload 15517 140287997655936 Watching dir /home/danmarques/.local/lib/python3.13/site-packages/admin_interface/templates with glob **/*.
2025-01-17 15:30:12,137 DEBUG autoreload 15517 140287997655936 Watching dir /home/danmarques/Documents/Workplace/organixhub-main/templates with glob **/*.
2025-01-17 15:30:12,137 DEBUG autoreload 15517 140287997655936 Watching dir /home/danmarques/.local/lib/python3.13/site-packages/taggit/templates with glob **/*.
2025-01-17 15:30:12,137 DEBUG autoreload 15517 140287997655936 Watching dir /home/danmarques/.local/lib/python3.13/site-packages/paypal/standard/ipn/templates with glob **/*.
2025-01-17 15:30:12,138 DEBUG autoreload 15517 140287997655936 Watching dir /home/danmarques/.local/lib/python3.13/site-packages/jazzmin/templates with glob **/*.
2025-01-17 15:30:12,138 DEBUG autoreload 15517 140287997655936 Watching dir /home/danmarques/.local/lib/python3.13/site-packages/django_ckeditor_5/templates with glob **/*.
2025-01-17 15:30:12,138 DEBUG autoreload 15517 140287997655936 Watching dir /home/danmarques/.local/lib/python3.13/site-packages/colorfield/templates with glob **/*.
2025-01-17 15:30:12,138 DEBUG autoreload 15517 140287997655936 Watching dir /home/danmarques/Documents/Workplace/organixhub-main/locale with glob **/*.mo.
2025-01-17 15:30:12,138 DEBUG autoreload 15517 140287997655936 Watching dir /home/danmarques/.local/lib/python3.13/site-packages/admin_interface/locale with glob **/*.mo.
2025-01-17 15:30:12,140 DEBUG autoreload 15517 140287997655936 Watching dir /home/danmarques/.local/lib/python3.13/site-packages/colorfield/locale with glob **/*.mo.
2025-01-17 15:30:12,140 DEBUG autoreload 15517 140287997655936 Watching dir /home/danmarques/.local/lib/python3.13/site-packages/jazzmin/locale with glob **/*.mo.
2025-01-17 15:30:12,140 DEBUG autoreload 15517 140287997655936 Watching dir /home/danmarques/.local/lib/python3.13/site-packages/taggit/locale with glob **/*.mo.
2025-01-17 15:30:12,141 DEBUG autoreload 15517 140287997655936 Watching dir /home/danmarques/.local/lib/python3.13/site-packages/django_ckeditor_5/locale with glob **/*.mo.
2025-01-17 15:30:12,141 DEBUG autoreload 15517 140287997655936 Watching dir /home/danmarques/.local/lib/python3.13/site-packages/paypal/standard/ipn/locale with glob **/*.mo.
2025-01-17 15:30:12,141 DEBUG autoreload 15517 140287997655936 Watching dir /home/danmarques/Documents/Workplace/organixhub-main/core/locale with glob **/*.mo.
2025-01-17 15:30:12,141 DEBUG autoreload 15517 140287997655936 Watching dir /home/danmarques/Documents/Workplace/organixhub-main/userauths/locale with glob **/*.mo.
2025-01-17 15:30:12,141 DEBUG autoreload 15517 140287997655936 Watching dir /home/danmarques/Documents/Workplace/organixhub-main/locale with glob **/*.mo.
2025-01-17 15:30:12,366 DEBUG autoreload 15517 140287997655936 File /usr/lib/python3.13/site-packages/urllib3/util/timeout.py first seen with mtime 1726099200.0
2025-01-17 15:30:12,367 DEBUG autoreload 15517 140287997655936 File /usr/lib64/python3.13/sqlite3/__init__.py first seen with mtime 1733248792.0
2025-01-17 15:30:12,367 DEBUG autoreload 15517 140287997655936 File /usr/lib/python3.13/site-packages/charset_normalizer/__init__.py first seen with mtime 1721347200.0
2025-01-17 15:30:12,368 DEBUG autoreload 15517 140287997655936 File /home/danmarques/.local/lib/python3.13/site-packages/django/db/backends/base/__init__.py first seen with mtime 1736641111.279084
2025-01-17 15:30:12,368 DEBUG autoreload 15517 140287997655936 File /usr/lib64/python3.13/traceback.py first seen with mtime 1733248792.0
2025-01-17 15:30:12,368 DEBUG autoreload 15517 140287997655936 File /home/danmarques/.local/lib/python3.13/site-packages/django/views/defaults.py first seen with mtime 1736641111.3780854
2025-01-17 15:30:12,370 DEBUG autoreload 15517 140287997655936 File /usr/lib64/python3.13/encodings/utf_8_sig.py first seen with mtime 1733248792.0
2025-01-17 15:30:12,370 DEBUG autoreload 15517 140287997655936 File /home/danmarques/.local/lib/python3.13/site-packages/django/contrib/auth/middleware.py first seen with mtime 1736641110.5070732
2025-01-17 15:30:12,372 DEBUG autoreload 15517 140287997655936 File /home/danmarques/.local/lib/python3.13/site-packages/django/db/models/deletion.py first seen with mtime 1736641111.3040843
2025-01-17 15:30:12,372 DEBUG autoreload 15517 140287997655936 File /home/danmarques/.local/lib/python3.13/site-packages/django/core/handlers/wsgi.py first seen with mtime 1736641111.2600837
2025-01-17 15:30:12,373 DEBUG autoreload 15517 140287997655936 File /usr/lib64/python3.13/_compression.py first seen with mtime 1733248792.0
2025-01-17 15:30:12,373 DEBUG autoreload 15517 140287997655936 File /home/danmarques/.local/lib/python3.13/site-packages/django/template/defaultfilters.py first seen with mtime 1736641111.351085
2025-01-17 15:30:12,373 DEBUG autoreload 15517 140287997655936 File /home/danmarques/.local/lib/python3.13/site-packages/django/contrib/contenttypes/checks.py first seen with mtime 1736641110.5860744
2025-01-17 15:30:12,373 DEBUG autoreload 15517 140287997655936 File /home/danmarques/.local/lib/python3.13/site-packages/django/contrib/auth/signals.py first seen with mtime 1736641110.508073
2025-01-17 15:30:12,373 DEBUG autoreload 15517 140287997655936 File /home/danmarques/.local/lib/python3.13/site-packages/sqlparse/engine/__init__.py first seen with mtime 1736641109.7090619
2025-01-17 15:30:12,373 DEBUG autoreload 15517 140287997655936 File /home/danmarques/.local/lib/python3.13/site-packages/sqlparse/filters/right_margin.py first seen with mtime 1736641109.712062
2025-01-17 15:30:12,374 DEBUG autoreload 15517 140287997655936 File /home/danmarques/.local/lib/python3.13/site-packages/django/db/migrations/operations/__init__.py first seen with mtime 1736641111.3000844
2025-01-17 15:30:12,374 DEBUG autoreload 15517 140287997655936 File /home/danmarques/.local/lib/python3.13/site-packages/django/core/files/move.py first seen with mtime 1736641111.2530837
2025-01-17 15:30:12,374 DEBUG autoreload 15517 140287997655936 File /usr/lib64/python3.13/importlib/metadata/_adapters.py first seen with mtime 1733248792.0
2025-01-17 15:30:12,375 DEBUG autoreload 15517 140287997655936 File /usr/lib64/python3.13/socket.py first seen with mtime 1733248792.0
2025-01-17 15:30:12,375 DEBUG autoreload 15517 140287997655936 File /usr/lib/python3.13/site-packages/urllib3/util/ssl_.py first seen with mtime 1726099200.0
2025-01-17 15:30:12,375 DEBUG autoreload 15517 140287997655936 File /home/danmarques/.local/lib/python3.13/site-packages/django/conf/global_settings.py first seen with mtime 1736641110.0890672
2025-01-17 15:30:12,375 DEBUG autoreload 15517 140287997655936 File /usr/lib64/python3.13/__future__.py first seen with mtime 1733248792.0
2025-01-17 15:30:12,376 DEBUG autoreload 15517 140287997655936 File /usr/lib64/python3.13/re/_casefix.py first seen with mtime 1733248792.0
2025-01-17 15:30:12,376 DEBUG autoreload 15517 140287997655936 File /home/danmarques/.local/lib/python3.13/site-packages/colorfield/validators.py first seen with mtime 1736641066.437451
2025-01-17 15:30:12,376 DEBUG autoreload 15517 140287997655936 File /usr/lib/python3.13/site-packages/charset_normalizer/legacy.py first seen with mtime 1721347200.0
2025-01-17 15:30:12,377 DEBUG autoreload 15517 140287997655936 File /home/danmarques/.local/lib/python3.13/site-packages/django/db/models/fields/related_descriptors.py first seen with mtime 1736641111.3120844
2025-01-17 15:30:12,377 DEBUG autoreload 15517 140287997655936 File /home/danmarques/.local/lib/python3.13/site-packages/django/core/mail/message.py first seen with mtime 1736641111.2610838
2025-01-17 15:30:12,377 DEBUG autoreload 15517 140287997655936 File /home/danmarques/.local/lib/python3.13/site-packages/django/db/backends/ddl_references.py first seen with mtime 1736641111.278084
2025-01-17 15:30:12,378 DEBUG autoreload 15517 140287997655936 File /home/danmarques/.local/lib/python3.13/site-packages/django/template/loaders/cached.py first seen with mtime 1736641111.356085
2025-01-17 15:30:12,378 DEBUG autoreload 15517 140287997655936 File /home/danmarques/.local/lib/python3.13/site-packages/django/core/handlers/asgi.py first seen with mtime 1736641111.2590837
2025-01-17 15:30:12,378 DEBUG autoreload 15517 140287997655936 File /usr/lib64/python3.13/email/quoprimime.py first seen with mtime 1733248792.0
2025-01-17 15:30:12,378 DEBUG autoreload 15517 140287997655936 File /home/danmarques/Documents/Workplace/organixhub-main/core/forms.py first seen with mtime 1736694201.7608976
2025-01-17 15:30:12,380 DEBUG autoreload 15517 140287997655936 File /home/danmarques/.local/lib/python3.13/site-packages/django/core/files/temp.py first seen with mtime 1736641111.2530837
2025-01-17 15:30:12,380 DEBUG autoreload 15517 140287997655936 File /usr/lib64/python3.13/pathlib/__init__.py first seen with mtime 1733248792.0
2025-01-17 15:30:12,381 DEBUG autoreload 15517 140287997655936 File /home/danmarques/.local/lib/python3.13/site-packages/django/utils/deprecation.py first seen with mtime 1736641111.3680854
2025-01-17 15:30:12,381 DEBUG autoreload 15517 140287997655936 File /home/danmarques/.local/lib/python3.13/site-packages/django/core/files/storage/base.py first seen with mtime 1736641111.2550838
2025-01-17 15:30:12,381 DEBUG autoreload 15517 140287997655936 File /home/danmarques/.local/lib/python3.13/site-packages/django/template/backends/django.py first seen with mtime 1736641111.354085
2025-01-17 15:30:12,381 DEBUG autoreload 15517 140287997655936 File /home/danmarques/.local/lib/python3.13/site-packages/django/db/models/fields/proxy.py first seen with mtime 1736641111.3110845
2025-01-17 15:30:12,381 DEBUG autoreload 15517 140287997655936 File /home/danmarques/.local/lib/python3.13/site-packages/django/views/decorators/common.py first seen with mtime 1736641111.3790855
2025-01-17 15:30:12,383 DEBUG autoreload 15517 140287997655936 File /home/danmarques/.local/lib/python3.13/site-packages/django/utils/crypto.py first seen with mtime 1736641111.3660853
2025-01-17 15:30:12,383 DEBUG autoreload 15517 140287997655936 File /usr/lib/python3.13/site-packages/urllib3/fields.py first seen with mtime 1726099200.0
2025-01-17 15:30:12,384 DEBUG autoreload 15517 140287997655936 File /usr/lib/python3.13/site-packages/requests/adapters.py first seen with mtime 1722470400.0
2025-01-17 15:30:12,384 DEBUG autoreload 15517 140287997655936 File /home/danmarques/.local/lib/python3.13/site-packages/dotenv/__init__.py first seen with mtime 1736987877.9086845
2025-01-17 15:30:12,385 DEBUG autoreload 15517 140287997655936 File /home/danmarques/.local/lib/python3.13/site-packages/django/template/library.py first seen with mtime 1736641111.352085
2025-01-17 15:30:12,385 DEBUG autoreload 15517 140287997655936 File /usr/lib64/python3.13/http/__init__.py first seen with mtime 1733248792.0
2025-01-17 15:30:12,385 DEBUG autoreload 15517 140287997655936 File /usr/lib64/python3.13/operator.py first seen with mtime 1733248792.0
2025-01-17 15:30:12,385 DEBUG autoreload 15517 140287997655936 File /usr/lib64/python3.13/asyncio/base_events.py first seen with mtime 1733248792.0
2025-01-17 15:30:12,386 DEBUG autoreload 15517 140287997655936 File /usr/lib64/python3.13/lib-dynload/_opcode.cpython-313-x86_64-linux-gnu.so first seen with mtime 1733702400.0
2025-01-17 15:30:12,386 DEBUG autoreload 15517 140287997655936 File /home/danmarques/.local/lib/python3.13/site-packages/django/core/handlers/exception.py first seen with mtime 1736641111.2600837
2025-01-17 15:30:12,386 DEBUG autoreload 15517 140287997655936 File /home/danmarques/.local/lib/python3.13/site-packages/jazzmin/settings.py first seen with mtime 1736641114.3101268
2025-01-17 15:30:12,386 DEBUG autoreload 15517 140287997655936 File /usr/lib64/python3.13/lib-dynload/_bz2.cpython-313-x86_64-linux-gnu.so first seen with mtime 1733702400.0
2025-01-17 15:30:12,386 DEBUG autoreload 15517 140287997655936 File /usr/lib64/python3.13/lib-dynload/_zoneinfo.cpython-313-x86_64-linux-gnu.so first seen with mtime 1733702400.0
2025-01-17 15:30:12,386 DEBUG autoreload 15517 140287997655936 File /usr/lib/python3.13/site-packages/charset_normalizer/version.py first seen with mtime 1721347200.0
2025-01-17 15:30:12,387 DEBUG autoreload 15517 140287997655936 File /usr/lib64/python3.13/shutil.py first seen with mtime 1733248792.0
2025-01-17 15:30:12,387 DEBUG autoreload 15517 140287997655936 File /usr/lib64/python3.13/importlib/metadata/_functools.py first seen with mtime 1733248792.0
2025-01-17 15:30:12,387 DEBUG autoreload 15517 140287997655936 File /home/danmarques/.local/lib/python3.13/site-packages/sqlparse/keywords.py first seen with mtime 1736641109.7070618
2025-01-17 15:30:12,387 DEBUG autoreload 15517 140287997655936 File /home/danmarques/.local/lib/python3.13/site-packages/django/db/migrations/operations/fields.py first seen with mtime 1736641111.3010843
2025-01-17 15:30:12,387 DEBUG autoreload 15517 140287997655936 File /usr/lib64/python3.13/dataclasses.py first seen with mtime 1733248792.0
2025-01-17 15:30:12,387 DEBUG autoreload 15517 140287997655936 File /usr/lib64/python3.13/lib-dynload/_socket.cpython-313-x86_64-linux-gnu.so first seen with mtime 1733702400.0
2025-01-17 15:30:12,388 DEBUG autoreload 15517 140287997655936 File /usr/lib64/python3.13/calendar.py first seen with mtime 1733248792.0
2025-01-17 15:30:12,388 DEBUG autoreload 15517 140287997655936 File /home/danmarques/.local/lib/python3.13/site-packages/django/shortcuts.py first seen with mtime 1736641110.0870671
2025-01-17 15:30:12,388 DEBUG autoreload 15517 140287997655936 File /home/danmarques/.local/lib/python3.13/site-packages/django/templatetags/l10n.py first seen with mtime 1736641111.3580852
2025-01-17 15:30:12,388 DEBUG autoreload 15517 140287997655936 File /home/danmarques/.local/lib/python3.13/site-packages/django/utils/ipv6.py first seen with mtime 1736641111.3710854
2025-01-17 15:30:12,388 DEBUG autoreload 15517 140287997655936 File /home/danmarques/.local/lib/python3.13/site-packages/django/core/management/color.py first seen with mtime 1736641111.2650838
2025-01-17 15:30:12,388 DEBUG autoreload 15517 140287997655936 File /home/danmarques/.local/lib/python3.13/site-packages/multiselectfield/__init__.py first seen with mtime 1736641404.922231
2025-01-17 15:30:12,389 DEBUG autoreload 15517 140287997655936 File /usr/lib64/python3.13/importlib/resources/abc.py first seen with mtime 1733248792.0
2025-01-17 15:30:12,389 DEBUG autoreload 15517 140287997655936 File /home/danmarques/.local/lib/python3.13/site-packages/admin_interface/apps.py first seen with mtime 1736641066.6084533
2025-01-17 15:30:12,389 DEBUG autoreload 15517 140287997655936 File /usr/lib64/python3.13/concurrent/futures/thread.py first seen with mtime 1733248792.0
2025-01-17 15:30:12,389 DEBUG autoreload 15517 140287997655936 File /home/danmarques/.local/lib/python3.13/site-packages/django/middleware/clickjacking.py first seen with mtime 1736641111.347085
2025-01-17 15:30:12,389 DEBUG autoreload 15517 140287997655936 File /usr/lib64/python3.13/fractions.py first seen with mtime 1733248792.0
2025-01-17 15:30:12,389 DEBUG autoreload 15517 140287997655936 File /home/danmarques/.local/lib/python3.13/site-packages/django/contrib/admin/views/autocomplete.py first seen with mtime 1736641110.431072
2025-01-17 15:30:12,389 DEBUG autoreload 15517 140287997655936 File /usr/lib/python3.13/site-packages/urllib3/request.py first seen with mtime 1726099200.0
2025-01-17 15:30:12,390 DEBUG autoreload 15517 140287997655936 File /usr/lib/python3.13/site-packages/urllib3/util/retry.py first seen with mtime 1726099200.0
2025-01-17 15:30:12,390 DEBUG autoreload 15517 140287997655936 File /usr/lib64/python3.13/lib-dynload/zlib.cpython-313-x86_64-linux-gnu.so first seen with mtime 1733702400.0
2025-01-17 15:30:12,390 DEBUG autoreload 15517 140287997655936 File /home/danmarques/.local/lib/python3.13/site-packages/admin_interface/templatetags/admin_interface_tags.py first seen with mtime 1736641066.6564538
2025-01-17 15:30:12,390 DEBUG autoreload 15517 140287997655936 File /home/danmarques/.local/lib/python3.13/site-packages/django/views/debug.py first seen with mtime 1736641111.3770854
2025-01-17 15:30:12,390 DEBUG autoreload 15517 140287997655936 File /usr/lib64/python3.13/email/mime/message.py first seen with mtime 1733248792.0
2025-01-17 15:30:12,390 DEBUG autoreload 15517 140287997655936 File /usr/lib/python3.13/site-packages/packaging/version.py first seen with mtime 1721347200.0
2025-01-17 15:30:12,390 DEBUG autoreload 15517 140287997655936 File /home/danmarques/.local/lib/python3.13/site-packages/django/db/models/constraints.py first seen with mtime 1736641111.3040843
2025-01-17 15:30:12,391 DEBUG autoreload 15517 140287997655936 File /usr/lib64/python3.13/socketserver.py first seen with mtime 1733248792.0
2025-01-17 15:30:12,391 DEBUG autoreload 15517 140287997655936 File /home/danmarques/.local/lib/python3.13/site-packages/django/core/files/storage/filesystem.py first seen with mtime 1736641111.2550838
2025-01-17 15:30:12,391 DEBUG autoreload 15517 140287997655936 File /home/danmarques/.local/lib/python3.13/site-packages/django/views/csrf.py first seen with mtime 1736641111.3770854
2025-01-17 15:30:12,391 DEBUG autoreload 15517 140287997655936 File /usr/lib64/python3.13/lib-dynload/_pickle.cpython-313-x86_64-linux-gnu.so first seen with mtime 1733702400.0
2025-01-17 15:30:12,391 DEBUG autoreload 15517 140287997655936 File /home/danmarques/.local/lib/python3.13/site-packages/django/db/models/__init__.py first seen with mtime 1736641111.3020844
2025-01-17 15:30:12,391 DEBUG autoreload 15517 140287997655936 File /home/danmarques/.local/lib/python3.13/site-packages/sqlparse/engine/filter_stack.py first seen with mtime 1736641109.7090619
2025-01-17 15:30:12,391 DEBUG autoreload 15517 140287997655936 File /home/danmarques/.local/lib/python3.13/site-packages/django/db/models/fields/related.py first seen with mtime 1736641111.3110845
2025-01-17 15:30:12,392 DEBUG autoreload 15517 140287997655936 File /usr/lib64/python3.13/encodings/__init__.py first seen with mtime 1733248792.0
2025-01-17 15:30:12,392 DEBUG autoreload 15517 140287997655936 File /home/danmarques/.local/lib/python3.13/site-packages/django/core/management/commands/runserver.py first seen with mtime 1736641111.270084
2025-01-17 15:30:12,392 DEBUG autoreload 15517 140287997655936 File /home/danmarques/.local/lib/python3.13/site-packages/admin_interface/models.py first seen with mtime 1736641066.6094532
2025-01-17 15:30:12,394 DEBUG autoreload 15517 140287997655936 File /usr/lib64/python3.13/email/encoders.py first seen with mtime 1733248792.0
2025-01-17 15:30:12,394 DEBUG autoreload 15517 140287997655936 File /usr/lib64/python3.13/random.py first seen with mtime 1733248792.0
2025-01-17 15:30:12,395 DEBUG autoreload 15517 140287997655936 File /home/danmarques/.local/lib/python3.13/site-packages/django/utils/cache.py first seen with mtime 1736641111.3650851
2025-01-17 15:30:12,395 DEBUG autoreload 15517 140287997655936 File /home/danmarques/.local/lib/python3.13/site-packages/django/core/checks/urls.py first seen with mtime 1736641111.2490835
2025-01-17 15:30:12,395 DEBUG autoreload 15517 140287997655936 File /home/danmarques/.local/lib/python3.13/site-packages/django/db/backends/sqlite3/schema.py first seen with mtime 1736641111.2950842
2025-01-17 15:30:12,395 DEBUG autoreload 15517 140287997655936 File /usr/lib64/python3.13/bz2.py first seen with mtime 1733248792.0
2025-01-17 15:30:12,395 DEBUG autoreload 15517 140287997655936 File /home/danmarques/.local/lib/python3.13/site-packages/django/db/migrations/operations/models.py first seen with mtime 1736641111.3010843
2025-01-17 15:30:12,395 DEBUG autoreload 15517 140287997655936 File /home/danmarques/.local/lib/python3.13/site-packages/django/core/signing.py first seen with mtime 1736641111.2390835
2025-01-17 15:30:12,396 DEBUG autoreload 15517 140287997655936 File /usr/lib64/python3.13/string.py first seen with mtime 1733248792.0
2025-01-17 15:30:12,396 DEBUG autoreload 15517 140287997655936 File /usr/lib64/python3.13/bisect.py first seen with mtime 1733248792.0
2025-01-17 15:30:12,396 DEBUG autoreload 15517 140287997655936 File /usr/lib64/python3.13/email/_encoded_words.py first seen with mtime 1733248792.0
2025-01-17 15:30:12,396 DEBUG autoreload 15517 140287997655936 File /home/danmarques/.local/lib/python3.13/site-packages/paypal/standard/ipn/__init__.py first seen with mtime 1736641150.7306411
2025-01-17 15:30:12,396 DEBUG autoreload 15517 140287997655936 File /home/danmarques/.local/lib/python3.13/site-packages/django/core/wsgi.py first seen with mtime 1736641111.2400835
2025-01-17 15:30:12,397 DEBUG autoreload 15517 140287997655936 File /home/danmarques/.local/lib/python3.13/site-packages/django/core/handlers/__init__.py first seen with mtime 1736641111.2580838
2025-01-17 15:30:12,397 DEBUG autoreload 15517 140287997655936 File /home/danmarques/.local/lib/python3.13/site-packages/django/utils/termcolors.py first seen with mtime 1736641111.3730853
2025-01-17 15:30:12,397 DEBUG autoreload 15517 140287997655936 File /usr/lib64/python3.13/lib-dynload/binascii.cpython-313-x86_64-linux-gnu.so first seen with mtime 1733702400.0
2025-01-17 15:30:12,397 DEBUG autoreload 15517 140287997655936 File /usr/lib64/python3.13/importlib/metadata/__init__.py first seen with mtime 1733248792.0
2025-01-17 15:30:12,397 DEBUG autoreload 15517 140287997655936 File /usr/lib64/python3.13/json/__init__.py first seen with mtime 1733248792.0
2025-01-17 15:30:12,397 DEBUG autoreload 15517 140287997655936 File /usr/lib64/python3.13/pprint.py first seen with mtime 1733248792.0
2025-01-17 15:30:12,397 DEBUG autoreload 15517 140287997655936 File /home/danmarques/.local/lib/python3.13/site-packages/django/db/models/fields/generated.py first seen with mtime 1736641111.3100843
2025-01-17 15:30:12,398 DEBUG autoreload 15517 140287997655936 File /usr/lib64/python3.13/collections/__init__.py first seen with mtime 1733248792.0
2025-01-17 15:30:12,398 DEBUG autoreload 15517 140287997655936 File /home/danmarques/.local/lib/python3.13/site-packages/django/contrib/admin/sites.py first seen with mtime 1736641110.225069
2025-01-17 15:30:12,398 DEBUG autoreload 15517 140287997655936 File /home/danmarques/.local/lib/python3.13/site-packages/django_ckeditor_5/validators.py first seen with mtime 1736641289.9706075
2025-01-17 15:30:12,398 DEBUG autoreload 15517 140287997655936 File /home/danmarques/.local/lib/python3.13/site-packages/brazilcep/opencep.py first seen with mtime 1736641445.4536595
2025-01-17 15:30:12,398 DEBUG autoreload 15517 140287997655936 File /home/danmarques/.local/lib/python3.13/site-packages/django/contrib/sessions/backends/base.py first seen with mtime 1736641111.1010816
2025-01-17 15:30:12,398 DEBUG autoreload 15517 140287997655936 File /home/danmarques/.local/lib/python3.13/site-packages/django/utils/translation/__init__.py first seen with mtime 1736641111.3750854
2025-01-17 15:30:12,399 DEBUG autoreload 15517 140287997655936 File /usr/lib/python3.13/site-packages/urllib3/contrib/__init__.py first seen with mtime 1726099200.0
2025-01-17 15:30:12,399 DEBUG autoreload 15517 140287997655936 File /home/danmarques/.local/lib/python3.13/site-packages/asgiref/local.py first seen with mtime 1736641109.8740642
2025-01-17 15:30:12,399 DEBUG autoreload 15517 140287997655936 File /usr/lib64/python3.13/logging/__init__.py first seen with mtime 1733248792.0
2025-01-17 15:30:12,399 DEBUG autoreload 15517 140287997655936 File /usr/lib/python3.13/site-packages/urllib3/connectionpool.py first seen with mtime 1726099200.0
2025-01-17 15:30:12,399 DEBUG autoreload 15517 140287997655936 File /home/danmarques/.local/lib/python3.13/site-packages/django/db/backends/sqlite3/operations.py first seen with mtime 1736641111.2950842
2025-01-17 15:30:12,399 DEBUG autoreload 15517 140287997655936 File /usr/lib64/python3.13/selectors.py first seen with mtime 1733248792.0
2025-01-17 15:30:12,399 DEBUG autoreload 15517 140287997655936 File /usr/lib64/python3.13/site-packages/PIL/_util.py first seen with mtime 1728950400.0
2025-01-17 15:30:12,400 DEBUG autoreload 15517 140287997655936 File /usr/lib64/python3.13/lib-dynload/fcntl.cpython-313-x86_64-linux-gnu.so first seen with mtime 1733702400.0
2025-01-17 15:30:12,400 DEBUG autoreload 15517 140287997655936 File /usr/lib64/python3.13/queue.py first seen with mtime 1733248792.0
2025-01-17 15:30:12,400 DEBUG autoreload 15517 140287997655936 File /usr/lib/python3.13/site-packages/requests/sessions.py first seen with mtime 1722470400.0
2025-01-17 15:30:12,400 DEBUG autoreload 15517 140287997655936 File /home/danmarques/.local/lib/python3.13/site-packages/marshmallow/warnings.py first seen with mtime 1736987878.1026871
2025-01-17 15:30:12,400 DEBUG autoreload 15517 140287997655936 File /usr/lib64/python3.13/email/base64mime.py first seen with mtime 1733248792.0
2025-01-17 15:30:12,400 DEBUG autoreload 15517 140287997655936 File /home/danmarques/.local/lib/python3.13/site-packages/taggit/__init__.py first seen with mtime 1736641174.6709793
2025-01-17 15:30:12,401 DEBUG autoreload 15517 140287997655936 File /usr/lib64/python3.13/graphlib.py first seen with mtime 1733248792.0
2025-01-17 15:30:12,401 DEBUG autoreload 15517 140287997655936 File /home/danmarques/.local/lib/python3.13/site-packages/django/utils/autoreload.py first seen with mtime 1736641111.3650851
2025-01-17 15:30:12,401 DEBUG autoreload 15517 140287997655936 File /home/danmarques/.local/lib/python3.13/site-packages/django/template/loaders/app_directories.py first seen with mtime 1736641111.356085
2025-01-17 15:30:12,401 DEBUG autoreload 15517 140287997655936 File /home/danmarques/.local/lib/python3.13/site-packages/django_ckeditor_5/forms.py first seen with mtime 1736641289.9676075
2025-01-17 15:30:12,401 DEBUG autoreload 15517 140287997655936 File /home/danmarques/.local/lib/python3.13/site-packages/django/http/multipartparser.py first seen with mtime 1736641111.346085
2025-01-17 15:30:12,401 DEBUG autoreload 15517 140287997655936 File /home/danmarques/.local/lib/python3.13/site-packages/django/views/generic/base.py first seen with mtime 1736641111.3810854
2025-01-17 15:30:12,401 DEBUG autoreload 15517 140287997655936 File /usr/lib64/python3.13/concurrent/futures/_base.py first seen with mtime 1733248792.0
2025-01-17 15:30:12,402 DEBUG autoreload 15517 140287997655936 File /home/danmarques/.local/lib/python3.13/site-packages/django/views/generic/__init__.py first seen with mtime 1736641111.3810854
2025-01-17 15:30:12,402 DEBUG autoreload 15517 140287997655936 File /usr/lib64/python3.13/lib-dynload/_statistics.cpython-313-x86_64-linux-gnu.so first seen with mtime 1733702400.0
2025-01-17 15:30:12,402 DEBUG autoreload 15517 140287997655936 File /usr/lib64/python3.13/lib-dynload/_heapq.cpython-313-x86_64-linux-gnu.so first seen with mtime 1733702400.0
2025-01-17 15:30:12,402 DEBUG autoreload 15517 140287997655936 File /home/danmarques/.local/lib/python3.13/site-packages/django/core/serializers/base.py first seen with mtime 1736641111.2740839
2025-01-17 15:30:12,402 DEBUG autoreload 15517 140287997655936 File /usr/lib/python3.13/site-packages/urllib3/filepost.py first seen with mtime 1726099200.0
2025-01-17 15:30:12,402 DEBUG autoreload 15517 140287997655936 File /home/danmarques/.local/lib/python3.13/site-packages/django/contrib/contenttypes/views.py first seen with mtime 1736641110.5880742
2025-01-17 15:30:12,403 DEBUG autoreload 15517 140287997655936 File /home/danmarques/.local/lib/python3.13/site-packages/django/db/backends/base/features.py first seen with mtime 1736641111.2800841
2025-01-17 15:30:12,403 DEBUG autoreload 15517 140287997655936 File /usr/lib64/python3.13/threading.py first seen with mtime 1733248792.0
2025-01-17 15:30:12,403 DEBUG autoreload 15517 140287997655936 File /home/danmarques/.local/lib/python3.13/site-packages/django/contrib/admin/views/__init__.py first seen with mtime 1736641110.429072
2025-01-17 15:30:12,403 DEBUG autoreload 15517 140287997655936 File /home/danmarques/.local/lib/python3.13/site-packages/django/db/utils.py first seen with mtime 1736641111.277084
2025-01-17 15:30:12,403 DEBUG autoreload 15517 140287997655936 File /home/danmarques/.local/lib/python3.13/site-packages/django/db/backends/base/introspection.py first seen with mtime 1736641111.281084
2025-01-17 15:30:12,403 DEBUG autoreload 15517 140287997655936 File /home/danmarques/.local/lib/python3.13/site-packages/django/templatetags/__init__.py first seen with mtime 1736641111.3570852
2025-01-17 15:30:12,403 DEBUG autoreload 15517 140287997655936 File /usr/lib64/python3.13/encodings/aliases.py first seen with mtime 1733248792.0
2025-01-17 15:30:12,404 DEBUG autoreload 15517 140287997655936 File /usr/lib64/python3.13/logging/handlers.py first seen with mtime 1733248792.0
2025-01-17 15:30:12,404 DEBUG autoreload 15517 140287997655936 File /usr/lib64/python3.13/email/headerregistry.py first seen with mtime 1733248792.0
2025-01-17 15:30:12,404 DEBUG autoreload 15517 140287997655936 File /home/danmarques/.local/lib/python3.13/site-packages/django/contrib/auth/__init__.py first seen with mtime 1736641110.503073
2025-01-17 15:30:12,404 DEBUG autoreload 15517 140287997655936 File /home/danmarques/.local/lib/python3.13/site-packages/django/core/paginator.py first seen with mtime 1736641111.2390835
2025-01-17 15:30:12,404 DEBUG autoreload 15517 140287997655936 File /home/danmarques/.local/lib/python3.13/site-packages/taggit/forms.py first seen with mtime 1736641174.6719792
2025-01-17 15:30:12,404 DEBUG autoreload 15517 140287997655936 File /usr/lib64/python3.13/lib-dynload/_decimal.cpython-313-x86_64-linux-gnu.so first seen with mtime 1733702400.0
2025-01-17 15:30:12,404 DEBUG autoreload 15517 140287997655936 File /usr/lib64/python3.13/_weakrefset.py first seen with mtime 1733248792.0
2025-01-17 15:30:12,405 DEBUG autoreload 15517 140287997655936 File /home/danmarques/.local/lib/python3.13/site-packages/django/db/models/aggregates.py first seen with mtime 1736641111.3020844
2025-01-17 15:30:12,405 DEBUG autoreload 15517 140287997655936 File /home/danmarques/.local/lib/python3.13/site-packages/environs/exceptions.py first seen with mtime 1736987878.6696947
2025-01-17 15:30:12,405 DEBUG autoreload 15517 140287997655936 File /usr/lib64/python3.13/pickle.py first seen with mtime 1733248792.0
2025-01-17 15:30:12,405 DEBUG autoreload 15517 140287997655936 File /home/danmarques/.local/lib/python3.13/site-packages/django/templatetags/cache.py first seen with mtime 1736641111.3570852
2025-01-17 15:30:12,405 DEBUG autoreload 15517 140287997655936 File /home/danmarques/.local/lib/python3.13/site-packages/django/conf/urls/__init__.py first seen with mtime 1736641110.221069
2025-01-17 15:30:12,405 DEBUG autoreload 15517 140287997655936 File /usr/lib/python3.13/site-packages/urllib3/util/response.py first seen with mtime 1726099200.0
2025-01-17 15:30:12,408 DEBUG autoreload 15517 140287997655936 File /usr/lib/python3.13/site-packages/requests/cookies.py first seen with mtime 1722470400.0
2025-01-17 15:30:12,408 DEBUG autoreload 15517 140287997655936 File /home/danmarques/.local/lib/python3.13/site-packages/sqlparse/__init__.py first seen with mtime 1736641109.705062
2025-01-17 15:30:12,408 DEBUG autoreload 15517 140287997655936 File /home/danmarques/.local/lib/python3.13/site-packages/django/contrib/messages/api.py first seen with mtime 1736641110.9370792
2025-01-17 15:30:12,408 DEBUG autoreload 15517 140287997655936 File /home/danmarques/.local/lib/python3.13/site-packages/django/core/cache/backends/__init__.py first seen with mtime 1736641111.2410834
2025-01-17 15:30:12,408 DEBUG autoreload 15517 140287997655936 File /home/danmarques/.local/lib/python3.13/site-packages/django/contrib/sessions/exceptions.py first seen with mtime 1736641111.0560808
2025-01-17 15:30:12,408 DEBUG autoreload 15517 140287997655936 File /usr/lib64/python3.13/encodings/idna.py first seen with mtime 1733248792.0
2025-01-17 15:30:12,409 DEBUG autoreload 15517 140287997655936 File /usr/lib/python3.13/site-packages/idna/intranges.py first seen with mtime 1721347200.0
2025-01-17 15:30:12,409 DEBUG autoreload 15517 140287997655936 File /usr/lib64/python3.13/re/_constants.py first seen with mtime 1733248792.0
2025-01-17 15:30:12,409 DEBUG autoreload 15517 140287997655936 File /usr/lib64/python3.13/asyncio/exceptions.py first seen with mtime 1733248792.0
2025-01-17 15:30:12,409 DEBUG autoreload 15517 140287997655936 File /home/danmarques/.local/lib/python3.13/site-packages/django/views/generic/edit.py first seen with mtime 1736641111.3820856
2025-01-17 15:30:12,409 DEBUG autoreload 15517 140287997655936 File /home/danmarques/.local/lib/python3.13/site-packages/django/contrib/sessions/__init__.py first seen with mtime 1736641111.055081
2025-01-17 15:30:12,411 DEBUG autoreload 15517 140287997655936 File /usr/lib64/python3.13/struct.py first seen with mtime 1733248792.0
2025-01-17 15:30:12,412 DEBUG autoreload 15517 140287997655936 File /usr/lib64/python3.13/asyncio/futures.py first seen with mtime 1733248792.0
2025-01-17 15:30:12,412 DEBUG autoreload 15517 140287997655936 File /home/danmarques/.local/lib/python3.13/site-packages/django/forms/forms.py first seen with mtime 1736641111.3210845
2025-01-17 15:30:12,412 DEBUG autoreload 15517 140287997655936 File /home/danmarques/.local/lib/python3.13/site-packages/paypal/standard/models.py first seen with mtime 1736641150.7296412
2025-01-17 15:30:12,412 DEBUG autoreload 15517 140287997655936 File /home/danmarques/.local/lib/python3.13/site-packages/django/db/backends/signals.py first seen with mtime 1736641111.278084
2025-01-17 15:30:12,412 DEBUG autoreload 15517 140287997655936 File /home/danmarques/.local/lib/python3.13/site-packages/django/contrib/contenttypes/management/__init__.py first seen with mtime 1736641110.705076
2025-01-17 15:30:12,412 DEBUG autoreload 15517 140287997655936 File /usr/lib64/python3.13/asyncio/trsock.py first seen with mtime 1733248792.0
2025-01-17 15:30:12,413 DEBUG autoreload 15517 140287997655936 File /usr/lib/python3.13/site-packages/urllib3/connection.py first seen with mtime 1726099200.0
2025-01-17 15:30:12,413 DEBUG autoreload 15517 140287997655936 File /home/danmarques/.local/lib/python3.13/site-packages/django/http/__init__.py first seen with mtime 1736641111.345085
2025-01-17 15:30:12,413 DEBUG autoreload 15517 140287997655936 File /usr/lib64/python3.13/email/policy.py first seen with mtime 1733248792.0
2025-01-17 15:30:12,413 DEBUG autoreload 15517 140287997655936 File /usr/lib64/python3.13/quopri.py first seen with mtime 1733248792.0
2025-01-17 15:30:12,415 DEBUG autoreload 15517 140287997655936 File /usr/lib64/python3.13/lib-dynload/_bisect.cpython-313-x86_64-linux-gnu.so first seen with mtime 1733702400.0
2025-01-17 15:30:12,416 DEBUG autoreload 15517 140287997655936 File /home/danmarques/.local/lib/python3.13/site-packages/django/contrib/staticfiles/views.py first seen with mtime 1736641111.2360835
2025-01-17 15:30:12,416 DEBUG autoreload 15517 140287997655936 File /home/danmarques/.local/lib/python3.13/site-packages/django/views/decorators/cache.py first seen with mtime 1736641111.3790855
2025-01-17 15:30:12,416 DEBUG autoreload 15517 140287997655936 File /home/danmarques/.local/lib/python3.13/site-packages/brazilcep/__version__.py first seen with mtime 1736641445.4526596
2025-01-17 15:30:12,416 DEBUG autoreload 15517 140287997655936 File /home/danmarques/.local/lib/python3.13/site-packages/django/contrib/contenttypes/apps.py first seen with mtime 1736641110.5860744
2025-01-17 15:30:12,416 DEBUG autoreload 15517 140287997655936 File /usr/lib/python3.13/site-packages/urllib3/packages/six.py first seen with mtime 1726099200.0
2025-01-17 15:30:12,416 DEBUG autoreload 15517 140287997655936 File /usr/lib64/python3.13/multiprocessing/context.py first seen with mtime 1733248792.0
2025-01-17 15:30:12,417 DEBUG autoreload 15517 140287997655936 File /home/danmarques/.local/lib/python3.13/site-packages/django/contrib/messages/utils.py first seen with mtime 1736641110.9390793
2025-01-17 15:30:12,417 DEBUG autoreload 15517 140287997655936 File /usr/lib64/python3.13/pathlib/_local.py first seen with mtime 1733248792.0
2025-01-17 15:30:12,417 DEBUG autoreload 15517 140287997655936 File /home/danmarques/.local/lib/python3.13/site-packages/django/template/loader.py first seen with mtime 1736641111.353085
2025-01-17 15:30:12,417 DEBUG autoreload 15517 140287997655936 File /home/danmarques/.local/lib/python3.13/site-packages/django/templatetags/static.py first seen with mtime 1736641111.3580852
2025-01-17 15:30:12,423 DEBUG autoreload 15517 140287997655936 File /home/danmarques/.local/lib/python3.13/site-packages/paypal/standard/__init__.py first seen with mtime 1736641150.727641
2025-01-17 15:30:12,424 DEBUG autoreload 15517 140287997655936 File /usr/lib64/python3.13/tempfile.py first seen with mtime 1733248792.0
2025-01-17 15:30:12,424 DEBUG autoreload 15517 140287997655936 File /home/danmarques/.local/lib/python3.13/site-packages/admin_interface/templatetags/__init__.py first seen with mtime 1736641066.6564538
2025-01-17 15:30:12,424 DEBUG autoreload 15517 140287997655936 File /home/danmarques/Documents/Workplace/organixhub-main/core/models.py first seen with mtime 1737136502.8718534
2025-01-17 15:30:12,426 DEBUG autoreload 15517 140287997655936 File /home/danmarques/.local/lib/python3.13/site-packages/django/utils/text.py first seen with mtime 1736641111.3740854
2025-01-17 15:30:12,427 DEBUG autoreload 15517 140287997655936 File /home/danmarques/.local/lib/python3.13/site-packages/django/views/generic/dates.py first seen with mtime 1736641111.3810854
2025-01-17 15:30:12,427 DEBUG autoreload 15517 140287997655936 File /home/danmarques/.local/lib/python3.13/site-packages/django/utils/lorem_ipsum.py first seen with mtime 1736641111.3720853
2025-01-17 15:30:12,427 DEBUG autoreload 15517 140287997655936 File /usr/lib64/python3.13/concurrent/futures/__init__.py first seen with mtime 1733248792.0
2025-01-17 15:30:12,427 DEBUG autoreload 15517 140287997655936 File /home/danmarques/.local/lib/python3.13/site-packages/django/core/files/storage/__init__.py first seen with mtime 1736641111.2540836
2025-01-17 15:30:12,427 DEBUG autoreload 15517 140287997655936 File /home/danmarques/.local/lib/python3.13/site-packages/asgiref/current_thread_executor.py first seen with mtime 1736641109.8730643
2025-01-17 15:30:12,428 DEBUG autoreload 15517 140287997655936 File /usr/lib64/python3.13/ast.py first seen with mtime 1733248792.0
2025-01-17 15:30:12,428 DEBUG autoreload 15517 140287997655936 File /home/danmarques/.local/lib/python3.13/site-packages/django/db/models/fields/related_lookups.py first seen with mtime 1736641111.3120844
2025-01-17 15:30:12,428 DEBUG autoreload 15517 140287997655936 File /home/danmarques/.local/lib/python3.13/site-packages/django/core/checks/registry.py first seen with mtime 1736641111.2450836
2025-01-17 15:30:12,428 DEBUG autoreload 15517 140287997655936 File /home/danmarques/.local/lib/python3.13/site-packages/brazilcep/viacep.py first seen with mtime 1736641445.4546597
2025-01-17 15:30:12,430 DEBUG autoreload 15517 140287997655936 File /home/danmarques/.local/lib/python3.13/site-packages/django/core/management/commands/__init__.py first seen with mtime 1736641111.266084
2025-01-17 15:30:12,430 DEBUG autoreload 15517 140287997655936 File /home/danmarques/.local/lib/python3.13/site-packages/django/core/checks/compatibility/__init__.py first seen with mtime 1736641111.2490835
2025-01-17 15:30:12,431 DEBUG autoreload 15517 140287997655936 File /home/danmarques/.local/lib/python3.13/site-packages/django/contrib/auth/models.py first seen with mtime 1736641110.508073
2025-01-17 15:30:12,431 DEBUG autoreload 15517 140287997655936 File /home/danmarques/.local/lib/python3.13/site-packages/pytz/__init__.py first seen with mtime 1736641150.4136367
2025-01-17 15:30:12,431 DEBUG autoreload 15517 140287997655936 File /home/danmarques/.local/lib/python3.13/site-packages/django/contrib/admin/models.py first seen with mtime 1736641110.224069
2025-01-17 15:30:12,432 DEBUG autoreload 15517 140287997655936 File /home/danmarques/.local/lib/python3.13/site-packages/django/db/models/signals.py first seen with mtime 1736641111.3080845
2025-01-17 15:30:12,432 DEBUG autoreload 15517 140287997655936 File /usr/lib64/python3.13/email/mime/base.py first seen with mtime 1733248792.0
2025-01-17 15:30:12,433 DEBUG autoreload 15517 140287997655936 File /usr/lib64/python3.13/base64.py first seen with mtime 1733248792.0
2025-01-17 15:30:12,434 DEBUG autoreload 15517 140287997655936 File /usr/lib64/python3.13/asyncio/subprocess.py first seen with mtime 1733248792.0
2025-01-17 15:30:12,434 DEBUG autoreload 15517 140287997655936 File /home/danmarques/.local/lib/python3.13/site-packages/django/core/exceptions.py first seen with mtime 1736641111.2380834
2025-01-17 15:30:12,434 DEBUG autoreload 15517 140287997655936 File /home/danmarques/.local/lib/python3.13/site-packages/pytz/lazy.py first seen with mtime 1736641150.4146366
2025-01-17 15:30:12,435 DEBUG autoreload 15517 140287997655936 File /usr/lib64/python3.13/hashlib.py first seen with mtime 1733248792.0
2025-01-17 15:30:12,435 DEBUG autoreload 15517 140287997655936 File /home/danmarques/.local/lib/python3.13/site-packages/django/contrib/auth/management/__init__.py first seen with mtime 1736641110.5810742
2025-01-17 15:30:12,435 DEBUG autoreload 15517 140287997655936 File /usr/lib64/python3.13/functools.py first seen with mtime 1733248792.0
2025-01-17 15:30:12,435 DEBUG autoreload 15517 140287997655936 File /home/danmarques/.local/lib/python3.13/site-packages/django/contrib/admin/helpers.py first seen with mtime 1736641110.224069
2025-01-17 15:30:12,436 DEBUG autoreload 15517 140287997655936 File /home/danmarques/.local/lib/python3.13/site-packages/django/core/servers/__init__.py first seen with mtime 1736641111.276084
2025-01-17 15:30:12,436 DEBUG autoreload 15517 140287997655936 File /home/danmarques/.local/lib/python3.13/site-packages/django/db/models/functions/math.py first seen with mtime 1736641111.3150845
2025-01-17 15:30:12,436 DEBUG autoreload 15517 140287997655936 File /home/danmarques/.local/lib/python3.13/site-packages/django/contrib/admin/templatetags/admin_list.py first seen with mtime 1736641110.428072
2025-01-17 15:30:12,437 DEBUG autoreload 15517 140287997655936 File /home/danmarques/.local/lib/python3.13/site-packages/django/core/mail/utils.py first seen with mtime 1736641111.2610838
2025-01-17 15:30:12,437 DEBUG autoreload 15517 140287997655936 File /home/danmarques/.local/lib/python3.13/site-packages/django/db/models/fields/json.py first seen with mtime 1736641111.3100843
2025-01-17 15:30:12,437 DEBUG autoreload 15517 140287997655936 File /home/danmarques/.local/lib/python3.13/site-packages/django/views/generic/detail.py first seen with mtime 1736641111.3820856
2025-01-17 15:30:12,438 DEBUG autoreload 15517 140287997655936 File /usr/lib64/python3.13/lib-dynload/_contextvars.cpython-313-x86_64-linux-gnu.so first seen with mtime 1733702400.0
2025-01-17 15:30:12,438 DEBUG autoreload 15517 140287997655936 File /home/danmarques/.local/lib/python3.13/site-packages/django/core/checks/security/base.py first seen with mtime 1736641111.2510836
2025-01-17 15:30:12,439 DEBUG autoreload 15517 140287997655936 File /usr/lib64/python3.13/opcode.py first seen with mtime 1733248792.0
2025-01-17 15:30:12,439 DEBUG autoreload 15517 140287997655936 File /home/danmarques/.local/lib/python3.13/site-packages/django/core/cache/backends/filebased.py first seen with mtime 1736641111.2420835
2025-01-17 15:30:12,439 DEBUG autoreload 15517 140287997655936 File /home/danmarques/.local/lib/python3.13/site-packages/django/db/models/fields/reverse_related.py first seen with mtime 1736641111.3130846
2025-01-17 15:30:12,440 DEBUG autoreload 15517 140287997655936 File /home/danmarques/.local/lib/python3.13/site-packages/django/template/backends/__init__.py first seen with mtime 1736641111.354085
2025-01-17 15:30:12,440 DEBUG autoreload 15517 140287997655936 File /usr/lib/python3.13/site-packages/urllib3/util/url.py first seen with mtime 1726099200.0
2025-01-17 15:30:12,440 DEBUG autoreload 15517 140287997655936 File /home/danmarques/.local/lib/python3.13/site-packages/multiselectfield/forms/fields.py first seen with mtime 1736641404.925231
2025-01-17 15:30:12,440 DEBUG autoreload 15517 140287997655936 File /home/danmarques/.local/lib/python3.13/site-packages/brazilcep/client.py first seen with mtime 1736641445.4536595
2025-01-17 15:30:12,440 DEBUG autoreload 15517 140287997655936 File /usr/lib/python3.13/site-packages/requests/structures.py first seen with mtime 1722470400.0
2025-01-17 15:30:12,441 DEBUG autoreload 15517 140287997655936 File /home/danmarques/.local/lib/python3.13/site-packages/sqlparse/filters/tokens.py first seen with mtime 1736641109.712062
2025-01-17 15:30:12,441 DEBUG autoreload 15517 140287997655936 File /home/danmarques/.local/lib/python3.13/site-packages/django/db/backends/__init__.py first seen with mtime 1736641111.278084
2025-01-17 15:30:12,441 DEBUG autoreload 15517 140287997655936 File /home/danmarques/.local/lib/python3.13/site-packages/django/views/decorators/debug.py first seen with mtime 1736641111.3800855
2025-01-17 15:30:12,442 DEBUG autoreload 15517 140287997655936 File /home/danmarques/.local/lib/python3.13/site-packages/django/contrib/admin/templatetags/base.py first seen with mtime 1736641110.429072
2025-01-17 15:30:12,442 DEBUG autoreload 15517 140287997655936 File /home/danmarques/.local/lib/python3.13/site-packages/django/utils/html.py first seen with mtime 1736641111.3700852
2025-01-17 15:30:12,442 DEBUG autoreload 15517 140287997655936 File /home/danmarques/Documents/Workplace/organixhub-main/userauths/apps.py first seen with mtime 1736694202.9149127
2025-01-17 15:30:12,443 DEBUG autoreload 15517 140287997655936 File /home/danmarques/.local/lib/python3.13/site-packages/django/core/files/uploadhandler.py first seen with mtime 1736641111.2540836
2025-01-17 15:30:12,443 DEBUG autoreload 15517 140287997655936 File /home/danmarques/.local/lib/python3.13/site-packages/django/utils/http.py first seen with mtime 1736641111.3700852
2025-01-17 15:30:12,443 DEBUG autoreload 15517 140287997655936 File /home/danmarques/.local/lib/python3.13/site-packages/sqlparse/exceptions.py first seen with mtime 1736641109.7060618
2025-01-17 15:30:12,444 DEBUG autoreload 15517 140287997655936 File /home/danmarques/.local/lib/python3.13/site-packages/django/db/models/sql/query.py first seen with mtime 1736641111.3180845
2025-01-17 15:30:12,444 DEBUG autoreload 15517 140287997655936 File /usr/lib64/python3.13/_markupbase.py first seen with mtime 1733248792.0
2025-01-17 15:30:12,445 DEBUG autoreload 15517 140287997655936 File /usr/lib64/python3.13/lib-dynload/_struct.cpython-313-x86_64-linux-gnu.so first seen with mtime 1733702400.0
2025-01-17 15:30:12,445 DEBUG autoreload 15517 140287997655936 File /home/danmarques/.local/lib/python3.13/site-packages/django/urls/resolvers.py first seen with mtime 1736641111.3630853
2025-01-17 15:30:12,445 DEBUG autoreload 15517 140287997655936 File /home/danmarques/.local/lib/python3.13/site-packages/django/utils/deconstruct.py first seen with mtime 1736641111.3670852
2025-01-17 15:30:12,446 DEBUG autoreload 15517 140287997655936 File /usr/lib64/python3.13/gettext.py first seen with mtime 1733248792.0
2025-01-17 15:30:12,446 DEBUG autoreload 15517 140287997655936 File /home/danmarques/.local/lib/python3.13/site-packages/django/utils/dateparse.py first seen with mtime 1736641111.3670852
2025-01-17 15:30:12,446 DEBUG autoreload 15517 140287997655936 File /home/danmarques/.local/lib/python3.13/site-packages/django/contrib/staticfiles/handlers.py first seen with mtime 1736641111.2350833
2025-01-17 15:30:12,447 DEBUG autoreload 15517 140287997655936 File /usr/lib64/python3.13/asyncio/timeouts.py first seen with mtime 1733248792.0
2025-01-17 15:30:12,447 DEBUG autoreload 15517 140287997655936 File /home/danmarques/.local/lib/python3.13/site-packages/django/contrib/messages/constants.py first seen with mtime 1736641110.938079
2025-01-17 15:30:12,447 DEBUG autoreload 15517 140287997655936 File /home/danmarques/.local/lib/python3.13/site-packages/django/db/models/fields/mixins.py first seen with mtime 1736641111.3100843
2025-01-17 15:30:12,447 DEBUG autoreload 15517 140287997655936 File /home/danmarques/.local/lib/python3.13/site-packages/django/db/models/sql/__init__.py first seen with mtime 1736641111.3160846
2025-01-17 15:30:12,448 DEBUG autoreload 15517 140287997655936 File /home/danmarques/.local/lib/python3.13/site-packages/django/db/backends/sqlite3/client.py first seen with mtime 1736641111.2930841
2025-01-17 15:30:12,448 DEBUG autoreload 15517 140287997655936 File /home/danmarques/.local/lib/python3.13/site-packages/django/utils/timesince.py first seen with mtime 1736641111.3740854
2025-01-17 15:30:12,448 DEBUG autoreload 15517 140287997655936 File /home/danmarques/.local/lib/python3.13/site-packages/marshmallow/validate.py first seen with mtime 1736987878.1016872
2025-01-17 15:30:12,449 DEBUG autoreload 15517 140287997655936 File /home/danmarques/.local/lib/python3.13/site-packages/slugify/__init__.py first seen with mtime 1736641066.303449
2025-01-17 15:30:12,449 DEBUG autoreload 15517 140287997655936 File /home/danmarques/.local/lib/python3.13/site-packages/django/forms/utils.py first seen with mtime 1736641111.3230846
2025-01-17 15:30:12,449 DEBUG autoreload 15517 140287997655936 File /usr/lib64/python3.13/site-packages/PIL/__init__.py first seen with mtime 1728950400.0
2025-01-17 15:30:12,450 DEBUG autoreload 15517 140287997655936 File /home/danmarques/.local/lib/python3.13/site-packages/django/contrib/auth/decorators.py first seen with mtime 1736641110.506073
2025-01-17 15:30:12,450 DEBUG autoreload 15517 140287997655936 File /home/danmarques/.local/lib/python3.13/site-packages/multiselectfield/validators.py first seen with mtime 1736641404.9242308
2025-01-17 15:30:12,450 DEBUG autoreload 15517 140287997655936 File /home/danmarques/.local/lib/python3.13/site-packages/django/utils/numberformat.py first seen with mtime 1736641111.3720853
2025-01-17 15:30:12,451 DEBUG autoreload 15517 140287997655936 File /home/danmarques/.local/lib/python3.13/site-packages/sqlparse/filters/aligned_indent.py first seen with mtime 1736641109.7100618
2025-01-17 15:30:12,451 DEBUG autoreload 15517 140287997655936 File /home/danmarques/.local/lib/python3.13/site-packages/sqlparse/sql.py first seen with mtime 1736641109.708062
2025-01-17 15:30:12,451 DEBUG autoreload 15517 140287997655936 File /usr/lib64/python3.13/site-packages/PIL/TiffTags.py first seen with mtime 1728950400.0
2025-01-17 15:30:12,452 DEBUG autoreload 15517 140287997655936 File /home/danmarques/.local/lib/python3.13/site-packages/django/views/decorators/__init__.py first seen with mtime 1736641111.3790855
2025-01-17 15:30:12,452 DEBUG autoreload 15517 140287997655936 File /home/danmarques/.local/lib/python3.13/site-packages/multiselectfield/utils.py first seen with mtime 1736641404.923231
2025-01-17 15:30:12,452 DEBUG autoreload 15517 140287997655936 File /home/danmarques/.local/lib/python3.13/site-packages/taggit/utils.py first seen with mtime 1736641174.6729794
2025-01-17 15:30:12,453 DEBUG autoreload 15517 140287997655936 File /home/danmarques/.local/lib/python3.13/site-packages/django/utils/_os.py first seen with mtime 1736641111.3640852
2025-01-17 15:30:12,453 DEBUG autoreload 15517 140287997655936 File /usr/lib/python3.13/site-packages/charset_normalizer/api.py first seen with mtime 1721347200.0
2025-01-17 15:30:12,453 DEBUG autoreload 15517 140287997655936 File /home/danmarques/.local/lib/python3.13/site-packages/django/conf/urls/static.py first seen with mtime 1736641110.221069
2025-01-17 15:30:12,454 DEBUG autoreload 15517 140287997655936 File /home/danmarques/.local/lib/python3.13/site-packages/django/utils/safestring.py first seen with mtime 1736641111.3730853
2025-01-17 15:30:12,454 DEBUG autoreload 15517 140287997655936 File /usr/lib64/python3.13/importlib/abc.py first seen with mtime 1733248792.0
2025-01-17 15:30:12,454 DEBUG autoreload 15517 140287997655936 File /home/danmarques/.local/lib/python3.13/site-packages/django/utils/timezone.py first seen with mtime 1736641111.3740854
2025-01-17 15:30:12,455 DEBUG autoreload 15517 140287997655936 File /home/danmarques/.local/lib/python3.13/site-packages/sqlparse/lexer.py first seen with mtime 1736641109.7070618
2025-01-17 15:30:12,455 DEBUG autoreload 15517 140287997655936 File /home/danmarques/.local/lib/python3.13/site-packages/django/core/files/utils.py first seen with mtime 1736641111.2540836
2025-01-17 15:30:12,455 DEBUG autoreload 15517 140287997655936 File /home/danmarques/.local/lib/python3.13/site-packages/django/middleware/cache.py first seen with mtime 1736641111.347085
2025-01-17 15:30:12,456 DEBUG autoreload 15517 140287997655936 File /home/danmarques/.local/lib/python3.13/site-packages/django/core/checks/async_checks.py first seen with mtime 1736641111.2440836
2025-01-17 15:30:12,456 DEBUG autoreload 15517 140287997655936 File /home/danmarques/.local/lib/python3.13/site-packages/paypal/standard/ipn/forms.py first seen with mtime 1736641150.731641
2025-01-17 15:30:12,456 DEBUG autoreload 15517 140287997655936 File /usr/lib64/python3.13/lzma.py first seen with mtime 1733248792.0
2025-01-17 15:30:12,456 DEBUG autoreload 15517 140287997655936 File /home/danmarques/.local/lib/python3.13/site-packages/django/contrib/sessions/backends/__init__.py first seen with mtime 1736641111.1000814
2025-01-17 15:30:12,457 DEBUG autoreload 15517 140287997655936 File /home/danmarques/.local/lib/python3.13/site-packages/django/db/models/query_utils.py first seen with mtime 1736641111.3080845
2025-01-17 15:30:12,457 DEBUG autoreload 15517 140287997655936 File /home/danmarques/.local/lib/python3.13/site-packages/django/db/models/sql/where.py first seen with mtime 1736641111.3190846
2025-01-17 15:30:12,457 DEBUG autoreload 15517 140287997655936 File /home/danmarques/.local/lib/python3.13/site-packages/django/contrib/staticfiles/management/commands/runserver.py first seen with mtime 1736641111.2370834
2025-01-17 15:30:12,458 DEBUG autoreload 15517 140287997655936 File /home/danmarques/.local/lib/python3.13/site-packages/marshmallow/__init__.py first seen with mtime 1736987878.082687
2025-01-17 15:30:12,458 DEBUG autoreload 15517 140287997655936 File /usr/lib64/python3.13/email/header.py first seen with mtime 1733248792.0
2025-01-17 15:30:12,458 DEBUG autoreload 15517 140287997655936 File /home/danmarques/.local/lib/python3.13/site-packages/django/core/__init__.py first seen with mtime 1736641111.2380834
2025-01-17 15:30:12,459 DEBUG autoreload 15517 140287997655936 File /usr/lib64/python3.13/glob.py first seen with mtime 1733248792.0
2025-01-17 15:30:12,459 DEBUG autoreload 15517 140287997655936 File /usr/lib64/python3.13/ipaddress.py first seen with mtime 1733248792.0
2025-01-17 15:30:12,459 DEBUG autoreload 15517 140287997655936 File /home/danmarques/.local/lib/python3.13/site-packages/paypal/utils.py first seen with mtime 1736641150.7176409
2025-01-17 15:30:12,459 DEBUG autoreload 15517 140287997655936 File /home/danmarques/.local/lib/python3.13/site-packages/django/middleware/http.py first seen with mtime 1736641111.348085
2025-01-17 15:30:12,460 DEBUG autoreload 15517 140287997655936 File /home/danmarques/.local/lib/python3.13/site-packages/django/urls/conf.py first seen with mtime 1736641111.3630853
2025-01-17 15:30:12,460 DEBUG autoreload 15517 140287997655936 File /usr/lib/python3.13/site-packages/packaging/_structures.py first seen with mtime 1721347200.0
2025-01-17 15:30:12,460 DEBUG autoreload 15517 140287997655936 File /usr/lib64/python3.13/asyncio/protocols.py first seen with mtime 1733248792.0
2025-01-17 15:30:12,461 DEBUG autoreload 15517 140287997655936 File /home/danmarques/.local/lib/python3.13/site-packages/marshmallow/orderedset.py first seen with mtime 1736987878.0956872
2025-01-17 15:30:12,461 DEBUG autoreload 15517 140287997655936 File /usr/lib64/python3.13/lib-dynload/_json.cpython-313-x86_64-linux-gnu.so first seen with mtime 1733702400.0
2025-01-17 15:30:12,461 DEBUG autoreload 15517 140287997655936 File /home/danmarques/.local/lib/python3.13/site-packages/taggit/apps.py first seen with mtime 1736641174.6719792
2025-01-17 15:30:12,462 DEBUG autoreload 15517 140287997655936 File /usr/lib64/python3.13/multiprocessing/process.py first seen with mtime 1733248792.0
2025-01-17 15:30:12,462 DEBUG autoreload 15517 140287997655936 File /usr/lib64/python3.13/secrets.py first seen with mtime 1733248792.0
2025-01-17 15:30:12,462 DEBUG autoreload 15517 140287997655936 File /home/danmarques/.local/lib/python3.13/site-packages/django/views/__init__.py first seen with mtime 1736641111.3770854
2025-01-17 15:30:12,462 DEBUG autoreload 15517 140287997655936 File /home/danmarques/.local/lib/python3.13/site-packages/django/utils/hashable.py first seen with mtime 1736641111.3700852
2025-01-17 15:30:12,463 DEBUG autoreload 15517 140287997655936 File /usr/lib64/python3.13/email/contentmanager.py first seen with mtime 1733248792.0
2025-01-17 15:30:12,463 DEBUG autoreload 15517 140287997655936 File /home/danmarques/.local/lib/python3.13/site-packages/django/core/checks/security/__init__.py first seen with mtime 1736641111.2510836
2025-01-17 15:30:12,463 DEBUG autoreload 15517 140287997655936 File /home/danmarques/.local/lib/python3.13/site-packages/django/contrib/contenttypes/__init__.py first seen with mtime 1736641110.5860744
2025-01-17 15:30:12,464 DEBUG autoreload 15517 140287997655936 File /usr/lib64/python3.13/textwrap.py first seen with mtime 1733248792.0
2025-01-17 15:30:12,464 DEBUG autoreload 15517 140287997655936 File /usr/lib/python3.13/site-packages/urllib3/util/request.py first seen with mtime 1726099200.0
2025-01-17 15:30:12,464 DEBUG autoreload 15517 140287997655936 File /home/danmarques/.local/lib/python3.13/site-packages/django/templatetags/i18n.py first seen with mtime 1736641111.3570852
2025-01-17 15:30:12,465 DEBUG autoreload 15517 140287997655936 File /home/danmarques/.local/lib/python3.13/site-packages/django/core/files/__init__.py first seen with mtime 1736641111.2520835
2025-01-17 15:30:12,465 DEBUG autoreload 15517 140287997655936 File /usr/lib64/python3.13/keyword.py first seen with mtime 1733248792.0
2025-01-17 15:30:12,465 DEBUG autoreload 15517 140287997655936 File /home/danmarques/.local/lib/python3.13/site-packages/django/contrib/admin/templatetags/__init__.py first seen with mtime 1736641110.427072
2025-01-17 15:30:12,466 DEBUG autoreload 15517 140287997655936 File /home/danmarques/.local/lib/python3.13/site-packages/django/db/migrations/migration.py first seen with mtime 1736641111.2980843
2025-01-17 15:30:12,466 DEBUG autoreload 15517 140287997655936 File /usr/lib64/python3.13/asyncio/tasks.py first seen with mtime 1733248792.0
2025-01-17 15:30:12,466 DEBUG autoreload 15517 140287997655936 File /usr/lib64/python3.13/importlib/metadata/_text.py first seen with mtime 1733248792.0
2025-01-17 15:30:12,466 DEBUG autoreload 15517 140287997655936 File /home/danmarques/.local/lib/python3.13/site-packages/marshmallow/schema.py first seen with mtime 1736987878.0986872
2025-01-17 15:30:12,467 DEBUG autoreload 15517 140287997655936 File /usr/lib/python3.13/site-packages/urllib3/_version.py first seen with mtime 1726099200.0
2025-01-17 15:30:12,467 DEBUG autoreload 15517 140287997655936 File /home/danmarques/.local/lib/python3.13/site-packages/django/template/response.py first seen with mtime 1736641111.353085
2025-01-17 15:30:12,469 DEBUG autoreload 15517 140287997655936 File /usr/lib64/python3.13/encodings/utf_8.py first seen with mtime 1733248792.0
2025-01-17 15:30:12,469 DEBUG autoreload 15517 140287997655936 File /home/danmarques/.local/lib/python3.13/site-packages/paypal/standard/ipn/admin.py first seen with mtime 1736641150.7306411
2025-01-17 15:30:12,470 DEBUG autoreload 15517 140287997655936 File /usr/lib64/python3.13/asyncio/staggered.py first seen with mtime 1733248792.0
2025-01-17 15:30:12,470 DEBUG autoreload 15517 140287997655936 File /home/danmarques/.local/lib/python3.13/site-packages/django/db/models/functions/__init__.py first seen with mtime 1736641111.3140845
2025-01-17 15:30:12,470 DEBUG autoreload 15517 140287997655936 File /usr/lib/python3.13/site-packages/requests/exceptions.py first seen with mtime 1722470400.0
2025-01-17 15:30:12,470 DEBUG autoreload 15517 140287997655936 File /home/danmarques/.local/lib/python3.13/site-packages/shortuuid/main.py first seen with mtime 1736641359.0945837
2025-01-17 15:30:12,470 DEBUG autoreload 15517 140287997655936 File /usr/lib64/python3.13/json/decoder.py first seen with mtime 1733248792.0
2025-01-17 15:30:12,470 DEBUG autoreload 15517 140287997655936 File /usr/lib64/python3.13/lib-dynload/_sqlite3.cpython-313-x86_64-linux-gnu.so first seen with mtime 1733702400.0
2025-01-17 15:30:12,470 DEBUG autoreload 15517 140287997655936 File /usr/lib64/python3.13/asyncio/coroutines.py first seen with mtime 1733248792.0
2025-01-17 15:30:12,470 DEBUG autoreload 15517 140287997655936 File /home/danmarques/.local/lib/python3.13/site-packages/django/db/migrations/state.py first seen with mtime 1736641111.2990842
2025-01-17 15:30:12,471 DEBUG autoreload 15517 140287997655936 File /usr/lib64/python3.13/getpass.py first seen with mtime 1733248792.0
2025-01-17 15:30:12,471 DEBUG autoreload 15517 140287997655936 File /home/danmarques/.local/lib/python3.13/site-packages/django/db/models/manager.py first seen with mtime 1736641111.3060844
2025-01-17 15:30:12,471 DEBUG autoreload 15517 140287997655936 File /usr/lib64/python3.13/site-packages/PIL/_binary.py first seen with mtime 1728950400.0
2025-01-17 15:30:12,471 DEBUG autoreload 15517 140287997655936 File /usr/lib64/python3.13/urllib/request.py first seen with mtime 1733248792.0
2025-01-17 15:30:12,473 DEBUG autoreload 15517 140287997655936 File /home/danmarques/.local/lib/python3.13/site-packages/django/contrib/auth/backends.py first seen with mtime 1736641110.5040731
2025-01-17 15:30:12,473 DEBUG autoreload 15517 140287997655936 File /usr/lib64/python3.13/lib-dynload/_random.cpython-313-x86_64-linux-gnu.so first seen with mtime 1733702400.0
2025-01-17 15:30:12,474 DEBUG autoreload 15517 140287997655936 File /home/danmarques/.local/lib/python3.13/site-packages/django_ckeditor_5/views.py first seen with mtime 1736641289.9706075
2025-01-17 15:30:12,476 DEBUG autoreload 15517 140287997655936 File /usr/lib/python3.13/site-packages/urllib3/exceptions.py first seen with mtime 1726099200.0
2025-01-17 15:30:12,477 DEBUG autoreload 15517 140287997655936 File /home/danmarques/.local/lib/python3.13/site-packages/django/utils/formats.py first seen with mtime 1736641111.3690853
2025-01-17 15:30:12,477 DEBUG autoreload 15517 140287997655936 File /home/danmarques/Documents/Workplace/organixhub-main/core/views.py first seen with mtime 1737136351.7886872
2025-01-17 15:30:12,477 DEBUG autoreload 15517 140287997655936 File /home/danmarques/.local/lib/python3.13/site-packages/django/contrib/admin/checks.py first seen with mtime 1736641110.222069
2025-01-17 15:30:12,478 DEBUG autoreload 15517 140287997655936 File /usr/lib/python3.13/site-packages/charset_normalizer/md.py first seen with mtime 1721347200.0
2025-01-17 15:30:12,479 DEBUG autoreload 15517 140287997655936 File /home/danmarques/.local/lib/python3.13/site-packages/dotenv/variables.py first seen with mtime 1736987877.9126847
2025-01-17 15:30:12,480 DEBUG autoreload 15517 140287997655936 File /home/danmarques/.local/lib/python3.13/site-packages/django/utils/regex_helper.py first seen with mtime 1736641111.3730853
2025-01-17 15:30:12,481 DEBUG autoreload 15517 140287997655936 File /usr/lib64/python3.13/zipfile/_path/__init__.py first seen with mtime 1733248792.0
2025-01-17 15:30:12,481 DEBUG autoreload 15517 140287997655936 File /home/danmarques/.local/lib/python3.13/site-packages/django/db/models/fields/files.py first seen with mtime 1736641111.3090844
2025-01-17 15:30:12,483 DEBUG autoreload 15517 140287997655936 File /usr/lib64/python3.13/importlib/__init__.py first seen with mtime 1733248792.0
2025-01-17 15:30:12,483 DEBUG autoreload 15517 140287997655936 File /usr/lib64/python3.13/datetime.py first seen with mtime 1733248792.0
2025-01-17 15:30:12,483 DEBUG autoreload 15517 140287997655936 File /usr/lib64/python3.13/uuid.py first seen with mtime 1733248792.0
2025-01-17 15:30:12,484 DEBUG autoreload 15517 140287997655936 File /usr/lib64/python3.13/importlib/metadata/_collections.py first seen with mtime 1733248792.0
2025-01-17 15:30:12,485 DEBUG autoreload 15517 140287997655936 File /home/danmarques/.local/lib/python3.13/site-packages/django/contrib/contenttypes/fields.py first seen with mtime 1736641110.5870743
2025-01-17 15:30:12,485 DEBUG autoreload 15517 140287997655936 File /home/danmarques/.local/lib/python3.13/site-packages/django/forms/__init__.py first seen with mtime 1736641111.3200846
2025-01-17 15:30:12,485 DEBUG autoreload 15517 140287997655936 File /home/danmarques/.local/lib/python3.13/site-packages/django/http/response.py first seen with mtime 1736641111.347085
2025-01-17 15:30:12,485 DEBUG autoreload 15517 140287997655936 File /usr/lib/python3.13/site-packages/requests/hooks.py first seen with mtime 1722470400.0
2025-01-17 15:30:12,486 DEBUG autoreload 15517 140287997655936 File /home/danmarques/.local/lib/python3.13/site-packages/paypal/standard/ipn/models.py first seen with mtime 1736641150.731641
2025-01-17 15:30:12,486 DEBUG autoreload 15517 140287997655936 File /home/danmarques/.local/lib/python3.13/site-packages/django_ckeditor_5/__init__.py first seen with mtime 1736641289.9666076
2025-01-17 15:30:12,487 DEBUG autoreload 15517 140287997655936 File /home/danmarques/.local/lib/python3.13/site-packages/django/contrib/auth/base_user.py first seen with mtime 1736641110.5040731
2025-01-17 15:30:12,487 DEBUG autoreload 15517 140287997655936 File /home/danmarques/.local/lib/python3.13/site-packages/django/core/handlers/base.py first seen with mtime 1736641111.2590837
2025-01-17 15:30:12,488 DEBUG autoreload 15517 140287997655936 File /usr/lib/python3.13/site-packages/requests/_internal_utils.py first seen with mtime 1722470400.0
2025-01-17 15:30:12,489 DEBUG autoreload 15517 140287997655936 File /usr/lib64/python3.13/copy.py first seen with mtime 1733248792.0
2025-01-17 15:30:12,489 DEBUG autoreload 15517 140287997655936 File /usr/lib/python3.13/site-packages/idna/idnadata.py first seen with mtime 1721347200.0
2025-01-17 15:30:12,490 DEBUG autoreload 15517 140287997655936 File /usr/lib64/python3.13/email/_parseaddr.py first seen with mtime 1733248792.0
2025-01-17 15:30:12,490 DEBUG autoreload 15517 140287997655936 File /usr/lib64/python3.13/typing.py first seen with mtime 1733248792.0
2025-01-17 15:30:12,490 DEBUG autoreload 15517 140287997655936 File /home/danmarques/.local/lib/python3.13/site-packages/django/contrib/admin/options.py first seen with mtime 1736641110.225069
2025-01-17 15:30:12,491 DEBUG autoreload 15517 140287997655936 File /home/danmarques/.local/lib/python3.13/site-packages/environs/__init__.py first seen with mtime 1736987878.6686947
2025-01-17 15:30:12,491 DEBUG autoreload 15517 140287997655936 File /home/danmarques/.local/lib/python3.13/site-packages/django/http/request.py first seen with mtime 1736641111.346085
2025-01-17 15:30:12,491 DEBUG autoreload 15517 140287997655936 File /home/danmarques/.local/lib/python3.13/site-packages/django/db/models/expressions.py first seen with mtime 1736641111.3050845
2025-01-17 15:30:12,492 DEBUG autoreload 15517 140287997655936 File /home/danmarques/Documents/Workplace/organixhub-main/userauths/models.py first seen with mtime 1736694202.9229128
2025-01-17 15:30:12,492 DEBUG autoreload 15517 140287997655936 File /usr/lib64/python3.13/email/generator.py first seen with mtime 1733248792.0
2025-01-17 15:30:12,492 DEBUG autoreload 15517 140287997655936 File /home/danmarques/.local/lib/python3.13/site-packages/django/forms/models.py first seen with mtime 1736641111.3220847
2025-01-17 15:30:12,492 DEBUG autoreload 15517 140287997655936 File /usr/lib64/python3.13/site-packages/PIL/_deprecate.py first seen with mtime 1728950400.0
2025-01-17 15:30:12,493 DEBUG autoreload 15517 140287997655936 File /usr/lib64/python3.13/ssl.py first seen with mtime 1733248792.0
2025-01-17 15:30:12,493 DEBUG autoreload 15517 140287997655936 File /usr/lib64/python3.13/statistics.py first seen with mtime 1733248792.0
2025-01-17 15:30:12,493 DEBUG autoreload 15517 140287997655936 File /home/danmarques/.local/lib/python3.13/site-packages/django/contrib/auth/hashers.py first seen with mtime 1736641110.506073
2025-01-17 15:30:12,494 DEBUG autoreload 15517 140287997655936 File /home/danmarques/.local/lib/python3.13/site-packages/jazzmin/apps.py first seen with mtime 1736641114.2941265
2025-01-17 15:30:12,494 DEBUG autoreload 15517 140287997655936 File /usr/lib64/python3.13/lib-dynload/_posixsubprocess.cpython-313-x86_64-linux-gnu.so first seen with mtime 1733702400.0
2025-01-17 15:30:12,494 DEBUG autoreload 15517 140287997655936 File /home/danmarques/.local/lib/python3.13/site-packages/django/contrib/admin/__init__.py first seen with mtime 1736641110.221069
2025-01-17 15:30:12,494 DEBUG autoreload 15517 140287997655936 File /usr/lib64/python3.13/urllib/__init__.py first seen with mtime 1733702400.0
2025-01-17 15:30:12,495 DEBUG autoreload 15517 140287997655936 File /usr/lib/python3.13/site-packages/requests/models.py first seen with mtime 1722470400.0
2025-01-17 15:30:12,495 DEBUG autoreload 15517 140287997655936 File /usr/lib/python3.13/site-packages/urllib3/util/queue.py first seen with mtime 1726099200.0
2025-01-17 15:30:12,498 DEBUG autoreload 15517 140287997655936 File /usr/lib64/python3.13/hmac.py first seen with mtime 1733248792.0
2025-01-17 15:30:12,498 DEBUG autoreload 15517 140287997655936 File /home/danmarques/.local/lib/python3.13/site-packages/django/contrib/sessions/apps.py first seen with mtime 1736641111.055081
2025-01-17 15:30:12,498 DEBUG autoreload 15517 140287997655936 File /home/danmarques/.local/lib/python3.13/site-packages/django/template/backends/base.py first seen with mtime 1736641111.354085
2025-01-17 15:30:12,498 DEBUG autoreload 15517 140287997655936 File /home/danmarques/.local/lib/python3.13/site-packages/django/contrib/messages/__init__.py first seen with mtime 1736641110.9370792
2025-01-17 15:30:12,498 DEBUG autoreload 15517 140287997655936 File /usr/lib64/python3.13/importlib/resources/_common.py first seen with mtime 1733248792.0
2025-01-17 15:30:12,499 DEBUG autoreload 15517 140287997655936 File /usr/lib64/python3.13/lib-dynload/unicodedata.cpython-313-x86_64-linux-gnu.so first seen with mtime 1733702400.0
2025-01-17 15:30:12,499 DEBUG autoreload 15517 140287997655936 File /home/danmarques/.local/lib/python3.13/site-packages/django/core/management/base.py first seen with mtime 1736641111.2640839
2025-01-17 15:30:12,499 DEBUG autoreload 15517 140287997655936 File /usr/lib64/python3.13/asyncio/events.py first seen with mtime 1733248792.0
2025-01-17 15:30:12,500 DEBUG autoreload 15517 140287997655936 File /usr/lib64/python3.13/dis.py first seen with mtime 1733248792.0
2025-01-17 15:30:12,500 DEBUG autoreload 15517 140287997655936 File /usr/lib64/python3.13/lib-dynload/_queue.cpython-313-x86_64-linux-gnu.so first seen with mtime 1733702400.0
2025-01-17 15:30:12,502 DEBUG autoreload 15517 140287997655936 File /home/danmarques/Documents/Workplace/organixhub-main/marketplace/urls.py first seen with mtime 1737058592.2118804
2025-01-17 15:30:12,503 DEBUG autoreload 15517 140287997655936 File /home/danmarques/.local/lib/python3.13/site-packages/django/core/checks/__init__.py first seen with mtime 1736641111.2430835
2025-01-17 15:30:12,503 DEBUG autoreload 15517 140287997655936 File /usr/lib64/python3.13/platform.py first seen with mtime 1733248792.0
2025-01-17 15:30:12,503 DEBUG autoreload 15517 140287997655936 File /home/danmarques/.local/lib/python3.13/site-packages/sqlparse/engine/grouping.py first seen with mtime 1736641109.7090619
2025-01-17 15:30:12,503 DEBUG autoreload 15517 140287997655936 File /usr/lib64/python3.13/linecache.py first seen with mtime 1733248792.0
2025-01-17 15:30:12,503 DEBUG autoreload 15517 140287997655936 File /home/danmarques/.local/lib/python3.13/site-packages/django/utils/dateformat.py first seen with mtime 1736641111.3670852
2025-01-17 15:30:12,504 DEBUG autoreload 15517 140287997655936 File /usr/lib64/python3.13/asyncio/constants.py first seen with mtime 1733248792.0
2025-01-17 15:30:12,504 DEBUG autoreload 15517 140287997655936 File /usr/lib/python3.13/site-packages/requests/auth.py first seen with mtime 1722470400.0
2025-01-17 15:30:12,505 DEBUG autoreload 15517 140287997655936 File /home/danmarques/.local/lib/python3.13/site-packages/django/contrib/staticfiles/checks.py first seen with mtime 1736641111.2340834
2025-01-17 15:30:12,507 DEBUG autoreload 15517 140287997655936 File /home/danmarques/.local/lib/python3.13/site-packages/django/utils/datastructures.py first seen with mtime 1736641111.3660853
2025-01-17 15:30:12,507 DEBUG autoreload 15517 140287997655936 File /usr/lib64/python3.13/urllib/parse.py first seen with mtime 1733248792.0
2025-01-17 15:30:12,507 DEBUG autoreload 15517 140287997655936 File /usr/lib64/python3.13/lib-dynload/_asyncio.cpython-313-x86_64-linux-gnu.so first seen with mtime 1733702400.0
2025-01-17 15:30:12,507 DEBUG autoreload 15517 140287997655936 File /usr/lib64/python3.13/zoneinfo/__init__.py first seen with mtime 1733248792.0
2025-01-17 15:30:12,508 DEBUG autoreload 15517 140287997655936 File /usr/lib64/python3.13/_sysconfigdata__linux_x86_64-linux-gnu.py first seen with mtime 1733702400.0
2025-01-17 15:30:12,509 DEBUG autoreload 15517 140287997655936 File /usr/lib64/python3.13/asyncio/transports.py first seen with mtime 1733248792.0
2025-01-17 15:30:12,509 DEBUG autoreload 15517 140287997655936 File /home/danmarques/.local/lib/python3.13/site-packages/sqlparse/tokens.py first seen with mtime 1736641109.708062
2025-01-17 15:30:12,510 DEBUG autoreload 15517 140287997655936 File /home/danmarques/.local/lib/python3.13/site-packages/sqlparse/filters/__init__.py first seen with mtime 1736641109.7100618
2025-01-17 15:30:12,510 DEBUG autoreload 15517 140287997655936 File /usr/lib64/python3.13/asyncio/selector_events.py first seen with mtime 1733702400.0
2025-01-17 15:30:12,512 DEBUG autoreload 15517 140287997655936 File /home/danmarques/.local/lib/python3.13/site-packages/django/contrib/auth/apps.py first seen with mtime 1736641110.5040731
2025-01-17 15:30:12,515 DEBUG autoreload 15517 140287997655936 File /home/danmarques/.local/lib/python3.13/site-packages/django/core/checks/compatibility/django_4_0.py first seen with mtime 1736641111.2500837
2025-01-17 15:30:12,516 DEBUG autoreload 15517 140287997655936 File /usr/lib64/python3.13/email/parser.py first seen with mtime 1733248792.0
2025-01-17 15:30:12,516 DEBUG autoreload 15517 140287997655936 File /home/danmarques/.local/lib/python3.13/site-packages/multiselectfield/db/fields.py first seen with mtime 1736641404.925231
2025-01-17 15:30:12,518 DEBUG autoreload 15517 140287997655936 File /usr/lib/python3.13/site-packages/requests/compat.py first seen with mtime 1722470400.0
2025-01-17 15:30:12,518 DEBUG autoreload 15517 140287997655936 File /home/danmarques/.local/lib/python3.13/site-packages/django/__init__.py first seen with mtime 1736641110.0870671
2025-01-17 15:30:12,518 DEBUG autoreload 15517 140287997655936 File /home/danmarques/.local/lib/python3.13/site-packages/django/db/backends/base/base.py first seen with mtime 1736641111.279084
2025-01-17 15:30:12,519 DEBUG autoreload 15517 140287997655936 File /home/danmarques/.local/lib/python3.13/site-packages/admin_interface/metadata.py first seen with mtime 1736641066.6094532
2025-01-17 15:30:12,519 DEBUG autoreload 15517 140287997655936 File /usr/lib64/python3.13/difflib.py first seen with mtime 1733248792.0
2025-01-17 15:30:12,520 DEBUG autoreload 15517 140287997655936 File /home/danmarques/.local/lib/python3.13/site-packages/django/db/models/base.py first seen with mtime 1736641111.3030844
2025-01-17 15:30:12,520 DEBUG autoreload 15517 140287997655936 File /home/danmarques/.local/lib/python3.13/site-packages/django/db/models/constants.py first seen with mtime 1736641111.3030844
2025-01-17 15:30:12,520 DEBUG autoreload 15517 140287997655936 File /usr/lib64/python3.13/email/feedparser.py first seen with mtime 1733248792.0
2025-01-17 15:30:12,521 DEBUG autoreload 15517 140287997655936 File /home/danmarques/.local/lib/python3.13/site-packages/admin_interface/admin.py first seen with mtime 1736641066.6084533
2025-01-17 15:30:12,522 DEBUG autoreload 15517 140287997655936 File /home/danmarques/.local/lib/python3.13/site-packages/django/utils/log.py first seen with mtime 1736641111.3720853
2025-01-17 15:30:12,522 DEBUG autoreload 15517 140287997655936 File /usr/lib64/python3.13/email/iterators.py first seen with mtime 1733248792.0
2025-01-17 15:30:12,522 DEBUG autoreload 15517 140287997655936 File /usr/lib/python3.13/site-packages/urllib3/contrib/socks.py first seen with mtime 1726099200.0
2025-01-17 15:30:12,523 DEBUG autoreload 15517 140287997655936 File /home/danmarques/.local/lib/python3.13/site-packages/jazzmin/__init__.py first seen with mtime 1736641114.2801263
2025-01-17 15:30:12,523 DEBUG autoreload 15517 140287997655936 File /usr/lib64/python3.13/importlib/resources/_functional.py first seen with mtime 1733248792.0
2025-01-17 15:30:12,523 DEBUG autoreload 15517 140287997655936 File /usr/lib64/python3.13/logging/config.py first seen with mtime 1733248792.0
2025-01-17 15:30:12,524 DEBUG autoreload 15517 140287997655936 File /home/danmarques/.local/lib/python3.13/site-packages/django/contrib/admin/templatetags/log.py first seen with mtime 1736641110.429072
2025-01-17 15:30:12,524 DEBUG autoreload 15517 140287997655936 File /usr/lib64/python3.13/mimetypes.py first seen with mtime 1733248792.0
2025-01-17 15:30:12,525 DEBUG autoreload 15517 140287997655936 File /home/danmarques/.local/lib/python3.13/site-packages/django/contrib/messages/storage/base.py first seen with mtime 1736641110.9390793
2025-01-17 15:30:12,525 DEBUG autoreload 15517 140287997655936 File /home/danmarques/.local/lib/python3.13/site-packages/django/db/transaction.py first seen with mtime 1736641111.277084
2025-01-17 15:30:12,525 DEBUG autoreload 15517 140287997655936 File /usr/lib64/python3.13/lib-dynload/_ssl.cpython-313-x86_64-linux-gnu.so first seen with mtime 1733702400.0
2025-01-17 15:30:12,526 DEBUG autoreload 15517 140287997655936 File /home/danmarques/.local/lib/python3.13/site-packages/django/db/models/indexes.py first seen with mtime 1736641111.3050845
2025-01-17 15:30:12,526 DEBUG autoreload 15517 140287997655936 File /home/danmarques/.local/lib/python3.13/site-packages/django/db/models/query.py first seen with mtime 1736641111.3070843
2025-01-17 15:30:12,526 DEBUG autoreload 15517 140287997655936 File /home/danmarques/.local/lib/python3.13/site-packages/django/db/models/fields/__init__.py first seen with mtime 1736641111.3090844
2025-01-17 15:30:12,527 DEBUG autoreload 15517 140287997655936 File /home/danmarques/.local/lib/python3.13/site-packages/jazzmin/templatetags/__init__.py first seen with mtime 1736641114.472129
2025-01-17 15:30:12,527 DEBUG autoreload 15517 140287997655936 File /home/danmarques/.local/lib/python3.13/site-packages/marshmallow/error_store.py first seen with mtime 1736987878.0926871
2025-01-17 15:30:12,527 DEBUG autoreload 15517 140287997655936 File /home/danmarques/.local/lib/python3.13/site-packages/marshmallow/utils.py first seen with mtime 1736987878.100687
2025-01-17 15:30:12,528 DEBUG autoreload 15517 140287997655936 File /usr/lib64/python3.13/importlib/resources/__init__.py first seen with mtime 1733248792.0
2025-01-17 15:30:12,529 DEBUG autoreload 15517 140287997655936 File /home/danmarques/.local/lib/python3.13/site-packages/taggit/models.py first seen with mtime 1736641174.6729794
2025-01-17 15:30:12,530 DEBUG autoreload 15517 140287997655936 File /home/danmarques/.local/lib/python3.13/site-packages/django/core/checks/database.py first seen with mtime 1736641111.2440836
2025-01-17 15:30:12,530 DEBUG autoreload 15517 140287997655936 File /home/danmarques/.local/lib/python3.13/site-packages/marshmallow/decorators.py first seen with mtime 1736987878.0896869
2025-01-17 15:30:12,530 DEBUG autoreload 15517 140287997655936 File /usr/lib64/python3.13/pathlib/_abc.py first seen with mtime 1733248792.0
2025-01-17 15:30:12,531 DEBUG autoreload 15517 140287997655936 File /home/danmarques/.local/lib/python3.13/site-packages/django_ckeditor_5/widgets.py first seen with mtime 1736641289.9716074
2025-01-17 15:30:12,532 DEBUG autoreload 15517 140287997655936 File /usr/lib64/python3.13/multiprocessing/reduction.py first seen with mtime 1733248792.0
2025-01-17 15:30:12,532 DEBUG autoreload 15517 140287997655936 File /usr/lib/python3.13/site-packages/charset_normalizer/constant.py first seen with mtime 1721347200.0
2025-01-17 15:30:12,532 DEBUG autoreload 15517 140287997655936 File /home/danmarques/.local/lib/python3.13/site-packages/django/core/management/__init__.py first seen with mtime 1736641111.2640839
2025-01-17 15:30:12,533 DEBUG autoreload 15517 140287997655936 File /usr/lib64/python3.13/asyncio/format_helpers.py first seen with mtime 1733248792.0
2025-01-17 15:30:12,534 DEBUG autoreload 15517 140287997655936 File /home/danmarques/.local/lib/python3.13/site-packages/django/template/context.py first seen with mtime 1736641111.350085
2025-01-17 15:30:12,534 DEBUG autoreload 15517 140287997655936 File /home/danmarques/.local/lib/python3.13/site-packages/django/contrib/messages/middleware.py first seen with mtime 1736641110.938079
2025-01-17 15:30:12,535 DEBUG autoreload 15517 140287997655936 File /home/danmarques/.local/lib/python3.13/site-packages/django/core/mail/__init__.py first seen with mtime 1736641111.2600837
2025-01-17 15:30:12,535 DEBUG autoreload 15517 140287997655936 File /home/danmarques/.local/lib/python3.13/site-packages/django/template/defaulttags.py first seen with mtime 1736641111.352085
2025-01-17 15:30:12,535 DEBUG autoreload 15517 140287997655936 File /home/danmarques/.local/lib/python3.13/site-packages/django/db/models/functions/window.py first seen with mtime 1736641111.3150845
2025-01-17 15:30:12,536 DEBUG autoreload 15517 140287997655936 File /usr/lib64/python3.13/zipfile/_path/glob.py first seen with mtime 1733248792.0
2025-01-17 15:30:12,536 DEBUG autoreload 15517 140287997655936 File /usr/lib64/python3.13/asyncio/queues.py first seen with mtime 1733248792.0
2025-01-17 15:30:12,536 DEBUG autoreload 15517 140287997655936 File /home/danmarques/.local/lib/python3.13/site-packages/jazzmin/compat.py first seen with mtime 1736641114.2961266
2025-01-17 15:30:12,537 DEBUG autoreload 15517 140287997655936 File /home/danmarques/.local/lib/python3.13/site-packages/django/db/migrations/utils.py first seen with mtime 1736641111.3000844
2025-01-17 15:30:12,537 DEBUG autoreload 15517 140287997655936 File /home/danmarques/.local/lib/python3.13/site-packages/django/db/backends/base/operations.py first seen with mtime 1736641111.281084
2025-01-17 15:30:12,537 DEBUG autoreload 15517 140287997655936 File /home/danmarques/.local/lib/python3.13/site-packages/jazzmin/utils.py first seen with mtime 1736641114.473129
2025-01-17 15:30:12,538 DEBUG autoreload 15517 140287997655936 File /usr/lib64/python3.13/html/parser.py first seen with mtime 1733248792.0
2025-01-17 15:30:12,538 DEBUG autoreload 15517 140287997655936 File /usr/lib/python3.13/site-packages/charset_normalizer/models.py first seen with mtime 1721347200.0
2025-01-17 15:30:12,539 DEBUG autoreload 15517 140287997655936 File /usr/lib/python3.13/site-packages/urllib3/packages/__init__.py first seen with mtime 1726099200.0
2025-01-17 15:30:12,539 DEBUG autoreload 15517 140287997655936 File /home/danmarques/.local/lib/python3.13/site-packages/brazilcep/apicep.py first seen with mtime 1736641445.4526596
2025-01-17 15:30:12,539 DEBUG autoreload 15517 140287997655936 File /home/danmarques/.local/lib/python3.13/site-packages/django/db/models/functions/mixins.py first seen with mtime 1736641111.3150845
2025-01-17 15:30:12,540 DEBUG autoreload 15517 140287997655936 File /home/danmarques/.local/lib/python3.13/site-packages/django/core/checks/security/csrf.py first seen with mtime 1736641111.2510836
2025-01-17 15:30:12,540 DEBUG autoreload 15517 140287997655936 File /home/danmarques/Documents/Workplace/organixhub-main/userauths/views.py first seen with mtime 1736694202.927913
2025-01-17 15:30:12,540 DEBUG autoreload 15517 140287997655936 File /home/danmarques/.local/lib/python3.13/site-packages/django/db/backends/base/schema.py first seen with mtime 1736641111.282084
2025-01-17 15:30:12,541 DEBUG autoreload 15517 140287997655936 File /home/danmarques/.local/lib/python3.13/site-packages/paypal/standard/ipn/signals.py first seen with mtime 1736641150.731641
2025-01-17 15:30:12,541 DEBUG autoreload 15517 140287997655936 File /home/danmarques/.local/lib/python3.13/site-packages/django/template/exceptions.py first seen with mtime 1736641111.352085
2025-01-17 15:30:12,542 DEBUG autoreload 15517 140287997655936 File /home/danmarques/.local/lib/python3.13/site-packages/django/utils/version.py first seen with mtime 1736641111.3750854
2025-01-17 15:30:12,542 DEBUG autoreload 15517 140287997655936 File /home/danmarques/.local/lib/python3.13/site-packages/sqlparse/cli.py first seen with mtime 1736641109.7060618
2025-01-17 15:30:12,542 DEBUG autoreload 15517 140287997655936 File /home/danmarques/.local/lib/python3.13/site-packages/sqlparse/utils.py first seen with mtime 1736641109.708062
2025-01-17 15:30:12,542 DEBUG autoreload 15517 140287997655936 File /home/danmarques/Documents/Workplace/organixhub-main/userauths/__init__.py first seen with mtime 1736694202.9009125
2025-01-17 15:30:12,543 DEBUG autoreload 15517 140287997655936 File /home/danmarques/.local/lib/python3.13/site-packages/django/core/cache/utils.py first seen with mtime 1736641111.2400835
2025-01-17 15:30:12,543 DEBUG autoreload 15517 140287997655936 File /usr/lib64/python3.13/re/_compiler.py first seen with mtime 1733248792.0
2025-01-17 15:30:12,543 DEBUG autoreload 15517 140287997655936 File /usr/lib64/python3.13/lib-dynload/_multibytecodec.cpython-313-x86_64-linux-gnu.so first seen with mtime 1733702400.0
2025-01-17 15:30:12,543 DEBUG autoreload 15517 140287997655936 File /usr/lib64/python3.13/json/scanner.py first seen with mtime 1733248792.0
2025-01-17 15:30:12,547 DEBUG autoreload 15517 140287997655936 File /home/danmarques/Documents/Workplace/organixhub-main/userauths/urls.py first seen with mtime 1736694202.9229128
2025-01-17 15:30:12,547 DEBUG autoreload 15517 140287997655936 File /home/danmarques/.local/lib/python3.13/site-packages/django/http/cookie.py first seen with mtime 1736641111.345085
2025-01-17 15:30:12,548 DEBUG autoreload 15517 140287997655936 File /home/danmarques/.local/lib/python3.13/site-packages/django/forms/widgets.py first seen with mtime 1736641111.3230846
2025-01-17 15:30:12,548 DEBUG autoreload 15517 140287997655936 File /usr/lib64/python3.13/numbers.py first seen with mtime 1733248792.0
2025-01-17 15:30:12,548 DEBUG autoreload 15517 140287997655936 File /usr/lib/python3.13/site-packages/urllib3/_collections.py first seen with mtime 1726099200.0
2025-01-17 15:30:12,548 DEBUG autoreload 15517 140287997655936 File /home/danmarques/.local/lib/python3.13/site-packages/django/db/backends/sqlite3/_functions.py first seen with mtime 1736641111.2930841
2025-01-17 15:30:12,548 DEBUG autoreload 15517 140287997655936 File /home/danmarques/.local/lib/python3.13/site-packages/django/db/backends/sqlite3/creation.py first seen with mtime 1736641111.2940843
2025-01-17 15:30:12,549 DEBUG autoreload 15517 140287997655936 File /home/danmarques/.local/lib/python3.13/site-packages/django_ckeditor_5/urls.py first seen with mtime 1736641289.9696076
2025-01-17 15:30:12,549 DEBUG autoreload 15517 140287997655936 File /usr/lib64/python3.13/email/errors.py first seen with mtime 1733248792.0
2025-01-17 15:30:12,549 DEBUG autoreload 15517 140287997655936 File /usr/lib/python3.13/site-packages/urllib3/response.py first seen with mtime 1726099200.0
2025-01-17 15:30:12,549 DEBUG autoreload 15517 140287997655936 File /home/danmarques/.local/lib/python3.13/site-packages/pytz/exceptions.py first seen with mtime 1736641150.4146366
2025-01-17 15:30:12,550 DEBUG autoreload 15517 140287997655936 File /usr/lib/python3.13/site-packages/idna/core.py first seen with mtime 1721347200.0
2025-01-17 15:30:12,550 DEBUG autoreload 15517 140287997655936 File /home/danmarques/.local/lib/python3.13/site-packages/django/contrib/contenttypes/models.py first seen with mtime 1736641110.5870743
2025-01-17 15:30:12,550 DEBUG autoreload 15517 140287997655936 File /home/danmarques/.local/lib/python3.13/site-packages/sqlparse/filters/reindent.py first seen with mtime 1736641109.711062
2025-01-17 15:30:12,550 DEBUG autoreload 15517 140287997655936 File /usr/lib64/python3.13/asyncio/base_futures.py first seen with mtime 1733248792.0
2025-01-17 15:30:12,550 DEBUG autoreload 15517 140287997655936 File /home/danmarques/.local/lib/python3.13/site-packages/django/core/files/storage/handler.py first seen with mtime 1736641111.2550838
2025-01-17 15:30:12,551 DEBUG autoreload 15517 140287997655936 File /usr/lib64/python3.13/email/utils.py first seen with mtime 1733248792.0
2025-01-17 15:30:12,551 DEBUG autoreload 15517 140287997655936 File /home/danmarques/.local/lib/python3.13/site-packages/colorfield/metadata.py first seen with mtime 1736641066.4354508
2025-01-17 15:30:12,551 DEBUG autoreload 15517 140287997655936 File /home/danmarques/.local/lib/python3.13/site-packages/django/contrib/messages/storage/__init__.py first seen with mtime 1736641110.9390793
2025-01-17 15:30:12,551 DEBUG autoreload 15517 140287997655936 File /usr/lib/python3.13/site-packages/charset_normalizer/utils.py first seen with mtime 1721347200.0
2025-01-17 15:30:12,551 DEBUG autoreload 15517 140287997655936 File /home/danmarques/Documents/Workplace/organixhub-main/manage.py first seen with mtime 1736694201.788898
2025-01-17 15:30:12,552 DEBUG autoreload 15517 140287997655936 File /usr/lib64/python3.13/site-packages/PIL/_version.py first seen with mtime 1728950400.0
2025-01-17 15:30:12,552 DEBUG autoreload 15517 140287997655936 File /home/danmarques/.local/lib/python3.13/site-packages/django/contrib/sites/shortcuts.py first seen with mtime 1736641111.1760826
2025-01-17 15:30:12,552 DEBUG autoreload 15517 140287997655936 File /home/danmarques/.local/lib/python3.13/site-packages/django/core/files/locks.py first seen with mtime 1736641111.2530837
2025-01-17 15:30:12,553 DEBUG autoreload 15517 140287997655936 File /home/danmarques/.local/lib/python3.13/site-packages/sqlparse/formatter.py first seen with mtime 1736641109.7070618
2025-01-17 15:30:12,553 DEBUG autoreload 15517 140287997655936 File /usr/lib64/python3.13/site-packages/PIL/_typing.py first seen with mtime 1728950400.0
2025-01-17 15:30:12,553 DEBUG autoreload 15517 140287997655936 File /home/danmarques/.local/lib/python3.13/site-packages/django/utils/dates.py first seen with mtime 1736641111.3670852
2025-01-17 15:30:12,553 DEBUG autoreload 15517 140287997655936 File /home/danmarques/.local/lib/python3.13/site-packages/django/views/decorators/http.py first seen with mtime 1736641111.3800855
2025-01-17 15:30:12,553 DEBUG autoreload 15517 140287997655936 File /usr/lib/python3.13/site-packages/urllib3/contrib/_appengine_environ.py first seen with mtime 1726099200.0
2025-01-17 15:30:12,554 DEBUG autoreload 15517 140287997655936 File /home/danmarques/.local/lib/python3.13/site-packages/django/contrib/staticfiles/__init__.py first seen with mtime 1736641111.2340834
2025-01-17 15:30:12,554 DEBUG autoreload 15517 140287997655936 File /usr/lib64/python3.13/lib-dynload/grp.cpython-313-x86_64-linux-gnu.so first seen with mtime 1733702400.0
2025-01-17 15:30:12,554 DEBUG autoreload 15517 140287997655936 File /usr/lib64/python3.13/email/message.py first seen with mtime 1733248792.0
2025-01-17 15:30:12,554 DEBUG autoreload 15517 140287997655936 File /home/danmarques/.local/lib/python3.13/site-packages/django/forms/fields.py first seen with mtime 1736641111.3210845
2025-01-17 15:30:12,554 DEBUG autoreload 15517 140287997655936 File /home/danmarques/.local/lib/python3.13/site-packages/django/template/loader_tags.py first seen with mtime 1736641111.353085
2025-01-17 15:30:12,555 DEBUG autoreload 15517 140287997655936 File /usr/lib64/python3.13/html/__init__.py first seen with mtime 1733248792.0
2025-01-17 15:30:12,555 DEBUG autoreload 15517 140287997655936 File /home/danmarques/.local/lib/python3.13/site-packages/colorfield/utils.py first seen with mtime 1736641066.4364507
2025-01-17 15:30:12,555 DEBUG autoreload 15517 140287997655936 File /usr/lib64/python3.13/sqlite3/dbapi2.py first seen with mtime 1733248792.0
2025-01-17 15:30:12,555 DEBUG autoreload 15517 140287997655936 File /home/danmarques/.local/lib/python3.13/site-packages/django/utils/connection.py first seen with mtime 1736641111.3660853
2025-01-17 15:30:12,555 DEBUG autoreload 15517 140287997655936 File /home/danmarques/.local/lib/python3.13/site-packages/django/core/files/base.py first seen with mtime 1736641111.2520835
2025-01-17 15:30:12,556 DEBUG autoreload 15517 140287997655936 File /home/danmarques/Documents/Workplace/organixhub-main/userauths/admin.py first seen with mtime 1736694202.9149127
2025-01-17 15:30:12,556 DEBUG autoreload 15517 140287997655936 File /home/danmarques/.local/lib/python3.13/site-packages/django/db/models/functions/datetime.py first seen with mtime 1736641111.3140845
2025-01-17 15:30:12,556 DEBUG autoreload 15517 140287997655936 File /home/danmarques/.local/lib/python3.13/site-packages/multiselectfield/forms/__init__.py first seen with mtime 1736641404.925231
2025-01-17 15:30:12,556 DEBUG autoreload 15517 140287997655936 File /usr/lib64/python3.13/warnings.py first seen with mtime 1733248792.0
2025-01-17 15:30:12,556 DEBUG autoreload 15517 140287997655936 File /usr/lib64/python3.13/asyncio/unix_events.py first seen with mtime 1733248792.0
2025-01-17 15:30:12,556 DEBUG autoreload 15517 140287997655936 File /home/danmarques/.local/lib/python3.13/site-packages/django/contrib/sites/requests.py first seen with mtime 1736641111.1750824
2025-01-17 15:30:12,557 DEBUG autoreload 15517 140287997655936 File /home/danmarques/.local/lib/python3.13/site-packages/django/contrib/admin/views/main.py first seen with mtime 1736641110.431072
2025-01-17 15:30:12,557 DEBUG autoreload 15517 140287997655936 File /home/danmarques/.local/lib/python3.13/site-packages/colorfield/fields.py first seen with mtime 1736641066.4354508
2025-01-17 15:30:12,557 DEBUG autoreload 15517 140287997655936 File /home/danmarques/.local/lib/python3.13/site-packages/django/contrib/staticfiles/management/__init__.py first seen with mtime 1736641111.2360835
2025-01-17 15:30:12,557 DEBUG autoreload 15517 140287997655936 File /home/danmarques/.local/lib/python3.13/site-packages/django/templatetags/tz.py first seen with mtime 1736641111.3580852
2025-01-17 15:30:12,557 DEBUG autoreload 15517 140287997655936 File /home/danmarques/.local/lib/python3.13/site-packages/paypal/standard/helpers.py first seen with mtime 1736641150.7296412
2025-01-17 15:30:12,558 DEBUG autoreload 15517 140287997655936 File /home/danmarques/.local/lib/python3.13/site-packages/django/conf/__init__.py first seen with mtime 1736641110.0890672
2025-01-17 15:30:12,558 DEBUG autoreload 15517 140287997655936 File /home/danmarques/.local/lib/python3.13/site-packages/django/views/i18n.py first seen with mtime 1736641111.3780854
2025-01-17 15:30:12,558 DEBUG autoreload 15517 140287997655936 File /home/danmarques/.local/lib/python3.13/site-packages/django/template/utils.py first seen with mtime 1736641111.354085
2025-01-17 15:30:12,558 DEBUG autoreload 15517 140287997655936 File /home/danmarques/.local/lib/python3.13/site-packages/taggit/admin.py first seen with mtime 1736641174.6709793
2025-01-17 15:30:12,558 DEBUG autoreload 15517 140287997655936 File /home/danmarques/.local/lib/python3.13/site-packages/django/core/cache/backends/base.py first seen with mtime 1736641111.2410834
2025-01-17 15:30:12,559 DEBUG autoreload 15517 140287997655936 File /home/danmarques/.local/lib/python3.13/site-packages/django/dispatch/__init__.py first seen with mtime 1736641111.3190846
2025-01-17 15:30:12,559 DEBUG autoreload 15517 140287997655936 File /usr/lib64/python3.13/lib-dynload/_hashlib.cpython-313-x86_64-linux-gnu.so first seen with mtime 1733702400.0
2025-01-17 15:30:12,559 DEBUG autoreload 15517 140287997655936 File /usr/lib64/python3.13/decimal.py first seen with mtime 1733248792.0
2025-01-17 15:30:12,559 DEBUG autoreload 15517 140287997655936 File /home/danmarques/.local/lib/python3.13/site-packages/django/contrib/contenttypes/forms.py first seen with mtime 1736641110.5870743
2025-01-17 15:30:12,559 DEBUG autoreload 15517 140287997655936 File /home/danmarques/.local/lib/python3.13/site-packages/django/core/checks/caches.py first seen with mtime 1736641111.2440836
2025-01-17 15:30:12,559 DEBUG autoreload 15517 140287997655936 File /home/danmarques/.local/lib/python3.13/site-packages/django/contrib/messages/apps.py first seen with mtime 1736641110.9370792
2025-01-17 15:30:12,560 DEBUG autoreload 15517 140287997655936 File /home/danmarques/.local/lib/python3.13/site-packages/django/apps/config.py first seen with mtime 1736641110.0880673
2025-01-17 15:30:12,560 DEBUG autoreload 15517 140287997655936 File /usr/lib64/python3.13/lib-dynload/termios.cpython-313-x86_64-linux-gnu.so first seen with mtime 1733702400.0
2025-01-17 15:30:12,560 DEBUG autoreload 15517 140287997655936 File /usr/lib64/python3.13/asyncio/taskgroups.py first seen with mtime 1733248792.0
2025-01-17 15:30:12,560 DEBUG autoreload 15517 140287997655936 File /home/danmarques/.local/lib/python3.13/site-packages/django/contrib/auth/views.py first seen with mtime 1736641110.5090733
2025-01-17 15:30:12,560 DEBUG autoreload 15517 140287997655936 File /home/danmarques/.local/lib/python3.13/site-packages/django/core/checks/model_checks.py first seen with mtime 1736641111.2450836
2025-01-17 15:30:12,561 DEBUG autoreload 15517 140287997655936 File /home/danmarques/.local/lib/python3.13/site-packages/django/core/serializers/__init__.py first seen with mtime 1736641111.2740839
2025-01-17 15:30:12,561 DEBUG autoreload 15517 140287997655936 File /usr/lib/python3.13/site-packages/requests/utils.py first seen with mtime 1722470400.0
2025-01-17 15:30:12,561 DEBUG autoreload 15517 140287997655936 File /usr/lib64/python3.13/tokenize.py first seen with mtime 1733248792.0
2025-01-17 15:30:12,561 DEBUG autoreload 15517 140287997655936 File /home/danmarques/.local/lib/python3.13/site-packages/django/forms/renderers.py first seen with mtime 1736641111.3230846
2025-01-17 15:30:12,561 DEBUG autoreload 15517 140287997655936 File /home/danmarques/.local/lib/python3.13/site-packages/django/utils/duration.py first seen with mtime 1736641111.3680854
2025-01-17 15:30:12,562 DEBUG autoreload 15517 140287997655936 File /usr/lib/python3.13/site-packages/requests/status_codes.py first seen with mtime 1722470400.0
2025-01-17 15:30:12,562 DEBUG autoreload 15517 140287997655936 File /home/danmarques/.local/lib/python3.13/site-packages/sqlparse/filters/others.py first seen with mtime 1736641109.711062
2025-01-17 15:30:12,562 DEBUG autoreload 15517 140287997655936 File /home/danmarques/.local/lib/python3.13/site-packages/environs/types.py first seen with mtime 1736987878.6716948
2025-01-17 15:30:12,562 DEBUG autoreload 15517 140287997655936 File /home/danmarques/.local/lib/python3.13/site-packages/django/db/backends/sqlite3/base.py first seen with mtime 1736641111.2930841
2025-01-17 15:30:12,562 DEBUG autoreload 15517 140287997655936 File /home/danmarques/.local/lib/python3.13/site-packages/slugify/__version__.py first seen with mtime 1736641066.3044488
2025-01-17 15:30:12,563 DEBUG autoreload 15517 140287997655936 File /home/danmarques/.local/lib/python3.13/site-packages/django/db/backends/base/creation.py first seen with mtime 1736641111.2800841
2025-01-17 15:30:12,563 DEBUG autoreload 15517 140287997655936 File /home/danmarques/.local/lib/python3.13/site-packages/django/core/files/storage/mixins.py first seen with mtime 1736641111.2560837
2025-01-17 15:30:12,563 DEBUG autoreload 15517 140287997655936 File /home/danmarques/.local/lib/python3.13/site-packages/django/views/decorators/csrf.py first seen with mtime 1736641111.3800855
2025-01-17 15:30:12,563 DEBUG autoreload 15517 140287997655936 File /usr/lib64/python3.13/email/charset.py first seen with mtime 1733248792.0
2025-01-17 15:30:12,563 DEBUG autoreload 15517 140287997655936 File /home/danmarques/.local/lib/python3.13/site-packages/marshmallow/types.py first seen with mtime 1736987878.099687
2025-01-17 15:30:12,563 DEBUG autoreload 15517 140287997655936 File /home/danmarques/.local/lib/python3.13/site-packages/django/utils/translation/trans_real.py first seen with mtime 1736641111.3770854
2025-01-17 15:30:12,564 DEBUG autoreload 15517 140287997655936 File /usr/lib64/python3.13/subprocess.py first seen with mtime 1733248792.0
2025-01-17 15:30:12,564 DEBUG autoreload 15517 140287997655936 File /usr/lib64/python3.13/importlib/metadata/_meta.py first seen with mtime 1733248792.0
2025-01-17 15:30:12,564 DEBUG autoreload 15517 140287997655936 File /home/danmarques/.local/lib/python3.13/site-packages/django/conf/locale/__init__.py first seen with mtime 1736641110.0910673
2025-01-17 15:30:12,564 DEBUG autoreload 15517 140287997655936 File /usr/lib64/python3.13/wsgiref/__init__.py first seen with mtime 1733248792.0
2025-01-17 15:30:12,564 DEBUG autoreload 15517 140287997655936 File /home/danmarques/.local/lib/python3.13/site-packages/django/db/models/functions/comparison.py first seen with mtime 1736641111.3140845
2025-01-17 15:30:12,564 DEBUG autoreload 15517 140287997655936 File /usr/lib64/python3.13/asyncio/mixins.py first seen with mtime 1733248792.0
2025-01-17 15:30:12,565 DEBUG autoreload 15517 140287997655936 File /home/danmarques/.local/lib/python3.13/site-packages/dotenv/main.py first seen with mtime 1736987877.9106846
2025-01-17 15:30:12,565 DEBUG autoreload 15517 140287997655936 File /usr/lib/python3.13/site-packages/packaging/__init__.py first seen with mtime 1721347200.0
2025-01-17 15:30:12,565 DEBUG autoreload 15517 140287997655936 File /home/danmarques/.local/lib/python3.13/site-packages/pytz/tzfile.py first seen with mtime 1736641150.4156368
2025-01-17 15:30:12,565 DEBUG autoreload 15517 140287997655936 File /usr/lib64/python3.13/wsgiref/handlers.py first seen with mtime 1733248792.0
2025-01-17 15:30:12,565 DEBUG autoreload 15517 140287997655936 File /home/danmarques/.local/lib/python3.13/site-packages/django/core/checks/files.py first seen with mtime 1736641111.2440836
2025-01-17 15:30:12,566 DEBUG autoreload 15517 140287997655936 File /usr/lib/python3.13/site-packages/urllib3/util/connection.py first seen with mtime 1726099200.0
2025-01-17 15:30:12,566 DEBUG autoreload 15517 140287997655936 File /usr/lib64/python3.13/signal.py first seen with mtime 1733248792.0
2025-01-17 15:30:12,566 DEBUG autoreload 15517 140287997655936 File /home/danmarques/.local/lib/python3.13/site-packages/admin_interface/__init__.py first seen with mtime 1736641066.6084533
2025-01-17 15:30:12,566 DEBUG autoreload 15517 140287997655936 File /home/danmarques/.local/lib/python3.13/site-packages/django/middleware/security.py first seen with mtime 1736641111.349085
2025-01-17 15:30:12,566 DEBUG autoreload 15517 140287997655936 File /usr/lib64/python3.13/fnmatch.py first seen with mtime 1733248792.0
2025-01-17 15:30:12,566 DEBUG autoreload 15517 140287997655936 File /usr/lib64/python3.13/zipfile/__init__.py first seen with mtime 1733248792.0
2025-01-17 15:30:12,567 DEBUG autoreload 15517 140287997655936 File /home/danmarques/.local/lib/python3.13/site-packages/django/apps/__init__.py first seen with mtime 1736641110.0880673
2025-01-17 15:30:12,567 DEBUG autoreload 15517 140287997655936 File /home/danmarques/.local/lib/python3.13/site-packages/django/core/checks/translation.py first seen with mtime 1736641111.2480836
2025-01-17 15:30:12,568 DEBUG autoreload 15517 140287997655936 File /home/danmarques/.local/lib/python3.13/site-packages/django/db/migrations/exceptions.py first seen with mtime 1736641111.2960842
2025-01-17 15:30:12,568 DEBUG autoreload 15517 140287997655936 File /home/danmarques/.local/lib/python3.13/site-packages/django/template/__init__.py first seen with mtime 1736641111.349085
2025-01-17 15:30:12,569 DEBUG autoreload 15517 140287997655936 File /usr/lib64/python3.13/site-packages/PIL/_imaging.cpython-313-x86_64-linux-gnu.so first seen with mtime 1728950400.0
2025-01-17 15:30:12,570 DEBUG autoreload 15517 140287997655936 File /usr/lib64/python3.13/email/_policybase.py first seen with mtime 1733248792.0
2025-01-17 15:30:12,570 DEBUG autoreload 15517 140287997655936 File /usr/lib64/python3.13/gzip.py first seen with mtime 1733248792.0
2025-01-17 15:30:12,572 DEBUG autoreload 15517 140287997655936 File /home/danmarques/.local/lib/python3.13/site-packages/brazilcep/exceptions.py first seen with mtime 1736641445.4536595
2025-01-17 15:30:12,572 DEBUG autoreload 15517 140287997655936 File /home/danmarques/.local/lib/python3.13/site-packages/django/db/models/options.py first seen with mtime 1736641111.3060844
2025-01-17 15:30:12,573 DEBUG autoreload 15517 140287997655936 File /home/danmarques/.local/lib/python3.13/site-packages/django/utils/__init__.py first seen with mtime 1736641111.3640852
2025-01-17 15:30:12,573 DEBUG autoreload 15517 140287997655936 File /home/danmarques/.local/lib/python3.13/site-packages/django/contrib/staticfiles/apps.py first seen with mtime 1736641111.2340834
2025-01-17 15:30:12,573 DEBUG autoreload 15517 140287997655936 File /usr/lib64/python3.13/wsgiref/util.py first seen with mtime 1733248792.0
2025-01-17 15:30:12,574 DEBUG autoreload 15517 140287997655936 File /home/danmarques/Documents/Workplace/organixhub-main/core/urls.py first seen with mtime 1737134840.9894714
2025-01-17 15:30:12,577 DEBUG autoreload 15517 140287997655936 File /usr/lib/python3.13/site-packages/urllib3/util/wait.py first seen with mtime 1726099200.0
2025-01-17 15:30:12,578 DEBUG autoreload 15517 140287997655936 File /usr/lib64/python3.13/asyncio/base_subprocess.py first seen with mtime 1733248792.0
2025-01-17 15:30:12,578 DEBUG autoreload 15517 140287997655936 File /home/danmarques/.local/lib/python3.13/site-packages/django_ckeditor_5/permissions.py first seen with mtime 1736641289.9696076
2025-01-17 15:30:12,579 DEBUG autoreload 15517 140287997655936 File /usr/lib64/python3.13/urllib/response.py first seen with mtime 1733248792.0
2025-01-17 15:30:12,579 DEBUG autoreload 15517 140287997655936 File /home/danmarques/.local/lib/python3.13/site-packages/django/db/backends/utils.py first seen with mtime 1736641111.279084
2025-01-17 15:30:12,580 DEBUG autoreload 15517 140287997655936 File /home/danmarques/.local/lib/python3.13/site-packages/django/template/loaders/filesystem.py first seen with mtime 1736641111.356085
2025-01-17 15:30:12,580 DEBUG autoreload 15517 140287997655936 File /home/danmarques/.local/lib/python3.13/site-packages/django/middleware/__init__.py first seen with mtime 1736641111.347085
2025-01-17 15:30:12,580 DEBUG autoreload 15517 140287997655936 File /home/danmarques/.local/lib/python3.13/site-packages/admin_interface/settings.py first seen with mtime 1736641066.6104531
2025-01-17 15:30:12,581 DEBUG autoreload 15517 140287997655936 File /home/danmarques/.local/lib/python3.13/site-packages/django/db/models/sql/subqueries.py first seen with mtime 1736641111.3190846
2025-01-17 15:30:12,581 DEBUG autoreload 15517 140287997655936 File /home/danmarques/.local/lib/python3.13/site-packages/sqlparse/engine/statement_splitter.py first seen with mtime 1736641109.7100618
2025-01-17 15:30:12,582 DEBUG autoreload 15517 140287997655936 File /home/danmarques/.local/lib/python3.13/site-packages/dotenv/parser.py first seen with mtime 1736987877.9116848
2025-01-17 15:30:12,582 DEBUG autoreload 15517 140287997655936 File /usr/lib64/python3.13/email/mime/multipart.py first seen with mtime 1733248792.0
2025-01-17 15:30:12,582 DEBUG autoreload 15517 140287997655936 File /usr/lib64/python3.13/asyncio/__init__.py first seen with mtime 1733248792.0
2025-01-17 15:30:12,583 DEBUG autoreload 15517 140287997655936 File /usr/lib/python3.13/site-packages/urllib3/util/ssltransport.py first seen with mtime 1726099200.0
2025-01-17 15:30:12,583 DEBUG autoreload 15517 140287997655936 File /usr/lib64/python3.13/pkgutil.py first seen with mtime 1733248792.0
2025-01-17 15:30:12,583 DEBUG autoreload 15517 140287997655936 File /usr/lib/python3.13/site-packages/abrt_exception_handler3.py first seen with mtime 1732060800.0
2025-01-17 15:30:12,584 DEBUG autoreload 15517 140287997655936 File /usr/lib64/python3.13/lib-dynload/_datetime.cpython-313-x86_64-linux-gnu.so first seen with mtime 1733702400.0
2025-01-17 15:30:12,584 DEBUG autoreload 15517 140287997655936 File /usr/lib64/python3.13/lib-dynload/select.cpython-313-x86_64-linux-gnu.so first seen with mtime 1733702400.0
2025-01-17 15:30:12,584 DEBUG autoreload 15517 140287997655936 File /usr/lib64/python3.13/html/entities.py first seen with mtime 1733248792.0
2025-01-17 15:30:12,585 DEBUG autoreload 15517 140287997655936 File /home/danmarques/.local/lib/python3.13/site-packages/django/contrib/admin/exceptions.py first seen with mtime 1736641110.2230692
2025-01-17 15:30:12,585 DEBUG autoreload 15517 140287997655936 File /home/danmarques/Documents/Workplace/organixhub-main/core/apps.py first seen with mtime 1736694201.7598977
2025-01-17 15:30:12,586 DEBUG autoreload 15517 140287997655936 File /usr/lib64/python3.13/heapq.py first seen with mtime 1733248792.0
2025-01-17 15:30:12,591 DEBUG autoreload 15517 140287997655936 File /usr/lib64/python3.13/http/server.py first seen with mtime 1733248792.0
2025-01-17 15:30:12,592 DEBUG autoreload 15517 140287997655936 File /usr/lib64/python3.13/lib-dynload/_blake2.cpython-313-x86_64-linux-gnu.so first seen with mtime 1733702400.0
2025-01-17 15:30:12,592 DEBUG autoreload 15517 140287997655936 File /home/danmarques/.local/lib/python3.13/site-packages/django/db/models/functions/text.py first seen with mtime 1736641111.3150845
2025-01-17 15:30:12,592 DEBUG autoreload 15517 140287997655936 File /home/danmarques/.local/lib/python3.13/site-packages/django/db/migrations/operations/base.py first seen with mtime 1736641111.3000844
2025-01-17 15:30:12,592 DEBUG autoreload 15517 140287997655936 File /home/danmarques/.local/lib/python3.13/site-packages/django/urls/exceptions.py first seen with mtime 1736641111.3630853
2025-01-17 15:30:12,593 DEBUG autoreload 15517 140287997655936 File /usr/lib64/python3.13/http/cookies.py first seen with mtime 1733248792.0
2025-01-17 15:30:12,593 DEBUG autoreload 15517 140287997655936 File /home/danmarques/Documents/Workplace/organixhub-main/marketplace/__init__.py first seen with mtime 1736694201.788898
2025-01-17 15:30:12,594 DEBUG autoreload 15517 140287997655936 File /home/danmarques/.local/lib/python3.13/site-packages/pytz/tzinfo.py first seen with mtime 1736641150.4156368
2025-01-17 15:30:12,594 DEBUG autoreload 15517 140287997655936 File /home/danmarques/.local/lib/python3.13/site-packages/marshmallow/class_registry.py first seen with mtime 1736987878.088687
2025-01-17 15:30:12,595 DEBUG autoreload 15517 140287997655936 File /usr/lib64/python3.13/site-packages/PIL/ExifTags.py first seen with mtime 1728950400.0
2025-01-17 15:30:12,595 DEBUG autoreload 15517 140287997655936 File /usr/lib64/python3.13/types.py first seen with mtime 1733248792.0
2025-01-17 15:30:12,596 DEBUG autoreload 15517 140287997655936 File /home/danmarques/.local/lib/python3.13/site-packages/django/db/models/sql/constants.py first seen with mtime 1736641111.3170846
2025-01-17 15:30:12,597 DEBUG autoreload 15517 140287997655936 File /home/danmarques/.local/lib/python3.13/site-packages/django/forms/boundfield.py first seen with mtime 1736641111.3200846
2025-01-17 15:30:12,597 DEBUG autoreload 15517 140287997655936 File /usr/lib64/python3.13/re/__init__.py first seen with mtime 1733248792.0
2025-01-17 15:30:12,597 DEBUG autoreload 15517 140287997655936 File /home/danmarques/.local/lib/python3.13/site-packages/django/contrib/auth/tokens.py first seen with mtime 1736641110.508073
2025-01-17 15:30:12,598 DEBUG autoreload 15517 140287997655936 File /usr/lib64/python3.13/email/mime/nonmultipart.py first seen with mtime 1733248792.0
2025-01-17 15:30:12,598 DEBUG autoreload 15517 140287997655936 File /home/danmarques/.local/lib/python3.13/site-packages/sqlparse/filters/output.py first seen with mtime 1736641109.711062
2025-01-17 15:30:12,598 DEBUG autoreload 15517 140287997655936 File /home/danmarques/.local/lib/python3.13/site-packages/django/core/validators.py first seen with mtime 1736641111.2400835
2025-01-17 15:30:12,599 DEBUG autoreload 15517 140287997655936 File /home/danmarques/.local/lib/python3.13/site-packages/taggit/managers.py first seen with mtime 1736641174.6719792
2025-01-17 15:30:12,599 DEBUG autoreload 15517 140287997655936 File /home/danmarques/.local/lib/python3.13/site-packages/django/contrib/admin/filters.py first seen with mtime 1736641110.2230692
2025-01-17 15:30:12,600 DEBUG autoreload 15517 140287997655936 File /home/danmarques/.local/lib/python3.13/site-packages/django/contrib/auth/validators.py first seen with mtime 1736641110.5090733
2025-01-17 15:30:12,600 DEBUG autoreload 15517 140287997655936 File /home/danmarques/.local/lib/python3.13/site-packages/django/contrib/staticfiles/utils.py first seen with mtime 1736641111.2360835
2025-01-17 15:30:12,601 DEBUG autoreload 15517 140287997655936 File /usr/lib64/python3.13/zoneinfo/_common.py first seen with mtime 1733248792.0
2025-01-17 15:30:12,601 DEBUG autoreload 15517 140287997655936 File /home/danmarques/.local/lib/python3.13/site-packages/django/contrib/admin/widgets.py first seen with mtime 1736641110.2260692
2025-01-17 15:30:12,602 DEBUG autoreload 15517 140287997655936 File /home/danmarques/.local/lib/python3.13/site-packages/django/middleware/csrf.py first seen with mtime 1736641111.348085
2025-01-17 15:30:12,603 DEBUG autoreload 15517 140287997655936 File /home/danmarques/.local/lib/python3.13/site-packages/django/utils/choices.py first seen with mtime 1736641111.3660853
2025-01-17 15:30:12,604 DEBUG autoreload 15517 140287997655936 File /usr/lib64/python3.13/importlib/metadata/_itertools.py first seen with mtime 1733248792.0
2025-01-17 15:30:12,609 DEBUG autoreload 15517 140287997655936 File /home/danmarques/.local/lib/python3.13/site-packages/django/utils/encoding.py first seen with mtime 1736641111.3680854
2025-01-17 15:30:12,610 DEBUG autoreload 15517 140287997655936 File /usr/lib64/python3.13/asyncio/runners.py first seen with mtime 1733248792.0
2025-01-17 15:30:12,611 DEBUG autoreload 15517 140287997655936 File /home/danmarques/.local/lib/python3.13/site-packages/django/utils/asyncio.py first seen with mtime 1736641111.3650851
2025-01-17 15:30:12,614 DEBUG autoreload 15517 140287997655936 File /home/danmarques/.local/lib/python3.13/site-packages/django/contrib/__init__.py first seen with mtime 1736641110.221069
2025-01-17 15:30:12,614 DEBUG autoreload 15517 140287997655936 File /home/danmarques/.local/lib/python3.13/site-packages/django/core/files/images.py first seen with mtime 1736641111.2520835
2025-01-17 15:30:12,614 DEBUG autoreload 15517 140287997655936 File /home/danmarques/.local/lib/python3.13/site-packages/django/contrib/auth/forms.py first seen with mtime 1736641110.506073
2025-01-17 15:30:12,614 DEBUG autoreload 15517 140287997655936 File /home/danmarques/.local/lib/python3.13/site-packages/django/contrib/sites/__init__.py first seen with mtime 1736641111.1730826
2025-01-17 15:30:12,614 DEBUG autoreload 15517 140287997655936 File /usr/lib64/python3.13/lib-dynload/_lzma.cpython-313-x86_64-linux-gnu.so first seen with mtime 1733702400.0
2025-01-17 15:30:12,615 DEBUG autoreload 15517 140287997655936 File /home/danmarques/.local/lib/python3.13/site-packages/text_unidecode/__init__.py first seen with mtime 1736641066.1464467
2025-01-17 15:30:12,615 DEBUG autoreload 15517 140287997655936 File /usr/lib64/python3.13/sysconfig/__init__.py first seen with mtime 1733702400.0
2025-01-17 15:30:12,617 DEBUG autoreload 15517 140287997655936 File /home/danmarques/.local/lib/python3.13/site-packages/django/core/serializers/python.py first seen with mtime 1736641111.275084
2025-01-17 15:30:12,618 DEBUG autoreload 15517 140287997655936 File /usr/lib64/python3.13/asyncio/threads.py first seen with mtime 1733248792.0
2025-01-17 15:30:12,618 DEBUG autoreload 15517 140287997655936 File /home/danmarques/.local/lib/python3.13/site-packages/django/urls/__init__.py first seen with mtime 1736641111.362085
2025-01-17 15:30:12,618 DEBUG autoreload 15517 140287997655936 File /home/danmarques/.local/lib/python3.13/site-packages/django/utils/inspect.py first seen with mtime 1736641111.3710854
2025-01-17 15:30:12,618 DEBUG autoreload 15517 140287997655936 File /home/danmarques/.local/lib/python3.13/site-packages/django/db/backends/sqlite3/__init__.py first seen with mtime 1736641111.2920842
2025-01-17 15:30:12,618 DEBUG autoreload 15517 140287997655936 File /usr/lib/python3.13/site-packages/requests/__init__.py first seen with mtime 1722470400.0
2025-01-17 15:30:12,619 DEBUG autoreload 15517 140287997655936 File /home/danmarques/.local/lib/python3.13/site-packages/slugify/special.py first seen with mtime 1736641066.305449
2025-01-17 15:30:12,619 DEBUG autoreload 15517 140287997655936 File /home/danmarques/.local/lib/python3.13/site-packages/django/core/signals.py first seen with mtime 1736641111.2390835
2025-01-17 15:30:12,621 DEBUG autoreload 15517 140287997655936 File /usr/lib64/python3.13/token.py first seen with mtime 1733248792.0
2025-01-17 15:30:12,622 DEBUG autoreload 15517 140287997655936 File /home/danmarques/.local/lib/python3.13/site-packages/django/db/migrations/__init__.py first seen with mtime 1736641111.2950842
2025-01-17 15:30:12,622 DEBUG autoreload 15517 140287997655936 File /home/danmarques/.local/lib/python3.13/site-packages/django/contrib/contenttypes/admin.py first seen with mtime 1736641110.5860744
2025-01-17 15:30:12,622 DEBUG autoreload 15517 140287997655936 File /home/danmarques/.local/lib/python3.13/site-packages/django/core/files/uploadedfile.py first seen with mtime 1736641111.2530837
2025-01-17 15:30:12,622 DEBUG autoreload 15517 140287997655936 File /home/danmarques/.local/lib/python3.13/site-packages/django/db/backends/base/client.py first seen with mtime 1736641111.2800841
2025-01-17 15:30:12,623 DEBUG autoreload 15517 140287997655936 File /home/danmarques/.local/lib/python3.13/site-packages/brazilcep/__init__.py first seen with mtime 1736641445.4526596
2025-01-17 15:30:12,625 DEBUG autoreload 15517 140287997655936 File /usr/lib/python3.13/site-packages/idna/package_data.py first seen with mtime 1721347200.0
2025-01-17 15:30:12,626 DEBUG autoreload 15517 140287997655936 File /home/danmarques/.local/lib/python3.13/site-packages/django/middleware/common.py first seen with mtime 1736641111.348085
2025-01-17 15:30:12,626 DEBUG autoreload 15517 140287997655936 File /home/danmarques/.local/lib/python3.13/site-packages/django/core/cache/__init__.py first seen with mtime 1736641111.2400835
2025-01-17 15:30:12,626 DEBUG autoreload 15517 140287997655936 File /home/danmarques/.local/lib/python3.13/site-packages/django/urls/converters.py first seen with mtime 1736641111.3630853
2025-01-17 15:30:12,626 DEBUG autoreload 15517 140287997655936 File /home/danmarques/.local/lib/python3.13/site-packages/django/core/checks/messages.py first seen with mtime 1736641111.2450836
2025-01-17 15:30:12,627 DEBUG autoreload 15517 140287997655936 File /home/danmarques/.local/lib/python3.13/site-packages/django/views/static.py first seen with mtime 1736641111.3780854
2025-01-17 15:30:12,627 DEBUG autoreload 15517 140287997655936 File /home/danmarques/.local/lib/python3.13/site-packages/django/db/models/sql/datastructures.py first seen with mtime 1736641111.3170846
2025-01-17 15:30:12,627 DEBUG autoreload 15517 140287997655936 File /home/danmarques/.local/lib/python3.13/site-packages/paypal/__init__.py first seen with mtime 1736641150.7176409
2025-01-17 15:30:12,627 DEBUG autoreload 15517 140287997655936 File /home/danmarques/.local/lib/python3.13/site-packages/slugify/slugify.py first seen with mtime 1736641066.305449
2025-01-17 15:30:12,627 DEBUG autoreload 15517 140287997655936 File /home/danmarques/.local/lib/python3.13/site-packages/django/db/models/lookups.py first seen with mtime 1736641111.3060844
2025-01-17 15:30:12,628 DEBUG autoreload 15517 140287997655936 File /home/danmarques/.local/lib/python3.13/site-packages/django/db/models/utils.py first seen with mtime 1736641111.3080845
2025-01-17 15:30:12,628 DEBUG autoreload 15517 140287997655936 File /usr/lib64/python3.13/contextvars.py first seen with mtime 1733248792.0
2025-01-17 15:30:12,628 DEBUG autoreload 15517 140287997655936 File /home/danmarques/.local/lib/python3.13/site-packages/django/contrib/staticfiles/finders.py first seen with mtime 1736641111.2340834
2025-01-17 15:30:12,628 DEBUG autoreload 15517 140287997655936 File /home/danmarques/.local/lib/python3.13/site-packages/django_ckeditor_5/fields.py first seen with mtime 1736641289.9676075
2025-01-17 15:30:12,629 DEBUG autoreload 15517 140287997655936 File /home/danmarques/.local/lib/python3.13/site-packages/django/template/engine.py first seen with mtime 1736641111.352085
2025-01-17 15:30:12,628 DEBUG utils 15517 140287707727552 (0.005) 
            SELECT name, type FROM sqlite_master
            WHERE type in ('table', 'view') AND NOT name='sqlite_sequence'
            ORDER BY name; args=None; alias=default
2025-01-17 15:30:12,631 DEBUG autoreload 15517 140287997655936 File /home/danmarques/.local/lib/python3.13/site-packages/environs/fields.py first seen with mtime 1736987878.6696947
2025-01-17 15:30:12,631 DEBUG autoreload 15517 140287997655936 File /home/danmarques/.local/lib/python3.13/site-packages/django/utils/decorators.py first seen with mtime 1736641111.3680854
2025-01-17 15:30:12,632 DEBUG autoreload 15517 140287997655936 File /home/danmarques/.local/lib/python3.13/site-packages/paypal/standard/conf.py first seen with mtime 1736641150.728641
2025-01-17 15:30:12,632 DEBUG autoreload 15517 140287997655936 File /usr/lib64/python3.13/reprlib.py first seen with mtime 1733248792.0
2025-01-17 15:30:12,632 DEBUG autoreload 15517 140287997655936 File /usr/lib64/python3.13/asyncio/log.py first seen with mtime 1733248792.0
2025-01-17 15:30:12,632 DEBUG autoreload 15517 140287997655936 File /usr/lib/python3.13/site-packages/requests/packages.py first seen with mtime 1722470400.0
2025-01-17 15:30:12,632 DEBUG autoreload 15517 140287997655936 File /home/danmarques/.local/lib/python3.13/site-packages/django/contrib/admin/actions.py first seen with mtime 1736641110.222069
2025-01-17 15:30:12,633 DEBUG autoreload 15517 140287997655936 File /home/danmarques/.local/lib/python3.13/site-packages/django/urls/base.py first seen with mtime 1736641111.362085
2025-01-17 15:30:12,633 DEBUG autoreload 15517 140287997655936 File /usr/lib64/python3.13/wsgiref/headers.py first seen with mtime 1733248792.0
2025-01-17 15:30:12,633 DEBUG autoreload 15517 140287997655936 File /home/danmarques/.local/lib/python3.13/site-packages/admin_interface/cache.py first seen with mtime 1736641066.6094532
2025-01-17 15:30:12,634 DEBUG autoreload 15517 140287997655936 File /home/danmarques/.local/lib/python3.13/site-packages/django/contrib/admin/templatetags/admin_modify.py first seen with mtime 1736641110.428072
2025-01-17 15:30:12,634 DEBUG autoreload 15517 140287997655936 File /home/danmarques/.local/lib/python3.13/site-packages/django/contrib/auth/context_processors.py first seen with mtime 1736641110.505073
2025-01-17 15:30:12,634 DEBUG autoreload 15517 140287997655936 File /home/danmarques/.local/lib/python3.13/site-packages/django/contrib/auth/password_validation.py first seen with mtime 1736641110.508073
2025-01-17 15:30:12,635 DEBUG autoreload 15517 140287997655936 File /home/danmarques/.local/lib/python3.13/site-packages/django/dispatch/dispatcher.py first seen with mtime 1736641111.3190846
2025-01-17 15:30:12,635 DEBUG autoreload 15517 140287997655936 File /usr/lib64/python3.13/email/mime/__init__.py first seen with mtime 1733702400.0
2025-01-17 15:30:12,635 DEBUG autoreload 15517 140287997655936 File /home/danmarques/.local/lib/python3.13/site-packages/colorfield/__init__.py first seen with mtime 1736641066.4354508
2025-01-17 15:30:12,635 DEBUG autoreload 15517 140287997655936 File /usr/lib64/python3.13/email/__init__.py first seen with mtime 1733248792.0
2025-01-17 15:30:12,636 DEBUG autoreload 15517 140287997655936 File /usr/lib/python3.13/site-packages/socks.py first seen with mtime 1568944711.0
2025-01-17 15:30:12,636 DEBUG autoreload 15517 140287997655936 File /usr/lib64/python3.13/wsgiref/simple_server.py first seen with mtime 1733248792.0
2025-01-17 15:30:12,636 DEBUG autoreload 15517 140287997655936 File /usr/lib/python3.13/site-packages/requests/api.py first seen with mtime 1722470400.0
2025-01-17 15:30:12,636 DEBUG autoreload 15517 140287997655936 File /home/danmarques/.local/lib/python3.13/site-packages/paypal/standard/widgets.py first seen with mtime 1736641150.7306411
2025-01-17 15:30:12,636 DEBUG autoreload 15517 140287997655936 File /home/danmarques/.local/lib/python3.13/site-packages/django/forms/formsets.py first seen with mtime 1736641111.3220847
2025-01-17 15:30:12,637 DEBUG autoreload 15517 140287997655936 File /usr/lib64/python3.13/locale.py first seen with mtime 1733248792.0
2025-01-17 15:30:12,637 DEBUG autoreload 15517 140287997655936 File /home/danmarques/.local/lib/python3.13/site-packages/django/db/models/enums.py first seen with mtime 1736641111.3040843
2025-01-17 15:30:12,637 DEBUG autoreload 15517 140287997655936 File /usr/lib/python3.13/site-packages/urllib3/util/proxy.py first seen with mtime 1726099200.0
2025-01-17 15:30:12,637 DEBUG autoreload 15517 140287997655936 File /usr/lib64/python3.13/lib-dynload/array.cpython-313-x86_64-linux-gnu.so first seen with mtime 1733702400.0
2025-01-17 15:30:12,637 DEBUG autoreload 15517 140287997655936 File /home/danmarques/.local/lib/python3.13/site-packages/django/core/files/storage/memory.py first seen with mtime 1736641111.2560837
2025-01-17 15:30:12,638 DEBUG autoreload 15517 140287997655936 File /home/danmarques/.local/lib/python3.13/site-packages/marshmallow/exceptions.py first seen with mtime 1736987878.0926871
2025-01-17 15:30:12,638 DEBUG autoreload 15517 140287997655936 File /usr/lib64/python3.13/json/encoder.py first seen with mtime 1733248792.0
2025-01-17 15:30:12,638 DEBUG autoreload 15517 140287997655936 File /home/danmarques/.local/lib/python3.13/site-packages/multiselectfield/db/__init__.py first seen with mtime 1736641404.925231
2025-01-17 15:30:12,638 DEBUG autoreload 15517 140287997655936 File /usr/lib64/python3.13/urllib/error.py first seen with mtime 1733248792.0
2025-01-17 15:30:12,638 DEBUG autoreload 15517 140287997655936 File /usr/lib64/python3.13/_compat_pickle.py first seen with mtime 1733248792.0
2025-01-17 15:30:12,639 DEBUG autoreload 15517 140287997655936 File /home/danmarques/Documents/Workplace/organixhub-main/core/__init__.py first seen with mtime 1736694201.7568977
2025-01-17 15:30:12,639 DEBUG autoreload 15517 140287997655936 File /usr/lib/python3.13/site-packages/charset_normalizer/cd.py first seen with mtime 1721347200.0
2025-01-17 15:30:12,639 DEBUG autoreload 15517 140287997655936 File /home/danmarques/.local/lib/python3.13/site-packages/django/contrib/admin/decorators.py first seen with mtime 1736641110.2230692
2025-01-17 15:30:12,639 DEBUG autoreload 15517 140287997655936 File /home/danmarques/Documents/Workplace/organixhub-main/userauths/forms.py first seen with mtime 1736694202.9149127
2025-01-17 15:30:12,640 DEBUG autoreload 15517 140287997655936 File /home/danmarques/.local/lib/python3.13/site-packages/django/contrib/auth/checks.py first seen with mtime 1736641110.505073
2025-01-17 15:30:12,643 DEBUG autoreload 15517 140287997655936 File /home/danmarques/Documents/Workplace/organixhub-main/core/admin.py first seen with mtime 1737136561.9667041
2025-01-17 15:30:12,643 DEBUG autoreload 15517 140287997655936 File /home/danmarques/.local/lib/python3.13/site-packages/django/contrib/sessions/base_session.py first seen with mtime 1736641111.0560808
2025-01-17 15:30:12,644 DEBUG autoreload 15517 140287997655936 File /usr/lib64/python3.13/email/mime/text.py first seen with mtime 1733248792.0
2025-01-17 15:30:12,644 DEBUG autoreload 15517 140287997655936 File /home/danmarques/.local/lib/python3.13/site-packages/django/contrib/sessions/middleware.py first seen with mtime 1736641111.0970814
2025-01-17 15:30:12,644 DEBUG autoreload 15517 140287997655936 File /home/danmarques/.local/lib/python3.13/site-packages/django/contrib/sessions/models.py first seen with mtime 1736641111.0990815
2025-01-17 15:30:12,644 DEBUG autoreload 15517 140287997655936 File /usr/lib64/python3.13/email/_header_value_parser.py first seen with mtime 1733248792.0
2025-01-17 15:30:12,645 DEBUG autoreload 15517 140287997655936 File /usr/lib64/python3.13/asyncio/base_tasks.py first seen with mtime 1733248792.0
2025-01-17 15:30:12,645 DEBUG autoreload 15517 140287997655936 File /home/danmarques/.local/lib/python3.13/site-packages/django/contrib/staticfiles/management/commands/__init__.py first seen with mtime 1736641111.2360835
2025-01-17 15:30:12,645 DEBUG autoreload 15517 140287997655936 File /home/danmarques/.local/lib/python3.13/site-packages/django/template/loaders/base.py first seen with mtime 1736641111.356085
2025-01-17 15:30:12,645 DEBUG utils 15517 140287707727552 (0.002) SELECT "django_migrations"."id", "django_migrations"."app", "django_migrations"."name", "django_migrations"."applied" FROM "django_migrations"; args=(); alias=default
2025-01-17 15:30:12,646 DEBUG autoreload 15517 140287997655936 File /usr/lib/python3.13/site-packages/urllib3/__init__.py first seen with mtime 1726099200.0
2025-01-17 15:30:12,654 DEBUG autoreload 15517 140287997655936 File /usr/lib/python3.13/site-packages/requests/__version__.py first seen with mtime 1722470400.0
2025-01-17 15:30:12,654 DEBUG autoreload 15517 140287997655936 File /home/danmarques/.local/lib/python3.13/site-packages/django/utils/translation/reloader.py first seen with mtime 1736641111.3760853
2025-01-17 15:30:12,654 DEBUG autoreload 15517 140287997655936 File /home/danmarques/.local/lib/python3.13/site-packages/jazzmin/templatetags/jazzmin.py first seen with mtime 1736641114.472129
2025-01-17 15:30:12,654 DEBUG autoreload 15517 140287997655936 File /home/danmarques/.local/lib/python3.13/site-packages/django/utils/functional.py first seen with mtime 1736641111.3690853
2025-01-17 15:30:12,655 DEBUG autoreload 15517 140287997655936 File /home/danmarques/.local/lib/python3.13/site-packages/django/template/smartif.py first seen with mtime 1736641111.354085
2025-01-17 15:30:12,655 DEBUG autoreload 15517 140287997655936 File /home/danmarques/.local/lib/python3.13/site-packages/django/core/servers/basehttp.py first seen with mtime 1736641111.276084
2025-01-17 15:30:12,655 DEBUG autoreload 15517 140287997655936 File /usr/lib/python3.13/site-packages/urllib3/util/ssl_match_hostname.py first seen with mtime 1726099200.0
2025-01-17 15:30:12,655 DEBUG autoreload 15517 140287997655936 File /home/danmarques/.local/lib/python3.13/site-packages/django/template/base.py first seen with mtime 1736641111.350085
2025-01-17 15:30:12,657 DEBUG autoreload 15517 140287997655936 File /usr/lib64/python3.13/re/_parser.py first seen with mtime 1733248792.0
2025-01-17 15:30:12,657 DEBUG autoreload 15517 140287997655936 File /home/danmarques/.local/lib/python3.13/site-packages/marshmallow/base.py first seen with mtime 1736987878.088687
2025-01-17 15:30:12,657 DEBUG autoreload 15517 140287997655936 File /usr/lib64/python3.13/copyreg.py first seen with mtime 1733248792.0
2025-01-17 15:30:12,657 DEBUG autoreload 15517 140287997655936 File /usr/lib/python3.13/site-packages/idna/__init__.py first seen with mtime 1721347200.0
2025-01-17 15:30:12,657 DEBUG autoreload 15517 140287997655936 File /home/danmarques/.local/lib/python3.13/site-packages/django/utils/module_loading.py first seen with mtime 1736641111.3720853
2025-01-17 15:30:12,658 DEBUG autoreload 15517 140287997655936 File /usr/lib64/python3.13/enum.py first seen with mtime 1733248792.0
2025-01-17 15:30:12,658 DEBUG autoreload 15517 140287997655936 File /home/danmarques/.local/lib/python3.13/site-packages/django/contrib/admin/apps.py first seen with mtime 1736641110.222069
2025-01-17 15:30:12,661 DEBUG autoreload 15517 140287997655936 File /home/danmarques/.local/lib/python3.13/site-packages/django/template/autoreload.py first seen with mtime 1736641111.350085
2025-01-17 15:30:12,663 DEBUG autoreload 15517 140287997655936 File /home/danmarques/.local/lib/python3.13/site-packages/marshmallow/fields.py first seen with mtime 1736987878.094687
2025-01-17 15:30:12,663 DEBUG autoreload 15517 140287997655936 File /usr/lib64/python3.13/asyncio/locks.py first seen with mtime 1733248792.0
2025-01-17 15:30:12,664 DEBUG autoreload 15517 140287997655936 File /home/danmarques/.local/lib/python3.13/site-packages/asgiref/__init__.py first seen with mtime 1736641109.872064
2025-01-17 15:30:12,664 DEBUG autoreload 15517 140287997655936 File /home/danmarques/.local/lib/python3.13/site-packages/django/core/checks/security/sessions.py first seen with mtime 1736641111.2520835
2025-01-17 15:30:12,665 DEBUG autoreload 15517 140287997655936 File /usr/lib64/python3.13/_opcode_metadata.py first seen with mtime 1733248792.0
2025-01-17 15:30:12,665 DEBUG autoreload 15517 140287997655936 File /home/danmarques/.local/lib/python3.13/site-packages/colorfield/widgets.py first seen with mtime 1736641066.437451
2025-01-17 15:30:12,665 DEBUG autoreload 15517 140287997655936 File /home/danmarques/.local/lib/python3.13/site-packages/django/db/__init__.py first seen with mtime 1736641111.277084
2025-01-17 15:30:12,666 DEBUG autoreload 15517 140287997655936 File /usr/lib/python3.13/site-packages/_distutils_hack/__init__.py first seen with mtime 1721952000.0
2025-01-17 15:30:12,666 DEBUG autoreload 15517 140287997655936 File /home/danmarques/.local/lib/python3.13/site-packages/django/contrib/admin/templatetags/admin_urls.py first seen with mtime 1736641110.428072
2025-01-17 15:30:12,667 DEBUG autoreload 15517 140287997655936 File /home/danmarques/.local/lib/python3.13/site-packages/django/contrib/admin/utils.py first seen with mtime 1736641110.2260692
2025-01-17 15:30:12,668 DEBUG autoreload 15517 140287997655936 File /usr/lib64/python3.13/argparse.py first seen with mtime 1733248792.0
2025-01-17 15:30:12,668 DEBUG autoreload 15517 140287997655936 File /usr/lib64/python3.13/multiprocessing/__init__.py first seen with mtime 1733248792.0
2025-01-17 15:30:12,669 DEBUG autoreload 15517 140287997655936 File /usr/lib64/python3.13/lib-dynload/math.cpython-313-x86_64-linux-gnu.so first seen with mtime 1733702400.0
2025-01-17 15:30:12,670 DEBUG autoreload 15517 140287997655936 File /home/danmarques/.local/lib/python3.13/site-packages/shortuuid/__init__.py first seen with mtime 1736641359.0935836
2025-01-17 15:30:12,670 DEBUG autoreload 15517 140287997655936 File /home/danmarques/.local/lib/python3.13/site-packages/django/db/backends/sqlite3/features.py first seen with mtime 1736641111.2940843
2025-01-17 15:30:12,671 DEBUG autoreload 15517 140287997655936 File /home/danmarques/.local/lib/python3.13/site-packages/django/utils/tree.py first seen with mtime 1736641111.3740854
2025-01-17 15:30:12,674 DEBUG autoreload 15517 140287997655936 File /home/danmarques/.local/lib/python3.13/site-packages/django/contrib/auth/admin.py first seen with mtime 1736641110.5040731
2025-01-17 15:30:12,674 DEBUG autoreload 15517 140287997655936 File /usr/lib/python3.13/site-packages/urllib3/util/__init__.py first seen with mtime 1726099200.0
2025-01-17 15:30:12,674 DEBUG autoreload 15517 140287997655936 File /usr/lib64/python3.13/asyncio/sslproto.py first seen with mtime 1733248792.0
2025-01-17 15:30:12,675 DEBUG autoreload 15517 140287997655936 File /usr/lib64/python3.13/lib-dynload/_uuid.cpython-313-x86_64-linux-gnu.so first seen with mtime 1733702400.0
2025-01-17 15:30:12,676 DEBUG autoreload 15517 140287997655936 File /home/danmarques/.local/lib/python3.13/site-packages/django/apps/registry.py first seen with mtime 1736641110.0880673
2025-01-17 15:30:12,676 DEBUG autoreload 15517 140287997655936 File /home/danmarques/.local/lib/python3.13/site-packages/django/core/checks/templates.py first seen with mtime 1736641111.2460835
2025-01-17 15:30:12,677 DEBUG autoreload 15517 140287997655936 File /usr/lib64/python3.13/_colorize.py first seen with mtime 1733248792.0
2025-01-17 15:30:12,677 DEBUG autoreload 15517 140287997655936 File /home/danmarques/.local/lib/python3.13/site-packages/asgiref/sync.py first seen with mtime 1736641109.8760643
2025-01-17 15:30:12,677 DEBUG autoreload 15517 140287997655936 File /usr/lib64/python3.13/concurrent/__init__.py first seen with mtime 1733248792.0
2025-01-17 15:30:12,678 DEBUG autoreload 15517 140287997655936 File /home/danmarques/.local/lib/python3.13/site-packages/django/core/cache/backends/locmem.py first seen with mtime 1736641111.2420835
2025-01-17 15:30:12,678 DEBUG autoreload 15517 140287997655936 File /home/danmarques/.local/lib/python3.13/site-packages/django/db/backends/sqlite3/introspection.py first seen with mtime 1736641111.2940843
2025-01-17 15:30:12,679 DEBUG autoreload 15517 140287997655936 File /usr/lib64/python3.13/weakref.py first seen with mtime 1733248792.0
2025-01-17 15:30:12,679 DEBUG autoreload 15517 140287997655936 File /home/danmarques/.local/lib/python3.13/site-packages/django/urls/utils.py first seen with mtime 1736641111.3640852
2025-01-17 15:30:12,679 DEBUG autoreload 15517 140287997655936 File /usr/lib64/python3.13/asyncio/streams.py first seen with mtime 1733248792.0
2025-01-17 15:30:12,680 DEBUG autoreload 15517 140287997655936 File /usr/lib/python3.13/site-packages/urllib3/poolmanager.py first seen with mtime 1726099200.0
2025-01-17 15:30:12,680 DEBUG autoreload 15517 140287997655936 File /home/danmarques/.local/lib/python3.13/site-packages/django/template/loaders/__init__.py first seen with mtime 1736641111.3550851
2025-01-17 15:30:12,680 DEBUG autoreload 15517 140287997655936 File /usr/lib64/python3.13/http/cookiejar.py first seen with mtime 1733248792.0
2025-01-17 15:30:12,681 DEBUG autoreload 15517 140287997655936 File /home/danmarques/.local/lib/python3.13/site-packages/paypal/standard/forms.py first seen with mtime 1736641150.728641
2025-01-17 15:30:12,681 DEBUG autoreload 15517 140287997655936 File /usr/lib64/python3.13/inspect.py first seen with mtime 1733248792.0
2025-01-17 15:30:12,682 DEBUG autoreload 15517 140287997655936 File /usr/lib64/python3.13/site-packages/PIL/Image.py first seen with mtime 1728950400.0
2025-01-17 15:30:12,682 DEBUG autoreload 15517 140287997655936 File /home/danmarques/.local/lib/python3.13/site-packages/django/db/backends/base/validation.py first seen with mtime 1736641111.282084
2025-01-17 15:30:12,682 DEBUG autoreload 15517 140287997655936 File /home/danmarques/.local/lib/python3.13/site-packages/django/views/generic/list.py first seen with mtime 1736641111.3820856
2025-01-17 15:30:12,683 DEBUG autoreload 15517 140287997655936 File /usr/lib64/python3.13/importlib/_abc.py first seen with mtime 1733248792.0
2025-01-17 15:30:12,683 DEBUG autoreload 15517 140287997655936 File /usr/lib/python3.13/site-packages/requests/certs.py first seen with mtime 1722470400.0
2025-01-17 15:30:12,683 DEBUG autoreload 15517 140287997655936 File /home/danmarques/.local/lib/python3.13/site-packages/django/db/migrations/operations/special.py first seen with mtime 1736641111.3020844
2025-01-17 15:30:12,684 DEBUG autoreload 15517 140287997655936 File /usr/lib64/python3.13/zoneinfo/_tzpath.py first seen with mtime 1733248792.0
2025-01-17 15:30:12,685 DEBUG autoreload 15517 140287997655936 File /usr/lib64/python3.13/stringprep.py first seen with mtime 1733248792.0
2025-01-17 15:30:12,685 DEBUG autoreload 15517 140287997655936 File /usr/lib64/python3.13/site-packages/PIL/ImageMode.py first seen with mtime 1728950400.0
2025-01-17 15:30:12,685 DEBUG autoreload 15517 140287997655936 File /home/danmarques/.local/lib/python3.13/site-packages/django/core/serializers/json.py first seen with mtime 1736641111.2740839
2025-01-17 15:30:12,685 DEBUG autoreload 15517 140287997655936 File /home/danmarques/Documents/Workplace/organixhub-main/marketplace/settings.py first seen with mtime 1737138562.0909815
2025-01-17 15:30:12,685 DEBUG autoreload 15517 140287997655936 File /home/danmarques/.local/lib/python3.13/site-packages/shortuuid/django_fields.py first seen with mtime 1736641359.0935836
2025-01-17 15:30:12,686 DEBUG autoreload 15517 140287997655936 File /usr/lib64/python3.13/contextlib.py first seen with mtime 1733248792.0
2025-01-17 15:30:12,686 DEBUG autoreload 15517 140287997655936 File /home/danmarques/.local/lib/python3.13/site-packages/admin_interface/templates/admin first seen with mtime 1736641066.6534538
2025-01-17 15:30:12,687 DEBUG autoreload 15517 140287997655936 File /home/danmarques/.local/lib/python3.13/site-packages/admin_interface/templates/admin_interface first seen with mtime 1736641066.6564538
2025-01-17 15:30:12,687 DEBUG autoreload 15517 140287997655936 File /home/danmarques/.local/lib/python3.13/site-packages/admin_interface/templates/admin/base_site.html first seen with mtime 1736641066.652454
2025-01-17 15:30:12,687 DEBUG autoreload 15517 140287997655936 File /home/danmarques/.local/lib/python3.13/site-packages/admin_interface/templates/admin/change_form.html first seen with mtime 1736641066.652454
2025-01-17 15:30:12,688 DEBUG autoreload 15517 140287997655936 File /home/danmarques/.local/lib/python3.13/site-packages/admin_interface/templates/admin/change_list.html first seen with mtime 1736641066.652454
2025-01-17 15:30:12,688 DEBUG autoreload 15517 140287997655936 File /home/danmarques/.local/lib/python3.13/site-packages/admin_interface/templates/admin/filter.html first seen with mtime 1736641066.6534538
2025-01-17 15:30:12,688 DEBUG autoreload 15517 140287997655936 File /home/danmarques/.local/lib/python3.13/site-packages/admin_interface/templates/admin/popup_response.html first seen with mtime 1736641066.6534538
2025-01-17 15:30:12,689 DEBUG autoreload 15517 140287997655936 File /home/danmarques/.local/lib/python3.13/site-packages/admin_interface/templates/admin/edit_inline first seen with mtime 1736641066.6534538
2025-01-17 15:30:12,689 DEBUG autoreload 15517 140287997655936 File /home/danmarques/.local/lib/python3.13/site-packages/admin_interface/templates/admin/includes first seen with mtime 1736641066.6534538
2025-01-17 15:30:12,690 DEBUG autoreload 15517 140287997655936 File /home/danmarques/.local/lib/python3.13/site-packages/admin_interface/templates/admin_interface/collapsible-inlines.html first seen with mtime 1736641066.6544538
2025-01-17 15:30:12,690 DEBUG autoreload 15517 140287997655936 File /home/danmarques/.local/lib/python3.13/site-packages/admin_interface/templates/admin_interface/date_hierarchy_removal_link.html first seen with mtime 1736641066.6544538
2025-01-17 15:30:12,691 DEBUG autoreload 15517 140287997655936 File /home/danmarques/.local/lib/python3.13/site-packages/admin_interface/templates/admin_interface/dropdown_filter.html first seen with mtime 1736641066.6544538
2025-01-17 15:30:12,695 DEBUG autoreload 15517 140287997655936 File /home/danmarques/.local/lib/python3.13/site-packages/admin_interface/templates/admin_interface/favicon.html first seen with mtime 1736641066.655454
2025-01-17 15:30:12,695 DEBUG autoreload 15517 140287997655936 File /home/danmarques/.local/lib/python3.13/site-packages/admin_interface/templates/admin_interface/foldable-apps.html first seen with mtime 1736641066.655454
2025-01-17 15:30:12,695 DEBUG autoreload 15517 140287997655936 File /home/danmarques/.local/lib/python3.13/site-packages/admin_interface/templates/admin_interface/language_chooser.html first seen with mtime 1736641066.655454
2025-01-17 15:30:12,695 DEBUG autoreload 15517 140287997655936 File /home/danmarques/.local/lib/python3.13/site-packages/admin_interface/templates/admin_interface/list_filter_removal_link.html first seen with mtime 1736641066.6564538
2025-01-17 15:30:12,695 DEBUG autoreload 15517 140287997655936 File /home/danmarques/.local/lib/python3.13/site-packages/admin_interface/templates/admin_interface/related-modal.html first seen with mtime 1736641066.6564538
2025-01-17 15:30:12,696 DEBUG autoreload 15517 140287997655936 File /home/danmarques/.local/lib/python3.13/site-packages/admin_interface/templates/admin/edit_inline/headerless_stacked.html first seen with mtime 1736641066.6534538
2025-01-17 15:30:12,696 DEBUG autoreload 15517 140287997655936 File /home/danmarques/.local/lib/python3.13/site-packages/admin_interface/templates/admin/edit_inline/headerless_tabular.html first seen with mtime 1736641066.6534538
2025-01-17 15:30:12,696 DEBUG autoreload 15517 140287997655936 File /home/danmarques/.local/lib/python3.13/site-packages/admin_interface/templates/admin/includes/headerless_fieldset.html first seen with mtime 1736641066.6544538
2025-01-17 15:30:12,697 DEBUG autoreload 15517 140287997655936 File /home/danmarques/Documents/Workplace/organixhub-main/templates/core first seen with mtime 1736694202.8999126
2025-01-17 15:30:12,697 DEBUG autoreload 15517 140287997655936 File /home/danmarques/Documents/Workplace/organixhub-main/templates/partials first seen with mtime 1736694202.8999126
2025-01-17 15:30:12,697 DEBUG autoreload 15517 140287997655936 File /home/danmarques/Documents/Workplace/organixhub-main/templates/userauths first seen with mtime 1736694202.9009125
2025-01-17 15:30:12,697 DEBUG autoreload 15517 140287997655936 File /home/danmarques/Documents/Workplace/organixhub-main/templates/core/about.html first seen with mtime 1736694202.8889124
2025-01-17 15:30:12,697 DEBUG autoreload 15517 140287997655936 File /home/danmarques/Documents/Workplace/organixhub-main/templates/core/async first seen with mtime 1736694202.8909125
2025-01-17 15:30:12,698 DEBUG autoreload 15517 140287997655936 File /home/danmarques/Documents/Workplace/organixhub-main/templates/core/cart.html first seen with mtime 1736694202.8909125
2025-01-17 15:30:12,698 DEBUG autoreload 15517 140287997655936 File /home/danmarques/Documents/Workplace/organixhub-main/templates/core/category-list.html first seen with mtime 1736694202.8919125
2025-01-17 15:30:12,698 DEBUG autoreload 15517 140287997655936 File /home/danmarques/Documents/Workplace/organixhub-main/templates/core/category-product-list.html first seen with mtime 1736694202.8919125
2025-01-17 15:30:12,698 DEBUG autoreload 15517 140287997655936 File /home/danmarques/Documents/Workplace/organixhub-main/templates/core/checkout.html first seen with mtime 1737134860.527745
2025-01-17 15:30:12,698 DEBUG autoreload 15517 140287997655936 File /home/danmarques/Documents/Workplace/organixhub-main/templates/core/contact.html first seen with mtime 1736694202.8919125
2025-01-17 15:30:12,698 DEBUG autoreload 15517 140287997655936 File /home/danmarques/Documents/Workplace/organixhub-main/templates/core/dashboard.html first seen with mtime 1736694202.8939126
2025-01-17 15:30:12,699 DEBUG autoreload 15517 140287997655936 File /home/danmarques/Documents/Workplace/organixhub-main/templates/core/index.html first seen with mtime 1736797366.4591491
2025-01-17 15:30:12,699 DEBUG autoreload 15517 140287997655936 File /home/danmarques/Documents/Workplace/organixhub-main/templates/core/order-detail.html first seen with mtime 1736694202.8939126
2025-01-17 15:30:12,699 DEBUG autoreload 15517 140287997655936 File /home/danmarques/Documents/Workplace/organixhub-main/templates/core/payment-completed.html first seen with mtime 1737131960.5682554
2025-01-17 15:30:12,699 DEBUG autoreload 15517 140287997655936 File /home/danmarques/Documents/Workplace/organixhub-main/templates/core/payment-failed.html first seen with mtime 1736694202.8949125
2025-01-17 15:30:12,699 DEBUG autoreload 15517 140287997655936 File /home/danmarques/Documents/Workplace/organixhub-main/templates/core/privacy-policy.html first seen with mtime 1736694202.8949125
2025-01-17 15:30:12,699 DEBUG autoreload 15517 140287997655936 File /home/danmarques/Documents/Workplace/organixhub-main/templates/core/product-detail.html first seen with mtime 1736694202.8949125
2025-01-17 15:30:12,700 DEBUG autoreload 15517 140287997655936 File /home/danmarques/Documents/Workplace/organixhub-main/templates/core/product-list.html first seen with mtime 1736694202.8969126
2025-01-17 15:30:12,700 DEBUG autoreload 15517 140287997655936 File /home/danmarques/Documents/Workplace/organixhub-main/templates/core/purchase-guide.html first seen with mtime 1736694202.8969126
2025-01-17 15:30:12,700 DEBUG autoreload 15517 140287997655936 File /home/danmarques/Documents/Workplace/organixhub-main/templates/core/search.html first seen with mtime 1736694202.8969126
2025-01-17 15:30:12,700 DEBUG autoreload 15517 140287997655936 File /home/danmarques/Documents/Workplace/organixhub-main/templates/core/service-terms.html first seen with mtime 1736694202.8969126
2025-01-17 15:30:12,700 DEBUG autoreload 15517 140287997655936 File /home/danmarques/Documents/Workplace/organixhub-main/templates/core/tag.html first seen with mtime 1736694202.8969126
2025-01-17 15:30:12,700 DEBUG autoreload 15517 140287997655936 File /home/danmarques/Documents/Workplace/organixhub-main/templates/core/vendor-detail.html first seen with mtime 1736694202.8999126
2025-01-17 15:30:12,700 DEBUG autoreload 15517 140287997655936 File /home/danmarques/Documents/Workplace/organixhub-main/templates/core/vendor-list.html first seen with mtime 1736694202.8999126
2025-01-17 15:30:12,701 DEBUG autoreload 15517 140287997655936 File /home/danmarques/Documents/Workplace/organixhub-main/templates/core/wishlist.html first seen with mtime 1736694202.8999126
2025-01-17 15:30:12,701 DEBUG autoreload 15517 140287997655936 File /home/danmarques/Documents/Workplace/organixhub-main/templates/partials/base.html first seen with mtime 1737124305.8098993
2025-01-17 15:30:12,701 DEBUG autoreload 15517 140287997655936 File /home/danmarques/Documents/Workplace/organixhub-main/templates/userauths/profile-edit.html first seen with mtime 1736694202.9009125
2025-01-17 15:30:12,701 DEBUG autoreload 15517 140287997655936 File /home/danmarques/Documents/Workplace/organixhub-main/templates/userauths/sign-in.html first seen with mtime 1736694202.9009125
2025-01-17 15:30:12,701 DEBUG autoreload 15517 140287997655936 File /home/danmarques/Documents/Workplace/organixhub-main/templates/userauths/sign-up.html first seen with mtime 1736694202.9009125
2025-01-17 15:30:12,702 DEBUG autoreload 15517 140287997655936 File /home/danmarques/Documents/Workplace/organixhub-main/templates/core/async/cart-list.html first seen with mtime 1736694202.8889124
2025-01-17 15:30:12,702 DEBUG autoreload 15517 140287997655936 File /home/danmarques/Documents/Workplace/organixhub-main/templates/core/async/product-list.html first seen with mtime 1736694202.8909125
2025-01-17 15:30:12,702 DEBUG autoreload 15517 140287997655936 File /home/danmarques/Documents/Workplace/organixhub-main/templates/core/async/wishlist-list.html first seen with mtime 1736694202.8909125
2025-01-17 15:30:12,703 DEBUG autoreload 15517 140287997655936 File /home/danmarques/.local/lib/python3.13/site-packages/taggit/templates/admin first seen with mtime 1736641174.6909795
2025-01-17 15:30:12,704 DEBUG autoreload 15517 140287997655936 File /home/danmarques/.local/lib/python3.13/site-packages/taggit/templates/admin/taggit first seen with mtime 1736641174.6919796
2025-01-17 15:30:12,704 DEBUG autoreload 15517 140287997655936 File /home/danmarques/.local/lib/python3.13/site-packages/taggit/templates/admin/taggit/merge_tags_form.html first seen with mtime 1736641174.6919796
2025-01-17 15:30:12,704 DEBUG autoreload 15517 140287997655936 File /home/danmarques/.local/lib/python3.13/site-packages/paypal/standard/ipn/templates/ipn first seen with mtime 1736641150.7366412
2025-01-17 15:30:12,704 DEBUG autoreload 15517 140287997655936 File /home/danmarques/.local/lib/python3.13/site-packages/paypal/standard/ipn/templates/ipn/ipn.html first seen with mtime 1736641150.7356412
2025-01-17 15:30:12,704 DEBUG autoreload 15517 140287997655936 File /home/danmarques/.local/lib/python3.13/site-packages/paypal/standard/ipn/templates/ipn/ipn_test.html first seen with mtime 1736641150.7366412
2025-01-17 15:30:12,705 DEBUG autoreload 15517 140287997655936 File /home/danmarques/.local/lib/python3.13/site-packages/paypal/standard/ipn/templates/ipn/paypal.html first seen with mtime 1736641150.7366412
2025-01-17 15:30:12,705 DEBUG autoreload 15517 140287997655936 File /home/danmarques/.local/lib/python3.13/site-packages/jazzmin/templates/admin first seen with mtime 1736641114.461129
2025-01-17 15:30:12,705 DEBUG autoreload 15517 140287997655936 File /home/danmarques/.local/lib/python3.13/site-packages/jazzmin/templates/admin_doc first seen with mtime 1736641114.465129
2025-01-17 15:30:12,705 DEBUG autoreload 15517 140287997655936 File /home/danmarques/.local/lib/python3.13/site-packages/jazzmin/templates/jazzmin first seen with mtime 1736641114.4681292
2025-01-17 15:30:12,705 DEBUG autoreload 15517 140287997655936 File /home/danmarques/.local/lib/python3.13/site-packages/jazzmin/templates/registration first seen with mtime 1736641114.4711292
2025-01-17 15:30:12,706 DEBUG autoreload 15517 140287997655936 File /home/danmarques/.local/lib/python3.13/site-packages/jazzmin/templates/admin/actions.html first seen with mtime 1736641114.4431288
2025-01-17 15:30:12,706 DEBUG autoreload 15517 140287997655936 File /home/danmarques/.local/lib/python3.13/site-packages/jazzmin/templates/admin/app_index.html first seen with mtime 1736641114.4441288
2025-01-17 15:30:12,708 DEBUG autoreload 15517 140287997655936 File /home/danmarques/.local/lib/python3.13/site-packages/jazzmin/templates/admin/auth first seen with mtime 1736641114.4441288
2025-01-17 15:30:12,708 DEBUG autoreload 15517 140287997655936 File /home/danmarques/.local/lib/python3.13/site-packages/jazzmin/templates/admin/base.html first seen with mtime 1736641114.4451287
2025-01-17 15:30:12,708 DEBUG autoreload 15517 140287997655936 File /home/danmarques/.local/lib/python3.13/site-packages/jazzmin/templates/admin/base_site.html first seen with mtime 1736641114.4461288
2025-01-17 15:30:12,709 DEBUG autoreload 15517 140287997655936 File /home/danmarques/.local/lib/python3.13/site-packages/jazzmin/templates/admin/change_form.html first seen with mtime 1736641114.4461288
2025-01-17 15:30:12,709 DEBUG autoreload 15517 140287997655936 File /home/danmarques/.local/lib/python3.13/site-packages/jazzmin/templates/admin/change_form_object_tools.html first seen with mtime 1736641114.4461288
2025-01-17 15:30:12,710 DEBUG autoreload 15517 140287997655936 File /home/danmarques/.local/lib/python3.13/site-packages/jazzmin/templates/admin/change_list.html first seen with mtime 1736641114.4471288
2025-01-17 15:30:12,710 DEBUG autoreload 15517 140287997655936 File /home/danmarques/.local/lib/python3.13/site-packages/jazzmin/templates/admin/change_list_object_tools.html first seen with mtime 1736641114.4471288
2025-01-17 15:30:12,711 DEBUG autoreload 15517 140287997655936 File /home/danmarques/.local/lib/python3.13/site-packages/jazzmin/templates/admin/change_list_results.html first seen with mtime 1736641114.4481287
2025-01-17 15:30:12,712 DEBUG autoreload 15517 140287997655936 File /home/danmarques/.local/lib/python3.13/site-packages/jazzmin/templates/admin/date_hierarchy.html first seen with mtime 1736641114.4481287
2025-01-17 15:30:12,712 DEBUG autoreload 15517 140287997655936 File /home/danmarques/.local/lib/python3.13/site-packages/jazzmin/templates/admin/delete_confirmation.html first seen with mtime 1736641114.4481287
2025-01-17 15:30:12,713 DEBUG autoreload 15517 140287997655936 File /home/danmarques/.local/lib/python3.13/site-packages/jazzmin/templates/admin/delete_selected_confirmation.html first seen with mtime 1736641114.4491289
2025-01-17 15:30:12,713 DEBUG autoreload 15517 140287997655936 File /home/danmarques/.local/lib/python3.13/site-packages/jazzmin/templates/admin/edit_inline first seen with mtime 1736641114.4501288
2025-01-17 15:30:12,714 DEBUG autoreload 15517 140287997655936 File /home/danmarques/.local/lib/python3.13/site-packages/jazzmin/templates/admin/filer first seen with mtime 1736641114.4531288
2025-01-17 15:30:12,714 DEBUG autoreload 15517 140287997655936 File /home/danmarques/.local/lib/python3.13/site-packages/jazzmin/templates/admin/filter.html first seen with mtime 1736641114.4541287
2025-01-17 15:30:12,715 DEBUG autoreload 15517 140287997655936 File /home/danmarques/.local/lib/python3.13/site-packages/jazzmin/templates/admin/import_export first seen with mtime 1736641114.457129
2025-01-17 15:30:12,715 DEBUG autoreload 15517 140287997655936 File /home/danmarques/.local/lib/python3.13/site-packages/jazzmin/templates/admin/includes first seen with mtime 1736641114.458129
2025-01-17 15:30:12,715 DEBUG autoreload 15517 140287997655936 File /home/danmarques/.local/lib/python3.13/site-packages/jazzmin/templates/admin/index.html first seen with mtime 1736641114.458129
2025-01-17 15:30:12,717 DEBUG autoreload 15517 140287997655936 File /home/danmarques/.local/lib/python3.13/site-packages/jazzmin/templates/admin/login.html first seen with mtime 1736641114.4591289
2025-01-17 15:30:12,718 DEBUG autoreload 15517 140287997655936 File /home/danmarques/.local/lib/python3.13/site-packages/jazzmin/templates/admin/mptt_filter.html first seen with mtime 1736641114.4591289
2025-01-17 15:30:12,718 DEBUG autoreload 15517 140287997655936 File /home/danmarques/.local/lib/python3.13/site-packages/jazzmin/templates/admin/object_history.html first seen with mtime 1736641114.460129
2025-01-17 15:30:12,719 DEBUG autoreload 15517 140287997655936 File /home/danmarques/.local/lib/python3.13/site-packages/jazzmin/templates/admin/pagination.html first seen with mtime 1736641114.460129
2025-01-17 15:30:12,719 DEBUG autoreload 15517 140287997655936 File /home/danmarques/.local/lib/python3.13/site-packages/jazzmin/templates/admin/popup_response.html first seen with mtime 1736641114.460129
2025-01-17 15:30:12,720 DEBUG autoreload 15517 140287997655936 File /home/danmarques/.local/lib/python3.13/site-packages/jazzmin/templates/admin/search_form.html first seen with mtime 1736641114.460129
2025-01-17 15:30:12,720 DEBUG autoreload 15517 140287997655936 File /home/danmarques/.local/lib/python3.13/site-packages/jazzmin/templates/admin/solo first seen with mtime 1736641114.461129
2025-01-17 15:30:12,720 DEBUG autoreload 15517 140287997655936 File /home/danmarques/.local/lib/python3.13/site-packages/jazzmin/templates/admin/submit_line.html first seen with mtime 1736641114.4621289
2025-01-17 15:30:12,721 DEBUG autoreload 15517 140287997655936 File /home/danmarques/.local/lib/python3.13/site-packages/jazzmin/templates/admin_doc/base_docs.html first seen with mtime 1736641114.4621289
2025-01-17 15:30:12,722 DEBUG autoreload 15517 140287997655936 File /home/danmarques/.local/lib/python3.13/site-packages/jazzmin/templates/admin_doc/bookmarklets.html first seen with mtime 1736641114.4621289
2025-01-17 15:30:12,722 DEBUG autoreload 15517 140287997655936 File /home/danmarques/.local/lib/python3.13/site-packages/jazzmin/templates/admin_doc/index.html first seen with mtime 1736641114.463129
2025-01-17 15:30:12,723 DEBUG autoreload 15517 140287997655936 File /home/danmarques/.local/lib/python3.13/site-packages/jazzmin/templates/admin_doc/missing_docutils.html first seen with mtime 1736641114.463129
2025-01-17 15:30:12,723 DEBUG autoreload 15517 140287997655936 File /home/danmarques/.local/lib/python3.13/site-packages/jazzmin/templates/admin_doc/model_detail.html first seen with mtime 1736641114.463129
2025-01-17 15:30:12,723 DEBUG autoreload 15517 140287997655936 File /home/danmarques/.local/lib/python3.13/site-packages/jazzmin/templates/admin_doc/model_index.html first seen with mtime 1736641114.464129
2025-01-17 15:30:12,723 DEBUG autoreload 15517 140287997655936 File /home/danmarques/.local/lib/python3.13/site-packages/jazzmin/templates/admin_doc/template_detail.html first seen with mtime 1736641114.464129
2025-01-17 15:30:12,724 DEBUG autoreload 15517 140287997655936 File /home/danmarques/.local/lib/python3.13/site-packages/jazzmin/templates/admin_doc/template_filter_index.html first seen with mtime 1736641114.464129
2025-01-17 15:30:12,724 DEBUG autoreload 15517 140287997655936 File /home/danmarques/.local/lib/python3.13/site-packages/jazzmin/templates/admin_doc/template_tag_index.html first seen with mtime 1736641114.465129
2025-01-17 15:30:12,725 DEBUG autoreload 15517 140287997655936 File /home/danmarques/.local/lib/python3.13/site-packages/jazzmin/templates/admin_doc/view_detail.html first seen with mtime 1736641114.465129
2025-01-17 15:30:12,725 DEBUG autoreload 15517 140287997655936 File /home/danmarques/.local/lib/python3.13/site-packages/jazzmin/templates/admin_doc/view_index.html first seen with mtime 1736641114.465129
2025-01-17 15:30:12,725 DEBUG autoreload 15517 140287997655936 File /home/danmarques/.local/lib/python3.13/site-packages/jazzmin/templates/jazzmin/includes first seen with mtime 1736641114.4681292
2025-01-17 15:30:12,725 DEBUG autoreload 15517 140287997655936 File /home/danmarques/.local/lib/python3.13/site-packages/jazzmin/templates/jazzmin/widgets first seen with mtime 1736641114.4681292
2025-01-17 15:30:12,725 DEBUG autoreload 15517 140287997655936 File /home/danmarques/.local/lib/python3.13/site-packages/jazzmin/templates/registration/base.html first seen with mtime 1736641114.469129
2025-01-17 15:30:12,726 DEBUG autoreload 15517 140287997655936 File /home/danmarques/.local/lib/python3.13/site-packages/jazzmin/templates/registration/logged_out.html first seen with mtime 1736641114.469129
2025-01-17 15:30:12,726 DEBUG autoreload 15517 140287997655936 File /home/danmarques/.local/lib/python3.13/site-packages/jazzmin/templates/registration/password_change_done.html first seen with mtime 1736641114.470129
2025-01-17 15:30:12,727 DEBUG autoreload 15517 140287997655936 File /home/danmarques/.local/lib/python3.13/site-packages/jazzmin/templates/registration/password_change_form.html first seen with mtime 1736641114.470129
2025-01-17 15:30:12,727 DEBUG autoreload 15517 140287997655936 File /home/danmarques/.local/lib/python3.13/site-packages/jazzmin/templates/registration/password_reset_complete.html first seen with mtime 1736641114.470129
2025-01-17 15:30:12,727 DEBUG autoreload 15517 140287997655936 File /home/danmarques/.local/lib/python3.13/site-packages/jazzmin/templates/registration/password_reset_confirm.html first seen with mtime 1736641114.4711292
2025-01-17 15:30:12,727 DEBUG autoreload 15517 140287997655936 File /home/danmarques/.local/lib/python3.13/site-packages/jazzmin/templates/registration/password_reset_done.html first seen with mtime 1736641114.4711292
2025-01-17 15:30:12,727 DEBUG autoreload 15517 140287997655936 File /home/danmarques/.local/lib/python3.13/site-packages/jazzmin/templates/registration/password_reset_form.html first seen with mtime 1736641114.4711292
2025-01-17 15:30:12,728 DEBUG autoreload 15517 140287997655936 File /home/danmarques/.local/lib/python3.13/site-packages/jazzmin/templates/jazzmin/includes/carousel.html first seen with mtime 1736641114.466129
2025-01-17 15:30:12,728 DEBUG autoreload 15517 140287997655936 File /home/danmarques/.local/lib/python3.13/site-packages/jazzmin/templates/jazzmin/includes/collapsible.html first seen with mtime 1736641114.466129
2025-01-17 15:30:12,728 DEBUG autoreload 15517 140287997655936 File /home/danmarques/.local/lib/python3.13/site-packages/jazzmin/templates/jazzmin/includes/horizontal_tabs.html first seen with mtime 1736641114.467129
2025-01-17 15:30:12,728 DEBUG autoreload 15517 140287997655936 File /home/danmarques/.local/lib/python3.13/site-packages/jazzmin/templates/jazzmin/includes/related_modal.html first seen with mtime 1736641114.467129
2025-01-17 15:30:12,728 DEBUG autoreload 15517 140287997655936 File /home/danmarques/.local/lib/python3.13/site-packages/jazzmin/templates/jazzmin/includes/single.html first seen with mtime 1736641114.467129
2025-01-17 15:30:12,729 DEBUG autoreload 15517 140287997655936 File /home/danmarques/.local/lib/python3.13/site-packages/jazzmin/templates/jazzmin/includes/ui_builder_panel.html first seen with mtime 1736641114.4681292
2025-01-17 15:30:12,729 DEBUG autoreload 15517 140287997655936 File /home/danmarques/.local/lib/python3.13/site-packages/jazzmin/templates/jazzmin/includes/vertical_tabs.html first seen with mtime 1736641114.4681292
2025-01-17 15:30:12,729 DEBUG autoreload 15517 140287997655936 File /home/danmarques/.local/lib/python3.13/site-packages/jazzmin/templates/jazzmin/widgets/select.html first seen with mtime 1736641114.469129
2025-01-17 15:30:12,729 DEBUG autoreload 15517 140287997655936 File /home/danmarques/.local/lib/python3.13/site-packages/jazzmin/templates/admin/auth/user first seen with mtime 1736641114.4451287
2025-01-17 15:30:12,730 DEBUG autoreload 15517 140287997655936 File /home/danmarques/.local/lib/python3.13/site-packages/jazzmin/templates/admin/edit_inline/stacked.html first seen with mtime 1736641114.4491289
2025-01-17 15:30:12,730 DEBUG autoreload 15517 140287997655936 File /home/danmarques/.local/lib/python3.13/site-packages/jazzmin/templates/admin/edit_inline/tabular.html first seen with mtime 1736641114.4501288
2025-01-17 15:30:12,730 DEBUG autoreload 15517 140287997655936 File /home/danmarques/.local/lib/python3.13/site-packages/jazzmin/templates/admin/filer/breadcrumbs.html first seen with mtime 1736641114.4501288
2025-01-17 15:30:12,730 DEBUG autoreload 15517 140287997655936 File /home/danmarques/.local/lib/python3.13/site-packages/jazzmin/templates/admin/filer/change_form.html first seen with mtime 1736641114.4511287
2025-01-17 15:30:12,730 DEBUG autoreload 15517 140287997655936 File /home/danmarques/.local/lib/python3.13/site-packages/jazzmin/templates/admin/filer/delete_selected_files_confirmation.html first seen with mtime 1736641114.4511287
2025-01-17 15:30:12,731 DEBUG autoreload 15517 140287997655936 File /home/danmarques/.local/lib/python3.13/site-packages/jazzmin/templates/admin/filer/file first seen with mtime 1736641114.4511287
2025-01-17 15:30:12,731 DEBUG autoreload 15517 140287997655936 File /home/danmarques/.local/lib/python3.13/site-packages/jazzmin/templates/admin/filer/folder first seen with mtime 1736641114.452129
2025-01-17 15:30:12,731 DEBUG autoreload 15517 140287997655936 File /home/danmarques/.local/lib/python3.13/site-packages/jazzmin/templates/admin/filer/image first seen with mtime 1736641114.4531288
2025-01-17 15:30:12,731 DEBUG autoreload 15517 140287997655936 File /home/danmarques/.local/lib/python3.13/site-packages/jazzmin/templates/admin/filer/tools first seen with mtime 1736641114.4531288
2025-01-17 15:30:12,731 DEBUG autoreload 15517 140287997655936 File /home/danmarques/.local/lib/python3.13/site-packages/jazzmin/templates/admin/import_export/base.html first seen with mtime 1736641114.4541287
2025-01-17 15:30:12,732 DEBUG autoreload 15517 140287997655936 File /home/danmarques/.local/lib/python3.13/site-packages/jazzmin/templates/admin/import_export/change_list.html first seen with mtime 1736641114.4541287
2025-01-17 15:30:12,732 DEBUG autoreload 15517 140287997655936 File /home/danmarques/.local/lib/python3.13/site-packages/jazzmin/templates/admin/import_export/change_list_export.html first seen with mtime 1736641114.455129
2025-01-17 15:30:12,732 DEBUG autoreload 15517 140287997655936 File /home/danmarques/.local/lib/python3.13/site-packages/jazzmin/templates/admin/import_export/change_list_export_item.html first seen with mtime 1736641114.455129
2025-01-17 15:30:12,732 DEBUG autoreload 15517 140287997655936 File /home/danmarques/.local/lib/python3.13/site-packages/jazzmin/templates/admin/import_export/change_list_import.html first seen with mtime 1736641114.455129
2025-01-17 15:30:12,732 DEBUG autoreload 15517 140287997655936 File /home/danmarques/.local/lib/python3.13/site-packages/jazzmin/templates/admin/import_export/change_list_import_export.html first seen with mtime 1736641114.4561288
2025-01-17 15:30:12,732 DEBUG autoreload 15517 140287997655936 File /home/danmarques/.local/lib/python3.13/site-packages/jazzmin/templates/admin/import_export/change_list_import_item.html first seen with mtime 1736641114.4561288
2025-01-17 15:30:12,733 DEBUG autoreload 15517 140287997655936 File /home/danmarques/.local/lib/python3.13/site-packages/jazzmin/templates/admin/import_export/export.html first seen with mtime 1736641114.457129
2025-01-17 15:30:12,733 DEBUG autoreload 15517 140287997655936 File /home/danmarques/.local/lib/python3.13/site-packages/jazzmin/templates/admin/import_export/import.html first seen with mtime 1736641114.457129
2025-01-17 15:30:12,733 DEBUG autoreload 15517 140287997655936 File /home/danmarques/.local/lib/python3.13/site-packages/jazzmin/templates/admin/includes/fieldset.html first seen with mtime 1736641114.458129
2025-01-17 15:30:12,733 DEBUG autoreload 15517 140287997655936 File /home/danmarques/.local/lib/python3.13/site-packages/jazzmin/templates/admin/includes/object_delete_summary.html first seen with mtime 1736641114.458129
2025-01-17 15:30:12,733 DEBUG autoreload 15517 140287997655936 File /home/danmarques/.local/lib/python3.13/site-packages/jazzmin/templates/admin/solo/change_form.html first seen with mtime 1736641114.461129
2025-01-17 15:30:12,734 DEBUG autoreload 15517 140287997655936 File /home/danmarques/.local/lib/python3.13/site-packages/jazzmin/templates/admin/solo/object_history.html first seen with mtime 1736641114.461129
2025-01-17 15:30:12,735 DEBUG autoreload 15517 140287997655936 File /home/danmarques/.local/lib/python3.13/site-packages/jazzmin/templates/admin/filer/file/change_form.html first seen with mtime 1736641114.4511287
2025-01-17 15:30:12,735 DEBUG autoreload 15517 140287997655936 File /home/danmarques/.local/lib/python3.13/site-packages/jazzmin/templates/admin/filer/folder/change_form.html first seen with mtime 1736641114.452129
2025-01-17 15:30:12,735 DEBUG autoreload 15517 140287997655936 File /home/danmarques/.local/lib/python3.13/site-packages/jazzmin/templates/admin/filer/folder/directory_listing.html first seen with mtime 1736641114.452129
2025-01-17 15:30:12,735 DEBUG autoreload 15517 140287997655936 File /home/danmarques/.local/lib/python3.13/site-packages/jazzmin/templates/admin/filer/image/change_form.html first seen with mtime 1736641114.4531288
2025-01-17 15:30:12,736 DEBUG autoreload 15517 140287997655936 File /home/danmarques/.local/lib/python3.13/site-packages/jazzmin/templates/admin/filer/tools/detail_info.html first seen with mtime 1736641114.4531288
2025-01-17 15:30:12,736 DEBUG autoreload 15517 140287997655936 File /home/danmarques/.local/lib/python3.13/site-packages/jazzmin/templates/admin/auth/user/add_form.html first seen with mtime 1736641114.4441288
2025-01-17 15:30:12,736 DEBUG autoreload 15517 140287997655936 File /home/danmarques/.local/lib/python3.13/site-packages/jazzmin/templates/admin/auth/user/change_password.html first seen with mtime 1736641114.4451287
2025-01-17 15:30:12,737 DEBUG autoreload 15517 140287997655936 File /home/danmarques/.local/lib/python3.13/site-packages/django_ckeditor_5/templates/django_ckeditor_5 first seen with mtime 1736641290.0796092
2025-01-17 15:30:12,737 DEBUG autoreload 15517 140287997655936 File /home/danmarques/.local/lib/python3.13/site-packages/django_ckeditor_5/templates/django_ckeditor_5/widget.html first seen with mtime 1736641290.0796092
2025-01-17 15:30:12,737 DEBUG autoreload 15517 140287997655936 File /home/danmarques/.local/lib/python3.13/site-packages/colorfield/templates/colorfield first seen with mtime 1736641066.443451
2025-01-17 15:30:12,738 DEBUG autoreload 15517 140287997655936 File /home/danmarques/.local/lib/python3.13/site-packages/colorfield/templates/colorfield/color.html first seen with mtime 1736641066.443451
2025-01-17 15:30:12,739 DEBUG autoreload 15517 140287997655936 File /home/danmarques/.local/lib/python3.13/site-packages/admin_interface/locale/tr/LC_MESSAGES/django.mo first seen with mtime 1736641066.6224535
2025-01-17 15:30:12,740 DEBUG autoreload 15517 140287997655936 File /home/danmarques/.local/lib/python3.13/site-packages/admin_interface/locale/ru/LC_MESSAGES/django.mo first seen with mtime 1736641066.6204534
2025-01-17 15:30:12,740 DEBUG autoreload 15517 140287997655936 File /home/danmarques/.local/lib/python3.13/site-packages/admin_interface/locale/pt_BR/LC_MESSAGES/django.mo first seen with mtime 1736641066.6204534
2025-01-17 15:30:12,740 DEBUG autoreload 15517 140287997655936 File /home/danmarques/.local/lib/python3.13/site-packages/admin_interface/locale/pl/LC_MESSAGES/django.mo first seen with mtime 1736641066.6164534
2025-01-17 15:30:12,741 DEBUG autoreload 15517 140287997655936 File /home/danmarques/.local/lib/python3.13/site-packages/admin_interface/locale/it/LC_MESSAGES/django.mo first seen with mtime 1736641066.6154532
2025-01-17 15:30:12,741 DEBUG autoreload 15517 140287997655936 File /home/danmarques/.local/lib/python3.13/site-packages/admin_interface/locale/fr/LC_MESSAGES/django.mo first seen with mtime 1736641066.6144533
2025-01-17 15:30:12,741 DEBUG autoreload 15517 140287997655936 File /home/danmarques/.local/lib/python3.13/site-packages/admin_interface/locale/fa/LC_MESSAGES/django.mo first seen with mtime 1736641066.6134531
2025-01-17 15:30:12,741 DEBUG autoreload 15517 140287997655936 File /home/danmarques/.local/lib/python3.13/site-packages/admin_interface/locale/es/LC_MESSAGES/django.mo first seen with mtime 1736641066.6124532
2025-01-17 15:30:12,742 DEBUG autoreload 15517 140287997655936 File /home/danmarques/.local/lib/python3.13/site-packages/admin_interface/locale/de/LC_MESSAGES/django.mo first seen with mtime 1736641066.6124532
2025-01-17 15:30:12,742 DEBUG autoreload 15517 140287997655936 File /home/danmarques/.local/lib/python3.13/site-packages/colorfield/locale/it/LC_MESSAGES/django.mo first seen with mtime 1736641066.4384508
2025-01-17 15:30:12,743 DEBUG autoreload 15517 140287997655936 File /home/danmarques/.local/lib/python3.13/site-packages/colorfield/locale/en/LC_MESSAGES/django.mo first seen with mtime 1736641066.4384508
2025-01-17 15:30:12,744 DEBUG autoreload 15517 140287997655936 File /home/danmarques/.local/lib/python3.13/site-packages/jazzmin/locale/zh_Hant/LC_MESSAGES/django.mo first seen with mtime 1736641114.3071268
2025-01-17 15:30:12,744 DEBUG autoreload 15517 140287997655936 File /home/danmarques/.local/lib/python3.13/site-packages/jazzmin/locale/zh_Hans/LC_MESSAGES/django.mo first seen with mtime 1736641114.3061268
2025-01-17 15:30:12,744 DEBUG autoreload 15517 140287997655936 File /home/danmarques/.local/lib/python3.13/site-packages/jazzmin/locale/ru/LC_MESSAGES/django.mo first seen with mtime 1736641114.3051267
2025-01-17 15:30:12,745 DEBUG autoreload 15517 140287997655936 File /home/danmarques/.local/lib/python3.13/site-packages/jazzmin/locale/hu/LC_MESSAGES/django.mo first seen with mtime 1736641114.3041267
2025-01-17 15:30:12,745 DEBUG autoreload 15517 140287997655936 File /home/danmarques/.local/lib/python3.13/site-packages/jazzmin/locale/fr/LC_MESSAGES/django.mo first seen with mtime 1736641114.3031268
2025-01-17 15:30:12,745 DEBUG autoreload 15517 140287997655936 File /home/danmarques/.local/lib/python3.13/site-packages/jazzmin/locale/es/LC_MESSAGES/django.mo first seen with mtime 1736641114.3021266
2025-01-17 15:30:12,746 DEBUG autoreload 15517 140287997655936 File /home/danmarques/.local/lib/python3.13/site-packages/jazzmin/locale/de/LC_MESSAGES/django.mo first seen with mtime 1736641114.3001268
2025-01-17 15:30:12,746 DEBUG autoreload 15517 140287997655936 File /home/danmarques/.local/lib/python3.13/site-packages/jazzmin/locale/bg/LC_MESSAGES/django.mo first seen with mtime 1736641114.2981267
2025-01-17 15:30:12,748 DEBUG autoreload 15517 140287997655936 File /home/danmarques/.local/lib/python3.13/site-packages/taggit/locale/zh_Hans/LC_MESSAGES/django.mo first seen with mtime 1736641174.6879795
2025-01-17 15:30:12,748 DEBUG autoreload 15517 140287997655936 File /home/danmarques/.local/lib/python3.13/site-packages/taggit/locale/uk/LC_MESSAGES/django.mo first seen with mtime 1736641174.6879795
2025-01-17 15:30:12,749 DEBUG autoreload 15517 140287997655936 File /home/danmarques/.local/lib/python3.13/site-packages/taggit/locale/tr/LC_MESSAGES/django.mo first seen with mtime 1736641174.6869795
2025-01-17 15:30:12,749 DEBUG autoreload 15517 140287997655936 File /home/danmarques/.local/lib/python3.13/site-packages/taggit/locale/ru/LC_MESSAGES/django.mo first seen with mtime 1736641174.6869795
2025-01-17 15:30:12,749 DEBUG autoreload 15517 140287997655936 File /home/danmarques/.local/lib/python3.13/site-packages/taggit/locale/pt_BR/LC_MESSAGES/django.mo first seen with mtime 1736641174.6859794
2025-01-17 15:30:12,750 DEBUG autoreload 15517 140287997655936 File /home/danmarques/.local/lib/python3.13/site-packages/taggit/locale/nl/LC_MESSAGES/django.mo first seen with mtime 1736641174.6849794
2025-01-17 15:30:12,751 DEBUG autoreload 15517 140287997655936 File /home/danmarques/.local/lib/python3.13/site-packages/taggit/locale/nb/LC_MESSAGES/django.mo first seen with mtime 1736641174.6849794
2025-01-17 15:30:12,752 DEBUG autoreload 15517 140287997655936 File /home/danmarques/.local/lib/python3.13/site-packages/taggit/locale/ja/LC_MESSAGES/django.mo first seen with mtime 1736641174.6839795
2025-01-17 15:30:12,752 DEBUG autoreload 15517 140287997655936 File /home/danmarques/.local/lib/python3.13/site-packages/taggit/locale/it/LC_MESSAGES/django.mo first seen with mtime 1736641174.6829793
2025-01-17 15:30:12,753 DEBUG autoreload 15517 140287997655936 File /home/danmarques/.local/lib/python3.13/site-packages/taggit/locale/he/LC_MESSAGES/django.mo first seen with mtime 1736641174.6829793
2025-01-17 15:30:12,753 DEBUG autoreload 15517 140287997655936 File /home/danmarques/.local/lib/python3.13/site-packages/taggit/locale/fr/LC_MESSAGES/django.mo first seen with mtime 1736641174.6819794
2025-01-17 15:30:12,753 DEBUG autoreload 15517 140287997655936 File /home/danmarques/.local/lib/python3.13/site-packages/taggit/locale/fi/LC_MESSAGES/django.mo first seen with mtime 1736641174.6809795
2025-01-17 15:30:12,754 DEBUG autoreload 15517 140287997655936 File /home/danmarques/.local/lib/python3.13/site-packages/taggit/locale/fa/LC_MESSAGES/django.mo first seen with mtime 1736641174.6809795
2025-01-17 15:30:12,754 DEBUG autoreload 15517 140287997655936 File /home/danmarques/.local/lib/python3.13/site-packages/taggit/locale/es/LC_MESSAGES/django.mo first seen with mtime 1736641174.6799793
2025-01-17 15:30:12,755 DEBUG autoreload 15517 140287997655936 File /home/danmarques/.local/lib/python3.13/site-packages/taggit/locale/eo/LC_MESSAGES/django.mo first seen with mtime 1736641174.6789794
2025-01-17 15:30:12,755 DEBUG autoreload 15517 140287997655936 File /home/danmarques/.local/lib/python3.13/site-packages/taggit/locale/en/LC_MESSAGES/django.mo first seen with mtime 1736641174.6789794
2025-01-17 15:30:12,755 DEBUG autoreload 15517 140287997655936 File /home/danmarques/.local/lib/python3.13/site-packages/taggit/locale/el/LC_MESSAGES/django.mo first seen with mtime 1736641174.6779792
2025-01-17 15:30:12,757 DEBUG autoreload 15517 140287997655936 File /home/danmarques/.local/lib/python3.13/site-packages/taggit/locale/de/LC_MESSAGES/django.mo first seen with mtime 1736641174.6769793
2025-01-17 15:30:12,758 DEBUG autoreload 15517 140287997655936 File /home/danmarques/.local/lib/python3.13/site-packages/taggit/locale/da/LC_MESSAGES/django.mo first seen with mtime 1736641174.6749792
2025-01-17 15:30:12,758 DEBUG autoreload 15517 140287997655936 File /home/danmarques/.local/lib/python3.13/site-packages/taggit/locale/cs/LC_MESSAGES/django.mo first seen with mtime 1736641174.6739793
2025-01-17 15:30:12,759 DEBUG autoreload 15517 140287997655936 File /home/danmarques/.local/lib/python3.13/site-packages/taggit/locale/ar/LC_MESSAGES/django.mo first seen with mtime 1736641174.6739793
2025-01-17 15:30:13,922 DEBUG autoreload 15517 140287997655936 File /home/danmarques/.local/lib/python3.13/site-packages/admin_interface/migrations/__init__.py first seen with mtime 1736641066.6294534
2025-01-17 15:30:13,924 DEBUG autoreload 15517 140287997655936 File /home/danmarques/Documents/Workplace/organixhub-main/userauths/migrations/0007_profile_user.py first seen with mtime 1736694202.9199128
2025-01-17 15:30:13,924 DEBUG autoreload 15517 140287997655936 File /home/danmarques/Documents/Workplace/organixhub-main/userauths/migrations/0008_contact.py first seen with mtime 1736694202.9209127
2025-01-17 15:30:13,924 DEBUG autoreload 15517 140287997655936 File /home/danmarques/Documents/Workplace/organixhub-main/marketplace/wsgi.py first seen with mtime 1736694201.7898982
2025-01-17 15:30:13,925 DEBUG autoreload 15517 140287997655936 File /home/danmarques/Documents/Workplace/organixhub-main/core/migrations/0048_alter_produto_badges.py first seen with mtime 1736694201.7668977
2025-01-17 15:30:13,925 DEBUG autoreload 15517 140287997655936 File /home/danmarques/.local/lib/python3.13/site-packages/admin_interface/migrations/0025_theme_language_chooser_control.py first seen with mtime 1736641066.6284535
2025-01-17 15:30:13,925 DEBUG autoreload 15517 140287997655936 File /home/danmarques/Documents/Workplace/organixhub-main/core/migrations/0004_rename_usuario_avaliacaoproduto_user_and_more.py first seen with mtime 1736694201.7618978
2025-01-17 15:30:13,925 DEBUG autoreload 15517 140287997655936 File /home/danmarques/Documents/Workplace/organixhub-main/core/migrations/0038_alter_itenspedidocarrinho_pedido.py first seen with mtime 1736694201.7658978
2025-01-17 15:30:13,926 DEBUG autoreload 15517 140287997655936 File /home/danmarques/Documents/Workplace/organixhub-main/core/migrations/0015_alter_produto_tags.py first seen with mtime 1736694201.7628977
2025-01-17 15:30:13,926 DEBUG autoreload 15517 140287997655936 File /home/danmarques/Documents/Workplace/organixhub-main/core/migrations/0013_alter_vendedor_data.py first seen with mtime 1736694201.7628977
2025-01-17 15:30:13,926 DEBUG autoreload 15517 140287997655936 File /home/danmarques/.local/lib/python3.13/site-packages/django/contrib/auth/migrations/0005_alter_user_last_login_null.py first seen with mtime 1736641110.583074
2025-01-17 15:30:13,926 DEBUG autoreload 15517 140287997655936 File /home/danmarques/Documents/Workplace/organixhub-main/userauths/migrations/0006_profile.py first seen with mtime 1736694202.9199128
2025-01-17 15:30:13,927 DEBUG autoreload 15517 140287997655936 File /home/danmarques/Documents/Workplace/organixhub-main/userauths/migrations/0002_user_bio.py first seen with mtime 1736694202.9149127
2025-01-17 15:30:13,927 DEBUG autoreload 15517 140287997655936 File /home/danmarques/.local/lib/python3.13/site-packages/django/db/models/sql/compiler.py first seen with mtime 1736641111.3170846
2025-01-17 15:30:13,927 DEBUG autoreload 15517 140287997655936 File /home/danmarques/.local/lib/python3.13/site-packages/admin_interface/migrations/0024_remove_theme_css.py first seen with mtime 1736641066.6284535
2025-01-17 15:30:13,927 DEBUG autoreload 15517 140287997655936 File /home/danmarques/Documents/Workplace/organixhub-main/core/migrations/0037_alter_itenspedidocarrinho_pedido.py first seen with mtime 1736694201.7658978
2025-01-17 15:30:13,928 DEBUG autoreload 15517 140287997655936 File /home/danmarques/.local/lib/python3.13/site-packages/django/contrib/auth/migrations/0008_alter_user_username_max_length.py first seen with mtime 1736641110.5840743
2025-01-17 15:30:13,928 DEBUG autoreload 15517 140287997655936 File /home/danmarques/.local/lib/python3.13/site-packages/admin_interface/migrations/0026_theme_list_filter_highlight.py first seen with mtime 1736641066.6284535
2025-01-17 15:30:13,930 DEBUG autoreload 15517 140287997655936 File /home/danmarques/.local/lib/python3.13/site-packages/django/contrib/contenttypes/migrations/__init__.py first seen with mtime 1736641110.706076
2025-01-17 15:30:13,930 DEBUG autoreload 15517 140287997655936 File /home/danmarques/Documents/Workplace/organixhub-main/core/migrations/0008_rename_usuario_vendedor_user.py first seen with mtime 1736694201.7618978
2025-01-17 15:30:13,931 DEBUG autoreload 15517 140287997655936 File /home/danmarques/Documents/Workplace/organixhub-main/core/migrations/0007_alter_produto_vendedor.py first seen with mtime 1736694201.7618978
2025-01-17 15:30:13,931 DEBUG autoreload 15517 140287997655936 File /home/danmarques/Documents/Workplace/organixhub-main/core/migrations/0020_alter_avaliacaoproduto_classificacao.py first seen with mtime 1736694201.7638977
2025-01-17 15:30:13,932 DEBUG autoreload 15517 140287997655936 File /home/danmarques/Documents/Workplace/organixhub-main/userauths/migrations/0003_user_primeiro_nome_user_ultimo_nome.py first seen with mtime 1736694202.9149127
2025-01-17 15:30:13,932 DEBUG autoreload 15517 140287997655936 File /home/danmarques/Documents/Workplace/organixhub-main/core/migrations/0044_alter_produto_badges.py first seen with mtime 1736694201.7668977
2025-01-17 15:30:13,932 DEBUG autoreload 15517 140287997655936 File /home/danmarques/.local/lib/python3.13/site-packages/paypal/standard/ipn/migrations/0007_auto_20160219_1135.py first seen with mtime 1736641150.7346413
2025-01-17 15:30:13,933 DEBUG autoreload 15517 140287997655936 File /home/danmarques/Documents/Workplace/organixhub-main/core/migrations/0062_pedidocarrinho_payment_date_and_more.py first seen with mtime 1737136570.3878255
2025-01-17 15:30:13,933 DEBUG autoreload 15517 140287997655936 File /home/danmarques/.local/lib/python3.13/site-packages/admin_interface/migrations/0015_add_language_chooser_active.py first seen with mtime 1736641066.6264534
2025-01-17 15:30:13,933 DEBUG autoreload 15517 140287997655936 File /home/danmarques/.local/lib/python3.13/site-packages/taggit/migrations/0006_rename_taggeditem_content_type_object_id_taggit_tagg_content_8fc721_idx.py first seen with mtime 1736641174.6909795
2025-01-17 15:30:13,934 DEBUG autoreload 15517 140287997655936 File /home/danmarques/.local/lib/python3.13/site-packages/admin_interface/migrations/0019_add_form_sticky.py first seen with mtime 1736641066.6274536
2025-01-17 15:30:13,935 DEBUG autoreload 15517 140287997655936 File /home/danmarques/.local/lib/python3.13/site-packages/django/db/migrations/executor.py first seen with mtime 1736641111.2970843
2025-01-17 15:30:13,935 DEBUG autoreload 15517 140287997655936 File /home/danmarques/.local/lib/python3.13/site-packages/django/contrib/auth/migrations/0012_alter_user_first_name_max_length.py first seen with mtime 1736641110.5850742
2025-01-17 15:30:13,935 DEBUG autoreload 15517 140287997655936 File /home/danmarques/.local/lib/python3.13/site-packages/django/contrib/auth/migrations/0010_alter_group_name_max_length.py first seen with mtime 1736641110.5840743
2025-01-17 15:30:13,935 DEBUG autoreload 15517 140287997655936 File /home/danmarques/Documents/Workplace/organixhub-main/core/migrations/0055_alter_pedidocarrinho_data_pedido.py first seen with mtime 1736804205.380641
2025-01-17 15:30:13,936 DEBUG autoreload 15517 140287997655936 File /home/danmarques/Documents/Workplace/organixhub-main/core/migrations/0049_remove_produto_badges.py first seen with mtime 1736694201.7668977
2025-01-17 15:30:13,936 DEBUG autoreload 15517 140287997655936 File /home/danmarques/.local/lib/python3.13/site-packages/admin_interface/migrations/0003_add_logo_color.py first seen with mtime 1736641066.6234534
2025-01-17 15:30:13,936 DEBUG autoreload 15517 140287997655936 File /home/danmarques/.local/lib/python3.13/site-packages/django/contrib/auth/migrations/0004_alter_user_username_opts.py first seen with mtime 1736641110.583074
2025-01-17 15:30:13,939 DEBUG autoreload 15517 140287997655936 File /home/danmarques/.local/lib/python3.13/site-packages/django/contrib/sessions/migrations/__init__.py first seen with mtime 1736641111.1720824
2025-01-17 15:30:13,939 DEBUG autoreload 15517 140287997655936 File /home/danmarques/Documents/Workplace/organixhub-main/userauths/migrations/0005_remove_user_address.py first seen with mtime 1736694202.9199128
2025-01-17 15:30:13,939 DEBUG autoreload 15517 140287997655936 File /home/danmarques/Documents/Workplace/organixhub-main/core/migrations/0023_alter_avaliacaoproduto_classificacao.py first seen with mtime 1736694201.7638977
2025-01-17 15:30:13,940 DEBUG autoreload 15517 140287997655936 File /home/danmarques/Documents/Workplace/organixhub-main/core/migrations/0031_alter_produto_preco_alter_produto_preco_antigo.py first seen with mtime 1736694201.7648978
2025-01-17 15:30:13,940 DEBUG autoreload 15517 140287997655936 File /home/danmarques/.local/lib/python3.13/site-packages/admin_interface/migrations/0005_add_recent_actions_visible.py first seen with mtime 1736641066.6234534
2025-01-17 15:30:13,940 DEBUG autoreload 15517 140287997655936 File /home/danmarques/Documents/Workplace/organixhub-main/core/migrations/0032_alter_itenspedidocarrinho_pedido.py first seen with mtime 1736694201.7648978
2025-01-17 15:30:13,941 DEBUG autoreload 15517 140287997655936 File /home/danmarques/.local/lib/python3.13/site-packages/django/contrib/sessions/backends/db.py first seen with mtime 1736641111.1050816
2025-01-17 15:30:13,942 DEBUG autoreload 15517 140287997655936 File /home/danmarques/Documents/Workplace/organixhub-main/core/migrations/0052_coupon.py first seen with mtime 1736798138.5451152
2025-01-17 15:30:13,942 DEBUG autoreload 15517 140287997655936 File /home/danmarques/.local/lib/python3.13/site-packages/django/db/migrations/recorder.py first seen with mtime 1736641111.2980843
2025-01-17 15:30:13,943 DEBUG autoreload 15517 140287997655936 File /home/danmarques/.local/lib/python3.13/site-packages/django/contrib/admin/migrations/0001_initial.py first seen with mtime 1736641110.371071
2025-01-17 15:30:13,943 DEBUG autoreload 15517 140287997655936 File /home/danmarques/Documents/Workplace/organixhub-main/core/migrations/0040_endereco_celular.py first seen with mtime 1736694201.7658978
2025-01-17 15:30:13,944 DEBUG autoreload 15517 140287997655936 File /home/danmarques/.local/lib/python3.13/site-packages/django/contrib/auth/migrations/0009_alter_user_last_name_max_length.py first seen with mtime 1736641110.5840743
2025-01-17 15:30:13,944 DEBUG autoreload 15517 140287997655936 File /home/danmarques/Documents/Workplace/organixhub-main/core/migrations/0014_produto_tags.py first seen with mtime 1736694201.7628977
2025-01-17 15:30:13,944 DEBUG autoreload 15517 140287997655936 File /home/danmarques/Documents/Workplace/organixhub-main/core/migrations/0027_alter_avaliacaoproduto_classificacao.py first seen with mtime 1736694201.7648978
2025-01-17 15:30:13,945 DEBUG autoreload 15517 140287997655936 File /home/danmarques/.local/lib/python3.13/site-packages/taggit/migrations/0003_taggeditem_add_unique_index.py first seen with mtime 1736641174.6899796
2025-01-17 15:30:13,945 DEBUG autoreload 15517 140287997655936 File /home/danmarques/Documents/Workplace/organixhub-main/core/migrations/0002_categoria_rename_address_endereco_and_more.py first seen with mtime 1736694201.7608976
2025-01-17 15:30:13,945 DEBUG autoreload 15517 140287997655936 File /home/danmarques/.local/lib/python3.13/site-packages/paypal/standard/ipn/migrations/0003_auto_20141117_1647.py first seen with mtime 1736641150.7336411
2025-01-17 15:30:13,945 DEBUG autoreload 15517 140287997655936 File /home/danmarques/.local/lib/python3.13/site-packages/django/contrib/auth/migrations/__init__.py first seen with mtime 1736641110.5850742
2025-01-17 15:30:13,945 DEBUG autoreload 15517 140287997655936 File /home/danmarques/Documents/Workplace/organixhub-main/userauths/migrations/0009_rename_contact_contato.py first seen with mtime 1736694202.9209127
2025-01-17 15:30:13,946 DEBUG autoreload 15517 140287997655936 File /home/danmarques/.local/lib/python3.13/site-packages/taggit/migrations/0002_auto_20150616_2121.py first seen with mtime 1736641174.6899796
2025-01-17 15:30:13,946 DEBUG autoreload 15517 140287997655936 File /home/danmarques/Documents/Workplace/organixhub-main/core/migrations/0041_endereco_address_type.py first seen with mtime 1736694201.7658978
2025-01-17 15:30:13,946 DEBUG autoreload 15517 140287997655936 File /home/danmarques/Documents/Workplace/organixhub-main/core/migrations/0028_alter_avaliacaoproduto_produto.py first seen with mtime 1736694201.7648978
2025-01-17 15:30:13,946 DEBUG autoreload 15517 140287997655936 File /home/danmarques/.local/lib/python3.13/site-packages/taggit/migrations/0004_alter_taggeditem_content_type_alter_taggeditem_tag.py first seen with mtime 1736641174.6899796
2025-01-17 15:30:13,946 DEBUG autoreload 15517 140287997655936 File /home/danmarques/Documents/Workplace/organixhub-main/core/migrations/0051_alter_produto_badges.py first seen with mtime 1736694201.7668977
2025-01-17 15:30:13,946 DEBUG autoreload 15517 140287997655936 File /home/danmarques/Documents/Workplace/organixhub-main/core/migrations/0059_pedidocarrinho_num_fatura.py first seen with mtime 1737037460.8555152
2025-01-17 15:30:13,947 DEBUG autoreload 15517 140287997655936 File /home/danmarques/.local/lib/python3.13/site-packages/admin_interface/migrations/0008_change_related_modal_background_opacity_type.py first seen with mtime 1736641066.6244533
2025-01-17 15:30:13,947 DEBUG autoreload 15517 140287997655936 File /home/danmarques/Documents/Workplace/organixhub-main/core/migrations/0034_alter_itenspedidocarrinho_pedido.py first seen with mtime 1736694201.7658978
2025-01-17 15:30:13,947 DEBUG autoreload 15517 140287997655936 File /home/danmarques/.local/lib/python3.13/site-packages/django/db/migrations/loader.py first seen with mtime 1736641111.2970843
2025-01-17 15:30:13,947 DEBUG autoreload 15517 140287997655936 File /home/danmarques/Documents/Workplace/organixhub-main/core/migrations/0009_vendedor_data.py first seen with mtime 1736694201.7618978
2025-01-17 15:30:13,947 DEBUG autoreload 15517 140287997655936 File /home/danmarques/.local/lib/python3.13/site-packages/django/contrib/admin/migrations/__init__.py first seen with mtime 1736641110.371071
2025-01-17 15:30:13,948 DEBUG autoreload 15517 140287997655936 File /home/danmarques/.local/lib/python3.13/site-packages/admin_interface/migrations/0012_update_verbose_names.py first seen with mtime 1736641066.6254535
2025-01-17 15:30:13,948 DEBUG autoreload 15517 140287997655936 File /home/danmarques/Documents/Workplace/organixhub-main/core/migrations/0057_couponusage.py first seen with mtime 1736895983.4865
2025-01-17 15:30:13,948 DEBUG autoreload 15517 140287997655936 File /home/danmarques/Documents/Workplace/organixhub-main/core/migrations/0058_delete_couponusage.py first seen with mtime 1736902093.0485187
2025-01-17 15:30:13,948 DEBUG autoreload 15517 140287997655936 File /home/danmarques/.local/lib/python3.13/site-packages/admin_interface/migrations/0028_theme_show_fieldsets_as_tabs_and_more.py first seen with mtime 1736641066.6294534
2025-01-17 15:30:13,948 DEBUG autoreload 15517 140287997655936 File /home/danmarques/Documents/Workplace/organixhub-main/core/migrations/0050_produto_badges_alter_produto_qtd_estoque.py first seen with mtime 1736694201.7668977
2025-01-17 15:30:13,949 DEBUG autoreload 15517 140287997655936 File /home/danmarques/.local/lib/python3.13/site-packages/admin_interface/migrations/0004_rename_title_color.py first seen with mtime 1736641066.6234534
2025-01-17 15:30:13,949 DEBUG autoreload 15517 140287997655936 File /home/danmarques/Documents/Workplace/organixhub-main/core/migrations/0053_pedidocarrinho_coupons.py first seen with mtime 1736799823.9749045
2025-01-17 15:30:13,949 DEBUG autoreload 15517 140287997655936 File /home/danmarques/.local/lib/python3.13/site-packages/admin_interface/migrations/0023_theme_foldable_apps.py first seen with mtime 1736641066.6284535
2025-01-17 15:30:13,949 DEBUG autoreload 15517 140287997655936 File /home/danmarques/Documents/Workplace/organixhub-main/core/migrations/0017_alter_produto_descricao_alter_produto_especificacoes_and_more.py first seen with mtime 1736694201.7628977
2025-01-17 15:30:13,950 DEBUG autoreload 15517 140287997655936 File /home/danmarques/Documents/Workplace/organixhub-main/core/migrations/0022_alter_avaliacaoproduto_classificacao.py first seen with mtime 1736694201.7638977
2025-01-17 15:30:13,950 DEBUG autoreload 15517 140287997655936 File /home/danmarques/Documents/Workplace/organixhub-main/core/migrations/0018_alter_avaliacaoproduto_classificacao.py first seen with mtime 1736694201.7628977
2025-01-17 15:30:13,951 DEBUG autoreload 15517 140287997655936 File /home/danmarques/.local/lib/python3.13/site-packages/admin_interface/migrations/0011_add_environment_options.py first seen with mtime 1736641066.6254535
2025-01-17 15:30:13,951 DEBUG autoreload 15517 140287997655936 File /home/danmarques/.local/lib/python3.13/site-packages/taggit/migrations/0001_initial.py first seen with mtime 1736641174.6899796
2025-01-17 15:30:13,951 DEBUG autoreload 15517 140287997655936 File /home/danmarques/Documents/Workplace/organixhub-main/core/migrations/0033_alter_itenspedidocarrinho_pedido.py first seen with mtime 1736694201.7658978
2025-01-17 15:30:13,951 DEBUG autoreload 15517 140287997655936 File /home/danmarques/Documents/Workplace/organixhub-main/core/migrations/0030_tags.py first seen with mtime 1736694201.7648978
2025-01-17 15:30:13,951 DEBUG autoreload 15517 140287997655936 File /home/danmarques/.local/lib/python3.13/site-packages/django/contrib/admin/migrations/0003_logentry_add_action_flag_choices.py first seen with mtime 1736641110.371071
2025-01-17 15:30:13,952 DEBUG autoreload 15517 140287997655936 File /home/danmarques/Documents/Workplace/organixhub-main/core/migrations/0046_alter_vendedor_capa_imagem_alter_vendedor_imagem.py first seen with mtime 1736694201.7668977
2025-01-17 15:30:13,952 DEBUG autoreload 15517 140287997655936 File /home/danmarques/.local/lib/python3.13/site-packages/django/contrib/auth/migrations/0006_require_contenttypes_0002.py first seen with mtime 1736641110.583074
2025-01-17 15:30:13,952 DEBUG autoreload 15517 140287997655936 File /home/danmarques/Documents/Workplace/organixhub-main/core/migrations/0001_initial.py first seen with mtime 1736694201.7608976
2025-01-17 15:30:13,952 DEBUG autoreload 15517 140287997655936 File /home/danmarques/Documents/Workplace/organixhub-main/core/migrations/0006_alter_produto_categoria.py first seen with mtime 1736694201.7618978
2025-01-17 15:30:13,953 DEBUG autoreload 15517 140287997655936 File /home/danmarques/.local/lib/python3.13/site-packages/django/contrib/auth/migrations/0001_initial.py first seen with mtime 1736641110.5820742
2025-01-17 15:30:13,953 DEBUG autoreload 15517 140287997655936 File /home/danmarques/.local/lib/python3.13/site-packages/taggit/migrations/0005_auto_20220424_2025.py first seen with mtime 1736641174.6909795
2025-01-17 15:30:13,954 DEBUG autoreload 15517 140287997655936 File /home/danmarques/Documents/Workplace/organixhub-main/userauths/migrations/0004_user_address.py first seen with mtime 1736694202.9199128
2025-01-17 15:30:13,954 DEBUG autoreload 15517 140287997655936 File /home/danmarques/Documents/Workplace/organixhub-main/core/migrations/0019_alter_avaliacaoproduto_classificacao.py first seen with mtime 1736694201.7638977
2025-01-17 15:30:13,954 DEBUG autoreload 15517 140287997655936 File /home/danmarques/.local/lib/python3.13/site-packages/paypal/standard/ipn/migrations/0001_initial.py first seen with mtime 1736641150.7326412
2025-01-17 15:30:13,954 DEBUG autoreload 15517 140287997655936 File /home/danmarques/Documents/Workplace/organixhub-main/userauths/migrations/0001_initial.py first seen with mtime 1736694202.9149127
2025-01-17 15:30:13,955 DEBUG autoreload 15517 140287997655936 File /home/danmarques/Documents/Workplace/organixhub-main/core/migrations/0054_alter_coupon_options_coupon_data_criacao_and_more.py first seen with mtime 1736801508.9713337
2025-01-17 15:30:13,955 DEBUG autoreload 15517 140287997655936 File /home/danmarques/.local/lib/python3.13/site-packages/admin_interface/migrations/0022_add_logo_max_width_and_height.py first seen with mtime 1736641066.6274536
2025-01-17 15:30:13,955 DEBUG autoreload 15517 140287997655936 File /home/danmarques/Documents/Workplace/organixhub-main/core/migrations/0021_alter_avaliacaoproduto_classificacao.py first seen with mtime 1736694201.7638977
2025-01-17 15:30:13,955 DEBUG autoreload 15517 140287997655936 File /home/danmarques/Documents/Workplace/organixhub-main/core/migrations/0012_produto_data_fab_produto_qtd_estoque_produto_tipo_and_more.py first seen with mtime 1736694201.7628977
2025-01-17 15:30:13,955 DEBUG autoreload 15517 140287997655936 File /home/danmarques/.local/lib/python3.13/site-packages/admin_interface/migrations/0009_add_enviroment.py first seen with mtime 1736641066.6244533
2025-01-17 15:30:13,955 DEBUG autoreload 15517 140287997655936 File /home/danmarques/Documents/Workplace/organixhub-main/core/migrations/0042_remove_endereco_address_type.py first seen with mtime 1736694201.7658978
2025-01-17 15:30:13,956 DEBUG autoreload 15517 140287997655936 File /home/danmarques/.local/lib/python3.13/site-packages/django/contrib/sessions/migrations/0001_initial.py first seen with mtime 1736641111.1720824
2025-01-17 15:30:13,956 DEBUG autoreload 15517 140287997655936 File /home/danmarques/Documents/Workplace/organixhub-main/core/migrations/0025_rename_avaliacao_avaliacaoproduto_review.py first seen with mtime 1736694201.7648978
2025-01-17 15:30:13,956 DEBUG autoreload 15517 140287997655936 File /home/danmarques/.local/lib/python3.13/site-packages/admin_interface/migrations/0001_initial.py first seen with mtime 1736641066.6224535
2025-01-17 15:30:13,957 DEBUG autoreload 15517 140287997655936 File /home/danmarques/.local/lib/python3.13/site-packages/admin_interface/migrations/0016_add_language_chooser_display.py first seen with mtime 1736641066.6264534
2025-01-17 15:30:13,957 DEBUG autoreload 15517 140287997655936 File /home/danmarques/Documents/Workplace/organixhub-main/core/migrations/0060_pedidocarrinho_cidade_pedidocarrinho_email_and_more.py first seen with mtime 1737080285.94681
2025-01-17 15:30:13,957 DEBUG autoreload 15517 140287997655936 File /home/danmarques/Documents/Workplace/organixhub-main/core/migrations/0039_remove_endereco_endereco_endereco_bairro_and_more.py first seen with mtime 1736694201.7658978
2025-01-17 15:30:13,957 DEBUG autoreload 15517 140287997655936 File /home/danmarques/.local/lib/python3.13/site-packages/django/contrib/admin/migrations/0002_logentry_remove_auto_add.py first seen with mtime 1736641110.371071
2025-01-17 15:30:13,957 DEBUG autoreload 15517 140287997655936 File /home/danmarques/.local/lib/python3.13/site-packages/paypal/standard/ipn/migrations/0008_auto_20181128_1032.py first seen with mtime 1736641150.7356412
2025-01-17 15:30:13,957 DEBUG autoreload 15517 140287997655936 File /home/danmarques/.local/lib/python3.13/site-packages/django/contrib/contenttypes/migrations/0001_initial.py first seen with mtime 1736641110.706076
2025-01-17 15:30:13,958 DEBUG autoreload 15517 140287997655936 File /home/danmarques/.local/lib/python3.13/site-packages/taggit/migrations/__init__.py first seen with mtime 1736641174.6909795
2025-01-17 15:30:13,958 DEBUG autoreload 15517 140287997655936 File /home/danmarques/Documents/Workplace/organixhub-main/core/migrations/0024_alter_avaliacaoproduto_user.py first seen with mtime 1736694201.7638977
2025-01-17 15:30:13,958 DEBUG autoreload 15517 140287997655936 File /home/danmarques/.local/lib/python3.13/site-packages/paypal/standard/ipn/migrations/__init__.py first seen with mtime 1736641150.7356412
2025-01-17 15:30:13,959 DEBUG autoreload 15517 140287997655936 File /home/danmarques/Documents/Workplace/organixhub-main/core/migrations/0047_alter_pedidocarrinho_data_pedido.py first seen with mtime 1736694201.7668977
2025-01-17 15:30:13,959 DEBUG autoreload 15517 140287997655936 File /home/danmarques/Documents/Workplace/organixhub-main/core/migrations/0005_produto_vendedor.py first seen with mtime 1736694201.7618978
2025-01-17 15:30:13,959 DEBUG autoreload 15517 140287997655936 File /home/danmarques/.local/lib/python3.13/site-packages/django/contrib/auth/migrations/0002_alter_permission_name_max_length.py first seen with mtime 1736641110.5820742
2025-01-17 15:30:13,959 DEBUG autoreload 15517 140287997655936 File /home/danmarques/Documents/Workplace/organixhub-main/core/migrations/0026_rename_review_avaliacaoproduto_avaliacao_and_more.py first seen with mtime 1736694201.7648978
2025-01-17 15:30:13,959 DEBUG autoreload 15517 140287997655936 File /home/danmarques/Documents/Workplace/organixhub-main/core/migrations/0045_alter_vendedor_capa_imagem_alter_vendedor_imagem.py first seen with mtime 1736694201.7668977
2025-01-17 15:30:13,960 DEBUG autoreload 15517 140287997655936 File /home/danmarques/.local/lib/python3.13/site-packages/admin_interface/migrations/0010_add_localization.py first seen with mtime 1736641066.6244533
2025-01-17 15:30:13,960 DEBUG autoreload 15517 140287997655936 File /home/danmarques/Documents/Workplace/organixhub-main/core/migrations/0036_alter_itenspedidocarrinho_pedido.py first seen with mtime 1736694201.7658978
2025-01-17 15:30:13,960 DEBUG autoreload 15517 140287997655936 File /home/danmarques/.local/lib/python3.13/site-packages/admin_interface/migrations/0013_add_related_modal_close_button.py first seen with mtime 1736641066.6254535
2025-01-17 15:30:13,960 DEBUG autoreload 15517 140287997655936 File /home/danmarques/.local/lib/python3.13/site-packages/paypal/standard/ipn/migrations/0002_paypalipn_mp_id.py first seen with mtime 1736641150.7336411
2025-01-17 15:30:13,961 DEBUG autoreload 15517 140287997655936 File /home/danmarques/.local/lib/python3.13/site-packages/paypal/standard/ipn/migrations/0005_auto_20151217_0948.py first seen with mtime 1736641150.7346413
2025-01-17 15:30:13,961 DEBUG autoreload 15517 140287997655936 File /home/danmarques/.local/lib/python3.13/site-packages/paypal/standard/ipn/migrations/0006_auto_20160108_1112.py first seen with mtime 1736641150.7346413
2025-01-17 15:30:13,961 DEBUG autoreload 15517 140287997655936 File /home/danmarques/Documents/Workplace/organixhub-main/core/migrations/0003_remove_produto_tags.py first seen with mtime 1736694201.7618978
2025-01-17 15:30:13,962 DEBUG autoreload 15517 140287997655936 File /home/danmarques/.local/lib/python3.13/site-packages/django/db/migrations/graph.py first seen with mtime 1736641111.2970843
2025-01-17 15:30:13,962 DEBUG autoreload 15517 140287997655936 File /home/danmarques/Documents/Workplace/organixhub-main/core/migrations/0061_alter_pedidocarrinho_sku.py first seen with mtime 1737080464.7002518
2025-01-17 15:30:13,962 DEBUG autoreload 15517 140287997655936 File /home/danmarques/.local/lib/python3.13/site-packages/admin_interface/migrations/0017_change_list_filter_dropdown.py first seen with mtime 1736641066.6264534
2025-01-17 15:30:13,962 DEBUG autoreload 15517 140287997655936 File /home/danmarques/.local/lib/python3.13/site-packages/admin_interface/migrations/0030_theme_collapsible_stacked_inlines_and_more.py first seen with mtime 1736641066.6294534
2025-01-17 15:30:13,962 DEBUG autoreload 15517 140287997655936 File /home/danmarques/.local/lib/python3.13/site-packages/paypal/standard/ipn/migrations/0009_alter_paypalipn_id.py first seen with mtime 1736728427.1137729
2025-01-17 15:30:13,963 DEBUG autoreload 15517 140287997655936 File /home/danmarques/.local/lib/python3.13/site-packages/django/contrib/auth/migrations/0003_alter_user_email_max_length.py first seen with mtime 1736641110.5820742
2025-01-17 15:30:13,963 DEBUG autoreload 15517 140287997655936 File /home/danmarques/.local/lib/python3.13/site-packages/django/contrib/auth/migrations/0007_alter_validators_add_error_messages.py first seen with mtime 1736641110.583074
2025-01-17 15:30:13,963 DEBUG autoreload 15517 140287997655936 File /home/danmarques/.local/lib/python3.13/site-packages/admin_interface/migrations/0002_add_related_modal.py first seen with mtime 1736641066.6224535
2025-01-17 15:30:13,963 DEBUG autoreload 15517 140287997655936 File /home/danmarques/.local/lib/python3.13/site-packages/admin_interface/migrations/0014_name_unique.py first seen with mtime 1736641066.6254535
2025-01-17 15:30:13,963 DEBUG autoreload 15517 140287997655936 File /home/danmarques/Documents/Workplace/organixhub-main/core/migrations/0056_alter_coupon_data_criacao_and_more.py first seen with mtime 1736892173.6057322
2025-01-17 15:30:13,964 DEBUG autoreload 15517 140287997655936 File /home/danmarques/.local/lib/python3.13/site-packages/paypal/standard/ipn/migrations/0004_auto_20150612_1826.py first seen with mtime 1736641150.7336411
2025-01-17 15:30:13,964 DEBUG autoreload 15517 140287997655936 File /home/danmarques/Documents/Workplace/organixhub-main/core/migrations/0029_delete_tags.py first seen with mtime 1736694201.7648978
2025-01-17 15:30:13,964 DEBUG autoreload 15517 140287997655936 File /home/danmarques/Documents/Workplace/organixhub-main/core/migrations/0011_alter_imagemproduto_produto.py first seen with mtime 1736694201.7628977
2025-01-17 15:30:13,964 DEBUG autoreload 15517 140287997655936 File /home/danmarques/Documents/Workplace/organixhub-main/core/migrations/0016_alter_produto_tags.py first seen with mtime 1736694201.7628977
2025-01-17 15:30:13,964 DEBUG autoreload 15517 140287997655936 File /home/danmarques/.local/lib/python3.13/site-packages/admin_interface/migrations/0020_module_selected_colors.py first seen with mtime 1736641066.6274536
2025-01-17 15:30:13,965 DEBUG autoreload 15517 140287997655936 File /home/danmarques/.local/lib/python3.13/site-packages/admin_interface/migrations/0007_add_favicon.py first seen with mtime 1736641066.6244533
2025-01-17 15:30:13,965 DEBUG autoreload 15517 140287997655936 File /home/danmarques/.local/lib/python3.13/site-packages/django/contrib/contenttypes/migrations/0002_remove_content_type_name.py first seen with mtime 1736641110.706076
2025-01-17 15:30:13,966 DEBUG autoreload 15517 140287997655936 File /home/danmarques/.local/lib/python3.13/site-packages/django/contrib/auth/migrations/0011_update_proxy_permissions.py first seen with mtime 1736641110.5840743
2025-01-17 15:30:13,966 DEBUG autoreload 15517 140287997655936 File /home/danmarques/Documents/Workplace/organixhub-main/core/migrations/0043_produto_badges.py first seen with mtime 1736694201.7668977
2025-01-17 15:30:13,966 DEBUG autoreload 15517 140287997655936 File /home/danmarques/Documents/Workplace/organixhub-main/core/migrations/__init__.py first seen with mtime 1736694201.7668977
2025-01-17 15:30:13,966 DEBUG autoreload 15517 140287997655936 File /home/danmarques/.local/lib/python3.13/site-packages/admin_interface/migrations/0021_file_extension_validator.py first seen with mtime 1736641066.6274536
2025-01-17 15:30:13,966 DEBUG autoreload 15517 140287997655936 File /home/danmarques/Documents/Workplace/organixhub-main/userauths/migrations/__init__.py first seen with mtime 1736694202.9209127
2025-01-17 15:30:13,967 DEBUG autoreload 15517 140287997655936 File /home/danmarques/.local/lib/python3.13/site-packages/admin_interface/migrations/0006_bytes_to_str.py first seen with mtime 1736641066.6234534
2025-01-17 15:30:13,967 DEBUG autoreload 15517 140287997655936 File /home/danmarques/.local/lib/python3.13/site-packages/admin_interface/migrations/0018_theme_list_filter_sticky.py first seen with mtime 1736641066.6264534
2025-01-17 15:30:13,967 DEBUG autoreload 15517 140287997655936 File /home/danmarques/.local/lib/python3.13/site-packages/admin_interface/migrations/0027_theme_list_filter_removal_links.py first seen with mtime 1736641066.6294534
2025-01-17 15:30:13,967 DEBUG autoreload 15517 140287997655936 File /home/danmarques/.local/lib/python3.13/site-packages/admin_interface/migrations/0029_theme_css_generic_link_active_color.py first seen with mtime 1736641066.6294534
2025-01-17 15:30:13,968 DEBUG autoreload 15517 140287997655936 File /home/danmarques/Documents/Workplace/organixhub-main/core/migrations/0010_vendedor_capa_imagem.py first seen with mtime 1736694201.7618978
2025-01-17 15:30:13,968 DEBUG autoreload 15517 140287997655936 File /home/danmarques/Documents/Workplace/organixhub-main/core/migrations/0035_alter_itenspedidocarrinho_pedido.py first seen with mtime 1736694201.7658978
2025-01-17 15:30:19,634 DEBUG utils 15517 140287691994816 (0.002) SELECT "django_session"."session_key", "django_session"."session_data", "django_session"."expire_date" FROM "django_session" WHERE ("django_session"."expire_date" > '2025-01-17 18:30:19.630153' AND "django_session"."session_key" = '0icj418fzozd2fgbg2q6zz27zr94h2w2') LIMIT 21; args=('2025-01-17 18:30:19.630153', '0icj418fzozd2fgbg2q6zz27zr94h2w2'); alias=default
2025-01-17 15:30:19,639 DEBUG utils 15517 140287691994816 (0.000) SELECT "userauths_user"."id", "userauths_user"."password", "userauths_user"."last_login", "userauths_user"."is_superuser", "userauths_user"."first_name", "userauths_user"."last_name", "userauths_user"."is_staff", "userauths_user"."is_active", "userauths_user"."date_joined", "userauths_user"."email", "userauths_user"."username", "userauths_user"."bio", "userauths_user"."primeiro_nome", "userauths_user"."ultimo_nome" FROM "userauths_user" WHERE "userauths_user"."id" = 1 LIMIT 21; args=(1,); alias=default
2025-01-17 15:30:19,714 DEBUG base 15517 140287691994816 Exception while resolving variable 'exception_notes' in template 'unknown'.
Traceback (most recent call last):
  File "/home/danmarques/.local/lib/python3.13/site-packages/django/core/handlers/exception.py", line 55, in inner
    response = get_response(request)
  File "/home/danmarques/.local/lib/python3.13/site-packages/django/core/handlers/base.py", line 197, in _get_response
    response = wrapped_callback(request, *callback_args, **callback_kwargs)
  File "/home/danmarques/.local/lib/python3.13/site-packages/django/contrib/auth/decorators.py", line 60, in _view_wrapper
    return view_func(request, *args, **kwargs)
TypeError: pagamento_efetuado() missing 1 required positional argument: 'order_id'

During handling of the above exception, another exception occurred:

Traceback (most recent call last):
  File "/home/danmarques/.local/lib/python3.13/site-packages/django/template/base.py", line 883, in _resolve_lookup
    current = current[bit]
              ~~~~~~~^^^^^
  File "/home/danmarques/.local/lib/python3.13/site-packages/django/template/context.py", line 85, in __getitem__
    raise KeyError(key)
KeyError: 'exception_notes'

During handling of the above exception, another exception occurred:

Traceback (most recent call last):
  File "/home/danmarques/.local/lib/python3.13/site-packages/django/template/base.py", line 889, in _resolve_lookup
    if isinstance(current, BaseContext) and getattr(
                                            ~~~~~~~^
        type(current), bit
        ^^^^^^^^^^^^^^^^^^
    ):
    ^
AttributeError: type object 'Context' has no attribute 'exception_notes'

During handling of the above exception, another exception occurred:

Traceback (most recent call last):
  File "/home/danmarques/.local/lib/python3.13/site-packages/django/template/base.py", line 899, in _resolve_lookup
    current = current[int(bit)]
                      ~~~^^^^^
ValueError: invalid literal for int() with base 10: 'exception_notes'

During handling of the above exception, another exception occurred:

Traceback (most recent call last):
  File "/home/danmarques/.local/lib/python3.13/site-packages/django/template/base.py", line 906, in _resolve_lookup
    raise VariableDoesNotExist(
    ^^^^^^^^^^^^^^^^^^^^^^^^^^^
    ...<2 lines>...
    )  # missing attribute
    ^
django.template.base.VariableDoesNotExist: Failed lookup for key [exception_notes] in [{'True': True, 'False': False, 'None': None}, {'is_email': False, 'unicode_hint': '', 'frames': [{'exc_cause': None, 'exc_cause_explicit': None, 'tb': <traceback object at 0x7f97460ead40>, 'type': 'django', 'filename': '/home/danmarques/.local/lib/python3.13/site-packages/django/core/handlers/exception.py', 'function': 'inner', 'lineno': 55, 'vars': [('request', "<WSGIRequest: GET '/pagamento-efetuado/?paypal_order_id=4C305553HF382941G'>"), ('exc', 'TypeError("pagamento_efetuado() missing 1 required positional argument: \'order_id\'")'), ('get_response', '<bound method BaseHandler._get_response of <django.core.handlers.wsgi.WSGIHandler object at 0x7f9746387e00>>')], 'id': 140287692156224, 'pre_context': ['', '        return inner', '    else:', '', '        @wraps(get_response)', '        def inner(request):', '            try:'], 'context_line': '                response = get_response(request)', 'post_context': ['            except Exception as exc:', '                response = response_for_exception(request, exc)', '            return response', '', '        return inner', ''], 'pre_context_lineno': 48, 'colno': '\n                               ^^^^^^^^^^^^^^^^^^^^^', 'tb_area_colno': '\n               ^^^^^^^^^^^^^^^^^^^^^'}, {'exc_cause': None, 'exc_cause_explicit': None, 'tb': <traceback object at 0x7f97460eaa40>, 'type': 'django', 'filename': '/home/danmarques/.local/lib/python3.13/site-packages/django/core/handlers/base.py', 'function': '_get_response', 'lineno': 197, 'vars': [('self', '<django.core.handlers.wsgi.WSGIHandler object at 0x7f9746387e00>'), ('request', "<WSGIRequest: GET '/pagamento-efetuado/?paypal_order_id=4C305553HF382941G'>"), ('response', 'None'), ('callback', '<function pagamento_efetuado at 0x7f974708ef20>'), ('callback_args', '()'), ('callback_kwargs', '{}'), ('middleware_method', '<bound method CsrfViewMiddleware.process_view of <CsrfViewMiddleware get_response=convert_exception_to_response.<locals>.inner>>'), ('wrapped_callback', '<function pagamento_efetuado at 0x7f974708ef20>')], 'id': 140287692155456, 'pre_context': ['', '        if response is None:', '            wrapped_callback = self.make_view_atomic(callback)', '            # If it is an asynchronous view, run it in a subthread.', '            if iscoroutinefunction(wrapped_callback):', '                wrapped_callback = async_to_sync(wrapped_callback)', '            try:'], 'context_line': '                response = wrapped_callback(request, *callback_args, **callback_kwargs)', 'post_context': ['            except Exception as e:', '                response = self.process_exception_by_middleware(e, request)', '                if response is None:', '                    raise', '', '        # Complain if the view returned None (a common error).'], 'pre_context_lineno': 190, 'colno': '\n                                ^^^^^^^^^^^^^^^^^^^^^^^^^^^^^^^^^^^^^^^^^^^^^^^^^^^^^^^^^^^^', 'tb_area_colno': '\n               ^^^^^^^^^^^^^^^^^^^^^^^^^^^^^^^^^^^^^^^^^^^^^^^^^^^^^^^^^^^^'}, {'exc_cause': None, 'exc_cause_explicit': None, 'tb': <traceback object at 0x7f97460e9fc0>, 'type': 'django', 'filename': '/home/danmarques/.local/lib/python3.13/site-packages/django/contrib/auth/decorators.py', 'function': '_view_wrapper', 'lineno': 60, 'vars': [('request', "<WSGIRequest: GET '/pagamento-efetuado/?paypal_order_id=4C305553HF382941G'>"), ('args', '()'), ('kwargs', '{}'), ('test_pass', 'True'), ('_redirect_to_login', '<function user_passes_test.<locals>.decorator.<locals>._redirect_to_login at 0x7f974708ee80>'), ('test_func', '<function login_required.<locals>.<lambda> at 0x7f974708ed40>'), ('view_func', '<function pagamento_efetuado at 0x7f974708eb60>')], 'id': 140287692152768, 'pre_context': ['            def _view_wrapper(request, *args, **kwargs):', '                if asyncio.iscoroutinefunction(test_func):', '                    test_pass = async_to_sync(test_func)(request.user)', '                else:', '                    test_pass = test_func(request.user)', '', '                if test_pass:'], 'context_line': '                    return view_func(request, *args, **kwargs)', 'post_context': ['                return _redirect_to_login(request)', '', '        # Attributes used by LoginRequiredMiddleware.', '        _view_wrapper.login_url = login_url', '        _view_wrapper.redirect_field_name = redirect_field_name', ''], 'pre_context_lineno': 53, 'colno': '\n                               ^^^^^^^^^^^^^^^^^^^^^^^^^^^^^^^^^^^', 'tb_area_colno': '\n           ^^^^^^^^^^^^^^^^^^^^^^^^^^^^^^^^^^^'}], 'request': <WSGIRequest: GET '/pagamento-efetuado/?paypal_order_id=4C305553HF382941G'>, 'request_meta': {'SHELL': '/bin/bash', 'SESSION_MANAGER': 'local/unix:@/tmp/.ICE-unix/1308,unix/unix:/tmp/.ICE-unix/1308', 'WINDOWID': '4294967297', 'COLORTERM': 'truecolor', 'HISTCONTROL': 'ignoredups', 'XDG_MENU_PREFIX': 'gnome-', 'TERM_PROGRAM_VERSION': '0.169.2', 'HOSTNAME': 'fedora', 'HISTSIZE': '1000', 'ZED_UPDATE_EXPLANATION': 'Please use flatpak to update zed', 'SSH_AUTH_SOCK': '/run/user/1000/keyring/ssh', 'MEMORY_PRESSURE_WRITE': 'c29tZSAyMDAwMDAgMjAwMDAwMAA=', 'XMODIFIERS': '@im=ibus', 'DESKTOP_SESSION': 'gnome', 'FLATPAK_XDG_DATA_HOME': '/home/danmarques/.var/app/dev.zed.Zed/data', 'GPG_TTY': '/dev/pts/1', 'EDITOR': '/usr/bin/nano', 'PWD': '/home/danmarques/Documents/Workplace/organixhub-main', 'XDG_SESSION_DESKTOP': 'gnome', 'LOGNAME': 'danmarques', 'XDG_SESSION_TYPE': 'wayland', 'SYSTEMD_EXEC_PID': '2412', 'XAUTHORITY': '/run/user/1000/.mutter-Xwaylandauth.NFQ4Z2', 'GDM_LANG': 'en_US.UTF-8', 'HOME': '/home/danmarques', 'USERNAME': 'danmarques', 'SSH_ASKPASS': '********************', 'LANG': 'en_US.UTF-8', 'LS_COLORS': 'rs=0:di=01;34:ln=01;36:mh=00:pi=40;33:so=01;35:do=01;35:bd=40;33;01:cd=40;33;01:or=40;31;01:mi=01;37;41:su=37;41:sg=30;43:ca=00:tw=30;42:ow=34;42:st=37;44:ex=01;32:*.7z=01;31:*.ace=01;31:*.alz=01;31:*.apk=01;31:*.arc=01;31:*.arj=01;31:*.bz=01;31:*.bz2=01;31:*.cab=01;31:*.cpio=01;31:*.crate=01;31:*.deb=01;31:*.drpm=01;31:*.dwm=01;31:*.dz=01;31:*.ear=01;31:*.egg=01;31:*.esd=01;31:*.gz=01;31:*.jar=01;31:*.lha=01;31:*.lrz=01;31:*.lz=01;31:*.lz4=01;31:*.lzh=01;31:*.lzma=01;31:*.lzo=01;31:*.pyz=01;31:*.rar=01;31:*.rpm=01;31:*.rz=01;31:*.sar=01;31:*.swm=01;31:*.t7z=01;31:*.tar=01;31:*.taz=01;31:*.tbz=01;31:*.tbz2=01;31:*.tgz=01;31:*.tlz=01;31:*.txz=01;31:*.tz=01;31:*.tzo=01;31:*.tzst=01;31:*.udeb=01;31:*.war=01;31:*.whl=01;31:*.wim=01;31:*.xz=01;31:*.z=01;31:*.zip=01;31:*.zoo=01;31:*.zst=01;31:*.avif=01;35:*.jpg=01;35:*.jpeg=01;35:*.mjpg=01;35:*.mjpeg=01;35:*.gif=01;35:*.bmp=01;35:*.pbm=01;35:*.pgm=01;35:*.ppm=01;35:*.tga=01;35:*.xbm=01;35:*.xpm=01;35:*.tif=01;35:*.tiff=01;35:*.png=01;35:*.svg=01;35:*.svgz=01;35:*.mng=01;35:*.pcx=01;35:*.mov=01;35:*.mpg=01;35:*.mpeg=01;35:*.m2v=01;35:*.mkv=01;35:*.webm=01;35:*.webp=01;35:*.ogm=01;35:*.mp4=01;35:*.m4v=01;35:*.mp4v=01;35:*.vob=01;35:*.qt=01;35:*.nuv=01;35:*.wmv=01;35:*.asf=01;35:*.rm=01;35:*.rmvb=01;35:*.flc=01;35:*.avi=01;35:*.fli=01;35:*.flv=01;35:*.gl=01;35:*.dl=01;35:*.xcf=01;35:*.xwd=01;35:*.yuv=01;35:*.cgm=01;35:*.emf=01;35:*.ogv=01;35:*.ogx=01;35:*.aac=01;36:*.au=01;36:*.flac=01;36:*.m4a=01;36:*.mid=01;36:*.midi=01;36:*.mka=01;36:*.mp3=01;36:*.mpc=01;36:*.ogg=01;36:*.ra=01;36:*.wav=01;36:*.oga=01;36:*.opus=01;36:*.spx=01;36:*.xspf=01;36:*~=00;90:*#=00;90:*.bak=00;90:*.crdownload=00;90:*.dpkg-dist=00;90:*.dpkg-new=00;90:*.dpkg-old=00;90:*.dpkg-tmp=00;90:*.old=00;90:*.orig=00;90:*.part=00;90:*.rej=00;90:*.rpmnew=00;90:*.rpmorig=00;90:*.rpmsave=00;90:*.swp=00;90:*.tmp=00;90:*.ucf-dist=00;90:*.ucf-new=00;90:*.ucf-old=00;90:', 'XDG_CURRENT_DESKTOP': 'GNOME', 'MEMORY_PRESSURE_WATCH': '/sys/fs/cgroup/user.slice/user-1000.slice/user@1000.service/app.slice/flatpak-session-helper.service/memory.pressure', 'WAYLAND_DISPLAY': 'wayland-0', 'INVOCATION_ID': '98b1b37ee7e4431c9f8d45e252d7764c', 'MANAGERPID': '1210', 'ZED_FLATPAK_LIB_PATH': '/var/lib/flatpak/app/dev.zed.Zed/x86_64/stable/2e78e5155469ebb92aa2cc788b79b63ce0c800dc371dbabe0cc05ea96550090e/files/lib', 'MOZ_GMP_PATH': '/usr/lib64/mozilla/plugins/gmp-gmpopenh264/system-installed', 'GNOME_SETUP_DISPLAY': ':1', 'XDG_SESSION_CLASS': 'user', 'TERM': 'xterm-256color', 'ZED_FORCE_CLI_MODE': '', 'LESSOPEN': '||/usr/bin/lesspipe.sh %s', 'USER': 'danmarques', 'DISPLAY': ':0', 'SHLVL': '3', 'QT_IM_MODULE': 'ibus', 'FLATPAK_XDG_CACHE_HOME': '/home/danmarques/.var/app/dev.zed.Zed/cache', 'PT8HOME': '/opt/pt', 'LD_LIBRARY_PATH': '/var/lib/flatpak/app/dev.zed.Zed/x86_64/stable/2e78e5155469ebb92aa2cc788b79b63ce0c800dc371dbabe0cc05ea96550090e/files/lib', 'XDG_RUNTIME_DIR': '/run/user/1000', 'DEBUGINFOD_URLS': 'https://debuginfod.fedoraproject.org/ ', 'DEBUGINFOD_IMA_CERT_PATH': '/etc/keys/ima:', 'KDEDIRS': '/usr', 'JOURNAL_STREAM': '9:24691', 'XDG_DATA_DIRS': '/home/danmarques/.local/share/flatpak/exports/share:/var/lib/flatpak/exports/share:/usr/local/share/:/usr/share/', 'FLATPAK_XDG_STATE_HOME': '/home/danmarques/.var/app/dev.zed.Zed/.local/state', 'PATH': '/home/danmarques/.local/bin:/home/danmarques/bin:/usr/local/bin:/usr/local/sbin:/usr/bin:/usr/sbin', 'GDMSESSION': 'gnome', 'DBUS_SESSION_BUS_ADDRESS': 'unix:path=/run/user/1000/bus', 'MAIL': '/var/spool/mail/danmarques', 'SYSTEMD_SLEEP_FREEZE_USER_SESSIONS': '0', 'FLATPAK_XDG_CONFIG_HOME': '/home/danmarques/.var/app/dev.zed.Zed/config', 'ALACRITTY_WINDOW_ID': '4294967297', 'ZED_TERM': 'true', 'OLDPWD': '/home/danmarques', 'TERM_PROGRAM': 'zed', '_': '/usr/bin/python', 'DJANGO_SETTINGS_MODULE': 'marketplace.settings', 'STRIPE_SECRET_KEY': '********************', 'STRIPE_PUBLIC_KEY': '********************', 'TZ': 'America/Sao_Paulo', 'RUN_MAIN': 'true', 'SERVER_NAME': 'localhost.localdomain', 'GATEWAY_INTERFACE': 'CGI/1.1', 'SERVER_PORT': '8000', 'REMOTE_HOST': '', 'CONTENT_LENGTH': '', 'SCRIPT_NAME': '', 'SERVER_PROTOCOL': 'HTTP/1.1', 'SERVER_SOFTWARE': 'WSGIServer/0.2', 'REQUEST_METHOD': 'GET', 'PATH_INFO': '/pagamento-efetuado/', 'QUERY_STRING': 'paypal_order_id=4C305553HF382941G', 'REMOTE_ADDR': '127.0.0.1', 'CONTENT_TYPE': 'text/plain', 'HTTP_HOST': '127.0.0.1:8000', 'HTTP_CONNECTION': 'keep-alive', 'HTTP_CACHE_CONTROL': 'max-age=0', 'HTTP_SEC_CH_UA': '"Chromium";v="134", "Not:A-Brand";v="24", "Google Chrome";v="134"', 'HTTP_SEC_CH_UA_MOBILE': '?0', 'HTTP_SEC_CH_UA_PLATFORM': '"Linux"', 'HTTP_ACCEPT_LANGUAGE': 'pt-BR,pt;q=0.9', 'HTTP_UPGRADE_INSECURE_REQUESTS': '1', 'HTTP_USER_AGENT': 'Mozilla/5.0 (X11; Linux x86_64) AppleWebKit/537.36 (KHTML, like Gecko) Chrome/134.0.0.0 Safari/537.36', 'HTTP_ACCEPT': 'text/html,application/xhtml+xml,application/xml;q=0.9,image/avif,image/webp,image/apng,*/*;q=0.8,application/signed-exchange;v=b3;q=0.7', 'HTTP_SEC_FETCH_SITE': 'same-origin', 'HTTP_SEC_FETCH_MODE': 'navigate', 'HTTP_SEC_FETCH_USER': '?1', 'HTTP_SEC_FETCH_DEST': 'document', 'HTTP_REFERER': 'http://127.0.0.1:8000/checkout/', 'HTTP_ACCEPT_ENCODING': 'gzip, deflate, br, zstd', 'HTTP_COOKIE': '********************', 'wsgi.input': <django.core.handlers.wsgi.LimitedStream object at 0x7f97460d0700>, 'wsgi.errors': <_io.TextIOWrapper name='<stderr>' mode='w' encoding='utf-8'>, 'wsgi.version': (1, 0), 'wsgi.run_once': False, 'wsgi.url_scheme': 'http', 'wsgi.multithread': True, 'wsgi.multiprocess': False, 'wsgi.file_wrapper': <class 'wsgiref.util.FileWrapper'>, 'CSRF_COOKIE': 'wlEMtoxsjBX32AAQkcB4TXZERVD1ZPWW'}, 'request_COOKIES_items': dict_items([('csrftoken', '********************'), ('sessionid', '********************'), ('__stripe_mid', '9cc74a6a-524b-44f3-ad21-bcc5885b02cad24e5a')]), 'user_str': 'Danilo Marques', 'filtered_POST_items': [], 'settings': {'ABSOLUTE_URL_OVERRIDES': {}, 'ADMINS': [], 'ALLOWED_HOSTS': [], 'APPEND_SLASH': True, 'AUTHENTICATION_BACKENDS': ['django.contrib.auth.backends.ModelBackend'], 'AUTH_PASSWORD_VALIDATORS': '********************', 'AUTH_USER_MODEL': 'userauths.User', 'BASE_DIR': PosixPath('/home/danmarques/Documents/Workplace/organixhub-main'), 'CACHES': {'default': {'BACKEND': 'django.core.cache.backends.locmem.LocMemCache'}}, 'CACHE_MIDDLEWARE_ALIAS': 'default', 'CACHE_MIDDLEWARE_KEY_PREFIX': '********************', 'CACHE_MIDDLEWARE_SECONDS': 600, 'CKEDITOR_5_CONFIGS': {'default': {'toolbar': ['heading', '|', 'bold', 'italic', 'link', 'underline', 'strikethrough', 'code', 'subscript', 'superscript', 'highlight', '|', 'bulletedList', 'numberedList', 'todoList', 'blockQuote', 'imageUpload', 'mediaEmbed', 'insertTable', '|', 'outdent', 'indent', '|', 'fontSize', 'fontFamily', 'fontColor', 'fontBackgroundColor', 'removeFormat', 'sourceEditing', 'horizontalLine', 'pageBreak', '|', 'codeBlock'], 'image': {'toolbar': ['imageTextAlternative', '|', 'imageStyle:alignLeft', 'imageStyle:alignRight', 'imageStyle:alignCenter', 'imageStyle:side', '|'], 'styles': ['full', 'side', 'alignLeft', 'alignRight', 'alignCenter']}, 'table': {'contentToolbar': ['tableColumn', 'tableRow', 'mergeTableCells', 'tableProperties', 'tableCellProperties'], 'tableProperties': {'borderColors': ['#000000', '#FF0000', '#00FF00', '#0000FF'], 'backgroundColors': ['#000000', '#FF0000', '#00FF00', '#0000FF']}, 'tableCellProperties': {'borderColors': ['#000000', '#FF0000', '#00FF00', '#0000FF'], 'backgroundColors': ['#000000', '#FF0000', '#00FF00', '#0000FF']}}, 'heading': {'options': [{'model': 'paragraph', 'title': 'Paragraph', 'class': 'ck-heading_paragraph'}, {'model': 'heading1', 'view': 'h1', 'title': 'Heading 1', 'class': 'ck-heading_heading1'}, {'model': 'heading2', 'view': 'h2', 'title': 'Heading 2', 'class': 'ck-heading_heading2'}, {'model': 'heading3', 'view': 'h3', 'title': 'Heading 3', 'class': 'ck-heading_heading3'}]}, 'list': {'properties': {'styles': True, 'startIndex': True, 'reversed': True}}}, 'extends': {'blockToolbar': ['paragraph', 'heading1', 'heading2', 'heading3', '|', 'bulletedList', 'numberedList', '|', 'blockQuote'], 'toolbar': ['heading', '|', 'outdent', 'indent', '|', 'bold', 'italic', 'link', 'underline', 'strikethrough', 'code', 'subscript', 'superscript', 'highlight', '|', 'codeBlock', 'sourceEditing', 'insertImage', 'bulletedList', 'numberedList', 'todoList', '|', 'blockQuote', 'imageUpload', '|', 'fontSize', 'fontFamily', 'fontColor', 'fontBackgroundColor', 'mediaEmbed', 'removeFormat', 'insertTable', 'horizontalLine', 'pageBreak'], 'image': {'toolbar': ['imageTextAlternative', '|', 'imageStyle:alignLeft', 'imageStyle:alignRight', 'imageStyle:alignCenter', 'imageStyle:side', '|'], 'styles': ['full', 'side', 'alignLeft', 'alignRight', 'alignCenter']}}}, 'CKEDITOR_5_UPLOAD_PATH': 'uploads/', 'CSRF_COOKIE_AGE': 31449600, 'CSRF_COOKIE_DOMAIN': None, 'CSRF_COOKIE_HTTPONLY': False, 'CSRF_COOKIE_NAME': 'csrftoken', 'CSRF_COOKIE_PATH': '/', 'CSRF_COOKIE_SAMESITE': 'Lax', 'CSRF_COOKIE_SECURE': False, 'CSRF_FAILURE_VIEW': 'django.views.csrf.csrf_failure', 'CSRF_HEADER_NAME': 'HTTP_X_CSRFTOKEN', 'CSRF_TRUSTED_ORIGINS': [], 'CSRF_USE_SESSIONS': False, 'DATABASES': {'default': {'ENGINE': 'django.db.backends.sqlite3', 'NAME': PosixPath('/home/danmarques/Documents/Workplace/organixhub-main/db.sqlite3'), 'ATOMIC_REQUESTS': False, 'AUTOCOMMIT': True, 'CONN_MAX_AGE': 0, 'CONN_HEALTH_CHECKS': False, 'OPTIONS': {}, 'TIME_ZONE': None, 'USER': '', 'PASSWORD': '********************', 'HOST': '', 'PORT': '', 'TEST': {'CHARSET': None, 'COLLATION': None, 'MIGRATE': True, 'MIRROR': None, 'NAME': None}}}, 'DATABASE_ROUTERS': [], 'DATA_UPLOAD_MAX_MEMORY_SIZE': 2621440, 'DATA_UPLOAD_MAX_NUMBER_FIELDS': 1000, 'DATA_UPLOAD_MAX_NUMBER_FILES': 100, 'DATETIME_FORMAT': 'N j, Y, P', 'DATETIME_INPUT_FORMATS': ['%Y-%m-%d %H:%M:%S', '%Y-%m-%d %H:%M:%S.%f', '%Y-%m-%d %H:%M', '%m/%d/%Y %H:%M:%S', '%m/%d/%Y %H:%M:%S.%f', '%m/%d/%Y %H:%M', '%m/%d/%y %H:%M:%S', '%m/%d/%y %H:%M:%S.%f', '%m/%d/%y %H:%M'], 'DATE_FORMAT': 'N j, Y', 'DATE_INPUT_FORMATS': ['%Y-%m-%d', '%m/%d/%Y', '%m/%d/%y', '%b %d %Y', '%b %d, %Y', '%d %b %Y', '%d %b, %Y', '%B %d %Y', '%B %d, %Y', '%d %B %Y', '%d %B, %Y'], 'DEBUG': True, 'DEBUG_PROPAGATE_EXCEPTIONS': False, 'DECIMAL_SEPARATOR': '.', 'DEFAULT_AUTO_FIELD': 'django.db.models.BigAutoField', 'DEFAULT_CHARSET': 'utf-8', 'DEFAULT_EXCEPTION_REPORTER': 'django.views.debug.ExceptionReporter', 'DEFAULT_EXCEPTION_REPORTER_FILTER': 'django.views.debug.SafeExceptionReporterFilter', 'DEFAULT_FROM_EMAIL': 'webmaster@localhost', 'DEFAULT_INDEX_TABLESPACE': '', 'DEFAULT_TABLESPACE': '', 'DISALLOWED_USER_AGENTS': [], 'EMAIL_BACKEND': 'django.core.mail.backends.smtp.EmailBackend', 'EMAIL_HOST': 'localhost', 'EMAIL_HOST_PASSWORD': '********************', 'EMAIL_HOST_USER': '', 'EMAIL_PORT': 25, 'EMAIL_SSL_CERTFILE': None, 'EMAIL_SSL_KEYFILE': '********************', 'EMAIL_SUBJECT_PREFIX': '[Django] ', 'EMAIL_TIMEOUT': None, 'EMAIL_USE_LOCALTIME': False, 'EMAIL_USE_SSL': False, 'EMAIL_USE_TLS': False, 'FILE_UPLOAD_DIRECTORY_PERMISSIONS': None, 'FILE_UPLOAD_HANDLERS': ['django.core.files.uploadhandler.MemoryFileUploadHandler', 'django.core.files.uploadhandler.TemporaryFileUploadHandler'], 'FILE_UPLOAD_MAX_MEMORY_SIZE': 2621440, 'FILE_UPLOAD_PERMISSIONS': 420, 'FILE_UPLOAD_TEMP_DIR': None, 'FIRST_DAY_OF_WEEK': 0, 'FIXTURE_DIRS': [], 'FORCE_SCRIPT_NAME': None, 'FORMAT_MODULE_PATH': None, 'FORMS_URLFIELD_ASSUME_HTTPS': False, 'FORM_RENDERER': 'django.forms.renderers.DjangoTemplates', 'IGNORABLE_404_URLS': [], 'INSTALLED_APPS': ['admin_interface', 'colorfield', 'jazzmin', 'django.contrib.admin', 'django.contrib.auth', 'django.contrib.contenttypes', 'django.contrib.sessions', 'django.contrib.messages', 'django.contrib.staticfiles', 'taggit', 'django_ckeditor_5', 'paypal.standard.ipn', 'core', 'userauths'], 'INTERNAL_IPS': [], 'JAZZMIN_SETTINGS': {'site_title': 'Organyx Shop', 'site_header': 'Organyxhub Marketplace', 'site_brand': 'Grow Like a Plant', 'welcome_sign': 'Bem-vindo ao Painel Administrativo', 'copyright': 'Organyxhub Ltda', 'site_logo': 'assets/imgs/theme/favicon.ico', 'dark_mode_theme': None, 'navbar_small_text': False, 'navbar_color': 'navbar-dark', 'navbar_bg': 'bg-dark', 'navbar_border': True, 'menu_labels': {'users': 'Usuários', 'auth': 'Autenticação', 'Administration': 'Administração'}}, 'JAZZMIN_UI_TWEAKS': {'theme': 'darkly'}, 'LANGUAGES': [('af', 'Afrikaans'), ('ar', 'Arabic'), ('ar-dz', 'Algerian Arabic'), ('ast', 'Asturian'), ('az', 'Azerbaijani'), ('bg', 'Bulgarian'), ('be', 'Belarusian'), ('bn', 'Bengali'), ('br', 'Breton'), ('bs', 'Bosnian'), ('ca', 'Catalan'), ('ckb', 'Central Kurdish (Sorani)'), ('cs', 'Czech'), ('cy', 'Welsh'), ('da', 'Danish'), ('de', 'German'), ('dsb', 'Lower Sorbian'), ('el', 'Greek'), ('en', 'English'), ('en-au', 'Australian English'), ('en-gb', 'British English'), ('eo', 'Esperanto'), ('es', 'Spanish'), ('es-ar', 'Argentinian Spanish'), ('es-co', 'Colombian Spanish'), ('es-mx', 'Mexican Spanish'), ('es-ni', 'Nicaraguan Spanish'), ('es-ve', 'Venezuelan Spanish'), ('et', 'Estonian'), ('eu', 'Basque'), ('fa', 'Persian'), ('fi', 'Finnish'), ('fr', 'French'), ('fy', 'Frisian'), ('ga', 'Irish'), ('gd', 'Scottish Gaelic'), ('gl', 'Galician'), ('he', 'Hebrew'), ('hi', 'Hindi'), ('hr', 'Croatian'), ('hsb', 'Upper Sorbian'), ('hu', 'Hungarian'), ('hy', 'Armenian'), ('ia', 'Interlingua'), ('id', 'Indonesian'), ('ig', 'Igbo'), ('io', 'Ido'), ('is', 'Icelandic'), ('it', 'Italian'), ('ja', 'Japanese'), ('ka', 'Georgian'), ('kab', 'Kabyle'), ('kk', 'Kazakh'), ('km', 'Khmer'), ('kn', 'Kannada'), ('ko', 'Korean'), ('ky', 'Kyrgyz'), ('lb', 'Luxembourgish'), ('lt', 'Lithuanian'), ('lv', 'Latvian'), ('mk', 'Macedonian'), ('ml', 'Malayalam'), ('mn', 'Mongolian'), ('mr', 'Marathi'), ('ms', 'Malay'), ('my', 'Burmese'), ('nb', 'Norwegian Bokmål'), ('ne', 'Nepali'), ('nl', 'Dutch'), ('nn', 'Norwegian Nynorsk'), ('os', 'Ossetic'), ('pa', 'Punjabi'), ('pl', 'Polish'), ('pt', 'Portuguese'), ('pt-br', 'Brazilian Portuguese'), ('ro', 'Romanian'), ('ru', 'Russian'), ('sk', 'Slovak'), ('sl', 'Slovenian'), ('sq', 'Albanian'), ('sr', 'Serbian'), ('sr-latn', 'Serbian Latin'), ('sv', 'Swedish'), ('sw', 'Swahili'), ('ta', 'Tamil'), ('te', 'Telugu'), ('tg', 'Tajik'), ('th', 'Thai'), ('tk', 'Turkmen'), ('tr', 'Turkish'), ('tt', 'Tatar'), ('udm', 'Udmurt'), ('ug', 'Uyghur'), ('uk', 'Ukrainian'), ('ur', 'Urdu'), ('uz', 'Uzbek'), ('vi', 'Vietnamese'), ('zh-hans', 'Simplified Chinese'), ('zh-hant', 'Traditional Chinese')], 'LANGUAGES_BIDI': ['he', 'ar', 'ar-dz', 'ckb', 'fa', 'ug', 'ur'], 'LANGUAGE_CODE': 'pt-br', 'LANGUAGE_COOKIE_AGE': None, 'LANGUAGE_COOKIE_DOMAIN': None, 'LANGUAGE_COOKIE_HTTPONLY': False, 'LANGUAGE_COOKIE_NAME': 'django_language', 'LANGUAGE_COOKIE_PATH': '/', 'LANGUAGE_COOKIE_SAMESITE': None, 'LANGUAGE_COOKIE_SECURE': False, 'LOCALE_PATHS': ['/home/danmarques/Documents/Workplace/organixhub-main/locale'], 'LOGGING': {'version': 1, 'disable_existing_loggers': False, 'handlers': {'console': {'class': 'logging.StreamHandler'}, 'file': {'level': 'DEBUG', 'class': 'logging.FileHandler', 'filename': 'debug.log', 'formatter': 'verbose'}}, 'formatters': {'verbose': {'format': '{asctime} {levelname} {module} {process:d} {thread:d} {message}', 'style': '{'}, 'simple': {'format': '{levelname} {message}', 'style': '{'}}, 'loggers': {'django': {'handlers': ['console', 'file'], 'level': 'DEBUG', 'propagate': True}, 'core': {'handlers': ['console', 'file'], 'level': 'DEBUG', 'propagate': True}}}, 'LOGGING_CONFIG': 'logging.config.dictConfig', 'LOGIN_REDIRECT_URL': '/accounts/profile/', 'LOGIN_URL': 'userauths:sign-in', 'LOGOUT_REDIRECT_URL': None, 'MANAGERS': [], 'MEDIA_ROOT': '/home/danmarques/Documents/Workplace/organixhub-main/media', 'MEDIA_URL': '/media/', 'MESSAGE_STORAGE': 'django.contrib.messages.storage.fallback.FallbackStorage', 'MIDDLEWARE': ['django.middleware.security.SecurityMiddleware', 'django.contrib.sessions.middleware.SessionMiddleware', 'django.middleware.common.CommonMiddleware', 'django.middleware.csrf.CsrfViewMiddleware', 'django.contrib.auth.middleware.AuthenticationMiddleware', 'django.contrib.messages.middleware.MessageMiddleware', 'django.middleware.clickjacking.XFrameOptionsMiddleware'], 'MIGRATION_MODULES': {}, 'MONTH_DAY_FORMAT': 'F j', 'NUMBER_GROUPING': 0, 'PASSWORD_HASHERS': '********************', 'PASSWORD_RESET_TIMEOUT': '********************', 'PAYPAL_CLIENT_ID': 'AUeZJX-aqir88NyR8g3c3u17mbsnji-NaUaR4iUTnoc5w9PBypCTm4lx7ngDoeYKNJM0xc3QvUkBShbK', 'PAYPAL_RECEIVER_EMAIL': 'organyxpay@business.example.com', 'PAYPAL_SECRET_ID': '********************', 'PAYPAL_TEST': True, 'PREPEND_WWW': False, 'ROOT_URLCONF': 'marketplace.urls', 'SECRET_KEY': '********************', 'SECRET_KEY_FALLBACKS': '********************', 'SECURE_CONTENT_TYPE_NOSNIFF': True, 'SECURE_CROSS_ORIGIN_OPENER_POLICY': 'same-origin-allow-popups', 'SECURE_HSTS_INCLUDE_SUBDOMAINS': False, 'SECURE_HSTS_PRELOAD': False, 'SECURE_HSTS_SECONDS': 0, 'SECURE_PROXY_SSL_HEADER': None, 'SECURE_REDIRECT_EXEMPT': [], 'SECURE_REFERRER_POLICY': 'same-origin', 'SECURE_SSL_HOST': None, 'SECURE_SSL_REDIRECT': False, 'SERVER_EMAIL': 'root@localhost', 'SESSION_CACHE_ALIAS': 'default', 'SESSION_COOKIE_AGE': 1209600, 'SESSION_COOKIE_DOMAIN': None, 'SESSION_COOKIE_HTTPONLY': True, 'SESSION_COOKIE_NAME': 'sessionid', 'SESSION_COOKIE_PATH': '/', 'SESSION_COOKIE_SAMESITE': 'Lax', 'SESSION_COOKIE_SECURE': False, 'SESSION_ENGINE': 'django.contrib.sessions.backends.db', 'SESSION_EXPIRE_AT_BROWSER_CLOSE': False, 'SESSION_FILE_PATH': None, 'SESSION_SAVE_EVERY_REQUEST': False, 'SESSION_SERIALIZER': 'django.contrib.sessions.serializers.JSONSerializer', 'SETTINGS_MODULE': 'marketplace.settings', 'SHORT_DATETIME_FORMAT': 'm/d/Y P', 'SHORT_DATE_FORMAT': 'm/d/Y', 'SIGNING_BACKEND': 'django.core.signing.TimestampSigner', 'SILENCED_SYSTEM_CHECKS': [], 'STATICFILES_DIRS': ['/home/danmarques/Documents/Workplace/organixhub-main/static'], 'STATICFILES_FINDERS': ['django.contrib.staticfiles.finders.FileSystemFinder', 'django.contrib.staticfiles.finders.AppDirectoriesFinder'], 'STATIC_ROOT': '/home/danmarques/Documents/Workplace/organixhub-main/staticfiles', 'STATIC_URL': '/static/', 'STORAGES': {'default': {'BACKEND': 'django.core.files.storage.FileSystemStorage'}, 'staticfiles': {'BACKEND': 'django.contrib.staticfiles.storage.StaticFilesStorage'}}, 'STRIPE_PUBLIC_KEY': '********************', 'STRIPE_SECRET_KEY': '********************', 'TEMPLATES': [{'BACKEND': 'django.template.backends.django.DjangoTemplates', 'DIRS': ['/home/danmarques/Documents/Workplace/organixhub-main/templates'], 'APP_DIRS': True, 'OPTIONS': {'context_processors': ['core.context_processor.default', 'django.template.context_processors.debug', 'django.template.context_processors.request', 'django.contrib.auth.context_processors.auth', 'django.contrib.messages.context_processors.messages']}}], 'TEST_NON_SERIALIZED_APPS': [], 'TEST_RUNNER': 'django.test.runner.DiscoverRunner', 'THOUSAND_SEPARATOR': ',', 'TIME_FORMAT': 'P', 'TIME_INPUT_FORMATS': ['%H:%M:%S', '%H:%M:%S.%f', '%H:%M'], 'TIME_ZONE': 'America/Sao_Paulo', 'USE_I18N': True, 'USE_THOUSAND_SEPARATOR': False, 'USE_TZ': True, 'USE_X_FORWARDED_HOST': False, 'USE_X_FORWARDED_PORT': False, 'WSGI_APPLICATION': 'marketplace.wsgi.application', 'X_FRAME_OPTIONS': 'DENY', 'YEAR_MONTH_FORMAT': 'F Y'}, 'sys_executable': '/usr/bin/python', 'sys_version_info': '3.13.1', 'server_time': datetime.datetime(2025, 1, 17, 18, 30, 19, 713531, tzinfo=datetime.timezone.utc), 'django_version_info': '5.1.4', 'sys_path': ['/home/danmarques/Documents/Workplace/organixhub-main', '/usr/lib64/python313.zip', '/usr/lib64/python3.13', '/usr/lib64/python3.13/lib-dynload', '/home/danmarques/.local/lib/python3.13/site-packages', '/usr/lib64/python3.13/site-packages', '/usr/lib/python3.13/site-packages'], 'template_info': None, 'template_does_not_exist': False, 'postmortem': None, 'request_GET_items': <generator object MultiValueDict.items at 0x7f97461ff100>, 'request_FILES_items': <generator object MultiValueDict.items at 0x7f97461ff1d0>, 'request_insecure_uri': 'http://127.0.0.1:8000/pagamento-efetuado/?paypal_order_id=4C305553HF382941G', 'raising_view_name': 'core.views.pagamento_efetuado', 'exception_type': 'TypeError', 'exception_value': "pagamento_efetuado() missing 1 required positional argument: 'order_id'", 'lastframe': {'exc_cause': None, 'exc_cause_explicit': None, 'tb': <traceback object at 0x7f97460e9fc0>, 'type': 'django', 'filename': '/home/danmarques/.local/lib/python3.13/site-packages/django/contrib/auth/decorators.py', 'function': '_view_wrapper', 'lineno': 60, 'vars': [('request', "<WSGIRequest: GET '/pagamento-efetuado/?paypal_order_id=4C305553HF382941G'>"), ('args', '()'), ('kwargs', '{}'), ('test_pass', 'True'), ('_redirect_to_login', '<function user_passes_test.<locals>.decorator.<locals>._redirect_to_login at 0x7f974708ee80>'), ('test_func', '<function login_required.<locals>.<lambda> at 0x7f974708ed40>'), ('view_func', '<function pagamento_efetuado at 0x7f974708eb60>')], 'id': 140287692152768, 'pre_context': ['            def _view_wrapper(request, *args, **kwargs):', '                if asyncio.iscoroutinefunction(test_func):', '                    test_pass = async_to_sync(test_func)(request.user)', '                else:', '                    test_pass = test_func(request.user)', '', '                if test_pass:'], 'context_line': '                    return view_func(request, *args, **kwargs)', 'post_context': ['                return _redirect_to_login(request)', '', '        # Attributes used by LoginRequiredMiddleware.', '        _view_wrapper.login_url = login_url', '        _view_wrapper.redirect_field_name = redirect_field_name', ''], 'pre_context_lineno': 53, 'colno': '\n                               ^^^^^^^^^^^^^^^^^^^^^^^^^^^^^^^^^^^', 'tb_area_colno': '\n           ^^^^^^^^^^^^^^^^^^^^^^^^^^^^^^^^^^^'}}]
2025-01-17 15:30:19,763 DEBUG base 15517 140287691994816 Exception while resolving variable 'exception_notes' in template 'unknown'.
Traceback (most recent call last):
  File "/home/danmarques/.local/lib/python3.13/site-packages/django/core/handlers/exception.py", line 55, in inner
    response = get_response(request)
  File "/home/danmarques/.local/lib/python3.13/site-packages/django/core/handlers/base.py", line 197, in _get_response
    response = wrapped_callback(request, *callback_args, **callback_kwargs)
  File "/home/danmarques/.local/lib/python3.13/site-packages/django/contrib/auth/decorators.py", line 60, in _view_wrapper
    return view_func(request, *args, **kwargs)
TypeError: pagamento_efetuado() missing 1 required positional argument: 'order_id'

During handling of the above exception, another exception occurred:

Traceback (most recent call last):
  File "/home/danmarques/.local/lib/python3.13/site-packages/django/template/base.py", line 883, in _resolve_lookup
    current = current[bit]
              ~~~~~~~^^^^^
  File "/home/danmarques/.local/lib/python3.13/site-packages/django/template/context.py", line 85, in __getitem__
    raise KeyError(key)
KeyError: 'exception_notes'

During handling of the above exception, another exception occurred:

Traceback (most recent call last):
  File "/home/danmarques/.local/lib/python3.13/site-packages/django/template/base.py", line 889, in _resolve_lookup
    if isinstance(current, BaseContext) and getattr(
                                            ~~~~~~~^
        type(current), bit
        ^^^^^^^^^^^^^^^^^^
    ):
    ^
AttributeError: type object 'Context' has no attribute 'exception_notes'

During handling of the above exception, another exception occurred:

Traceback (most recent call last):
  File "/home/danmarques/.local/lib/python3.13/site-packages/django/template/base.py", line 899, in _resolve_lookup
    current = current[int(bit)]
                      ~~~^^^^^
ValueError: invalid literal for int() with base 10: 'exception_notes'

During handling of the above exception, another exception occurred:

Traceback (most recent call last):
  File "/home/danmarques/.local/lib/python3.13/site-packages/django/template/base.py", line 906, in _resolve_lookup
    raise VariableDoesNotExist(
    ^^^^^^^^^^^^^^^^^^^^^^^^^^^
    ...<2 lines>...
    )  # missing attribute
    ^
django.template.base.VariableDoesNotExist: Failed lookup for key [exception_notes] in [{'True': True, 'False': False, 'None': None}, {'is_email': False, 'unicode_hint': '', 'frames': [{'exc_cause': None, 'exc_cause_explicit': None, 'tb': <traceback object at 0x7f97460ead40>, 'type': 'django', 'filename': '/home/danmarques/.local/lib/python3.13/site-packages/django/core/handlers/exception.py', 'function': 'inner', 'lineno': 55, 'vars': [('request', "<WSGIRequest: GET '/pagamento-efetuado/?paypal_order_id=4C305553HF382941G'>"), ('exc', 'TypeError("pagamento_efetuado() missing 1 required positional argument: \'order_id\'")'), ('get_response', '<bound method BaseHandler._get_response of <django.core.handlers.wsgi.WSGIHandler object at 0x7f9746387e00>>')], 'id': 140287692156224, 'pre_context': ['', '        return inner', '    else:', '', '        @wraps(get_response)', '        def inner(request):', '            try:'], 'context_line': '                response = get_response(request)', 'post_context': ['            except Exception as exc:', '                response = response_for_exception(request, exc)', '            return response', '', '        return inner', ''], 'pre_context_lineno': 48, 'colno': '\n                               ^^^^^^^^^^^^^^^^^^^^^', 'tb_area_colno': '\n               ^^^^^^^^^^^^^^^^^^^^^'}, {'exc_cause': None, 'exc_cause_explicit': None, 'tb': <traceback object at 0x7f97460eaa40>, 'type': 'django', 'filename': '/home/danmarques/.local/lib/python3.13/site-packages/django/core/handlers/base.py', 'function': '_get_response', 'lineno': 197, 'vars': [('self', '<django.core.handlers.wsgi.WSGIHandler object at 0x7f9746387e00>'), ('request', "<WSGIRequest: GET '/pagamento-efetuado/?paypal_order_id=4C305553HF382941G'>"), ('response', 'None'), ('callback', '<function pagamento_efetuado at 0x7f974708ef20>'), ('callback_args', '()'), ('callback_kwargs', '{}'), ('middleware_method', '<bound method CsrfViewMiddleware.process_view of <CsrfViewMiddleware get_response=convert_exception_to_response.<locals>.inner>>'), ('wrapped_callback', '<function pagamento_efetuado at 0x7f974708ef20>')], 'id': 140287692155456, 'pre_context': ['', '        if response is None:', '            wrapped_callback = self.make_view_atomic(callback)', '            # If it is an asynchronous view, run it in a subthread.', '            if iscoroutinefunction(wrapped_callback):', '                wrapped_callback = async_to_sync(wrapped_callback)', '            try:'], 'context_line': '                response = wrapped_callback(request, *callback_args, **callback_kwargs)', 'post_context': ['            except Exception as e:', '                response = self.process_exception_by_middleware(e, request)', '                if response is None:', '                    raise', '', '        # Complain if the view returned None (a common error).'], 'pre_context_lineno': 190, 'colno': '\n                                ^^^^^^^^^^^^^^^^^^^^^^^^^^^^^^^^^^^^^^^^^^^^^^^^^^^^^^^^^^^^', 'tb_area_colno': '\n               ^^^^^^^^^^^^^^^^^^^^^^^^^^^^^^^^^^^^^^^^^^^^^^^^^^^^^^^^^^^^'}, {'exc_cause': None, 'exc_cause_explicit': None, 'tb': <traceback object at 0x7f97460e9fc0>, 'type': 'django', 'filename': '/home/danmarques/.local/lib/python3.13/site-packages/django/contrib/auth/decorators.py', 'function': '_view_wrapper', 'lineno': 60, 'vars': [('request', "<WSGIRequest: GET '/pagamento-efetuado/?paypal_order_id=4C305553HF382941G'>"), ('args', '()'), ('kwargs', '{}'), ('test_pass', 'True'), ('_redirect_to_login', '<function user_passes_test.<locals>.decorator.<locals>._redirect_to_login at 0x7f974708ee80>'), ('test_func', '<function login_required.<locals>.<lambda> at 0x7f974708ed40>'), ('view_func', '<function pagamento_efetuado at 0x7f974708eb60>')], 'id': 140287692152768, 'pre_context': ['            def _view_wrapper(request, *args, **kwargs):', '                if asyncio.iscoroutinefunction(test_func):', '                    test_pass = async_to_sync(test_func)(request.user)', '                else:', '                    test_pass = test_func(request.user)', '', '                if test_pass:'], 'context_line': '                    return view_func(request, *args, **kwargs)', 'post_context': ['                return _redirect_to_login(request)', '', '        # Attributes used by LoginRequiredMiddleware.', '        _view_wrapper.login_url = login_url', '        _view_wrapper.redirect_field_name = redirect_field_name', ''], 'pre_context_lineno': 53, 'colno': '\n                               ^^^^^^^^^^^^^^^^^^^^^^^^^^^^^^^^^^^', 'tb_area_colno': '\n           ^^^^^^^^^^^^^^^^^^^^^^^^^^^^^^^^^^^'}], 'request': <WSGIRequest: GET '/pagamento-efetuado/?paypal_order_id=4C305553HF382941G'>, 'request_meta': {'SHELL': '/bin/bash', 'SESSION_MANAGER': 'local/unix:@/tmp/.ICE-unix/1308,unix/unix:/tmp/.ICE-unix/1308', 'WINDOWID': '4294967297', 'COLORTERM': 'truecolor', 'HISTCONTROL': 'ignoredups', 'XDG_MENU_PREFIX': 'gnome-', 'TERM_PROGRAM_VERSION': '0.169.2', 'HOSTNAME': 'fedora', 'HISTSIZE': '1000', 'ZED_UPDATE_EXPLANATION': 'Please use flatpak to update zed', 'SSH_AUTH_SOCK': '/run/user/1000/keyring/ssh', 'MEMORY_PRESSURE_WRITE': 'c29tZSAyMDAwMDAgMjAwMDAwMAA=', 'XMODIFIERS': '@im=ibus', 'DESKTOP_SESSION': 'gnome', 'FLATPAK_XDG_DATA_HOME': '/home/danmarques/.var/app/dev.zed.Zed/data', 'GPG_TTY': '/dev/pts/1', 'EDITOR': '/usr/bin/nano', 'PWD': '/home/danmarques/Documents/Workplace/organixhub-main', 'XDG_SESSION_DESKTOP': 'gnome', 'LOGNAME': 'danmarques', 'XDG_SESSION_TYPE': 'wayland', 'SYSTEMD_EXEC_PID': '2412', 'XAUTHORITY': '/run/user/1000/.mutter-Xwaylandauth.NFQ4Z2', 'GDM_LANG': 'en_US.UTF-8', 'HOME': '/home/danmarques', 'USERNAME': 'danmarques', 'SSH_ASKPASS': '********************', 'LANG': 'en_US.UTF-8', 'LS_COLORS': 'rs=0:di=01;34:ln=01;36:mh=00:pi=40;33:so=01;35:do=01;35:bd=40;33;01:cd=40;33;01:or=40;31;01:mi=01;37;41:su=37;41:sg=30;43:ca=00:tw=30;42:ow=34;42:st=37;44:ex=01;32:*.7z=01;31:*.ace=01;31:*.alz=01;31:*.apk=01;31:*.arc=01;31:*.arj=01;31:*.bz=01;31:*.bz2=01;31:*.cab=01;31:*.cpio=01;31:*.crate=01;31:*.deb=01;31:*.drpm=01;31:*.dwm=01;31:*.dz=01;31:*.ear=01;31:*.egg=01;31:*.esd=01;31:*.gz=01;31:*.jar=01;31:*.lha=01;31:*.lrz=01;31:*.lz=01;31:*.lz4=01;31:*.lzh=01;31:*.lzma=01;31:*.lzo=01;31:*.pyz=01;31:*.rar=01;31:*.rpm=01;31:*.rz=01;31:*.sar=01;31:*.swm=01;31:*.t7z=01;31:*.tar=01;31:*.taz=01;31:*.tbz=01;31:*.tbz2=01;31:*.tgz=01;31:*.tlz=01;31:*.txz=01;31:*.tz=01;31:*.tzo=01;31:*.tzst=01;31:*.udeb=01;31:*.war=01;31:*.whl=01;31:*.wim=01;31:*.xz=01;31:*.z=01;31:*.zip=01;31:*.zoo=01;31:*.zst=01;31:*.avif=01;35:*.jpg=01;35:*.jpeg=01;35:*.mjpg=01;35:*.mjpeg=01;35:*.gif=01;35:*.bmp=01;35:*.pbm=01;35:*.pgm=01;35:*.ppm=01;35:*.tga=01;35:*.xbm=01;35:*.xpm=01;35:*.tif=01;35:*.tiff=01;35:*.png=01;35:*.svg=01;35:*.svgz=01;35:*.mng=01;35:*.pcx=01;35:*.mov=01;35:*.mpg=01;35:*.mpeg=01;35:*.m2v=01;35:*.mkv=01;35:*.webm=01;35:*.webp=01;35:*.ogm=01;35:*.mp4=01;35:*.m4v=01;35:*.mp4v=01;35:*.vob=01;35:*.qt=01;35:*.nuv=01;35:*.wmv=01;35:*.asf=01;35:*.rm=01;35:*.rmvb=01;35:*.flc=01;35:*.avi=01;35:*.fli=01;35:*.flv=01;35:*.gl=01;35:*.dl=01;35:*.xcf=01;35:*.xwd=01;35:*.yuv=01;35:*.cgm=01;35:*.emf=01;35:*.ogv=01;35:*.ogx=01;35:*.aac=01;36:*.au=01;36:*.flac=01;36:*.m4a=01;36:*.mid=01;36:*.midi=01;36:*.mka=01;36:*.mp3=01;36:*.mpc=01;36:*.ogg=01;36:*.ra=01;36:*.wav=01;36:*.oga=01;36:*.opus=01;36:*.spx=01;36:*.xspf=01;36:*~=00;90:*#=00;90:*.bak=00;90:*.crdownload=00;90:*.dpkg-dist=00;90:*.dpkg-new=00;90:*.dpkg-old=00;90:*.dpkg-tmp=00;90:*.old=00;90:*.orig=00;90:*.part=00;90:*.rej=00;90:*.rpmnew=00;90:*.rpmorig=00;90:*.rpmsave=00;90:*.swp=00;90:*.tmp=00;90:*.ucf-dist=00;90:*.ucf-new=00;90:*.ucf-old=00;90:', 'XDG_CURRENT_DESKTOP': 'GNOME', 'MEMORY_PRESSURE_WATCH': '/sys/fs/cgroup/user.slice/user-1000.slice/user@1000.service/app.slice/flatpak-session-helper.service/memory.pressure', 'WAYLAND_DISPLAY': 'wayland-0', 'INVOCATION_ID': '98b1b37ee7e4431c9f8d45e252d7764c', 'MANAGERPID': '1210', 'ZED_FLATPAK_LIB_PATH': '/var/lib/flatpak/app/dev.zed.Zed/x86_64/stable/2e78e5155469ebb92aa2cc788b79b63ce0c800dc371dbabe0cc05ea96550090e/files/lib', 'MOZ_GMP_PATH': '/usr/lib64/mozilla/plugins/gmp-gmpopenh264/system-installed', 'GNOME_SETUP_DISPLAY': ':1', 'XDG_SESSION_CLASS': 'user', 'TERM': 'xterm-256color', 'ZED_FORCE_CLI_MODE': '', 'LESSOPEN': '||/usr/bin/lesspipe.sh %s', 'USER': 'danmarques', 'DISPLAY': ':0', 'SHLVL': '3', 'QT_IM_MODULE': 'ibus', 'FLATPAK_XDG_CACHE_HOME': '/home/danmarques/.var/app/dev.zed.Zed/cache', 'PT8HOME': '/opt/pt', 'LD_LIBRARY_PATH': '/var/lib/flatpak/app/dev.zed.Zed/x86_64/stable/2e78e5155469ebb92aa2cc788b79b63ce0c800dc371dbabe0cc05ea96550090e/files/lib', 'XDG_RUNTIME_DIR': '/run/user/1000', 'DEBUGINFOD_URLS': 'https://debuginfod.fedoraproject.org/ ', 'DEBUGINFOD_IMA_CERT_PATH': '/etc/keys/ima:', 'KDEDIRS': '/usr', 'JOURNAL_STREAM': '9:24691', 'XDG_DATA_DIRS': '/home/danmarques/.local/share/flatpak/exports/share:/var/lib/flatpak/exports/share:/usr/local/share/:/usr/share/', 'FLATPAK_XDG_STATE_HOME': '/home/danmarques/.var/app/dev.zed.Zed/.local/state', 'PATH': '/home/danmarques/.local/bin:/home/danmarques/bin:/usr/local/bin:/usr/local/sbin:/usr/bin:/usr/sbin', 'GDMSESSION': 'gnome', 'DBUS_SESSION_BUS_ADDRESS': 'unix:path=/run/user/1000/bus', 'MAIL': '/var/spool/mail/danmarques', 'SYSTEMD_SLEEP_FREEZE_USER_SESSIONS': '0', 'FLATPAK_XDG_CONFIG_HOME': '/home/danmarques/.var/app/dev.zed.Zed/config', 'ALACRITTY_WINDOW_ID': '4294967297', 'ZED_TERM': 'true', 'OLDPWD': '/home/danmarques', 'TERM_PROGRAM': 'zed', '_': '/usr/bin/python', 'DJANGO_SETTINGS_MODULE': 'marketplace.settings', 'STRIPE_SECRET_KEY': '********************', 'STRIPE_PUBLIC_KEY': '********************', 'TZ': 'America/Sao_Paulo', 'RUN_MAIN': 'true', 'SERVER_NAME': 'localhost.localdomain', 'GATEWAY_INTERFACE': 'CGI/1.1', 'SERVER_PORT': '8000', 'REMOTE_HOST': '', 'CONTENT_LENGTH': '', 'SCRIPT_NAME': '', 'SERVER_PROTOCOL': 'HTTP/1.1', 'SERVER_SOFTWARE': 'WSGIServer/0.2', 'REQUEST_METHOD': 'GET', 'PATH_INFO': '/pagamento-efetuado/', 'QUERY_STRING': 'paypal_order_id=4C305553HF382941G', 'REMOTE_ADDR': '127.0.0.1', 'CONTENT_TYPE': 'text/plain', 'HTTP_HOST': '127.0.0.1:8000', 'HTTP_CONNECTION': 'keep-alive', 'HTTP_CACHE_CONTROL': 'max-age=0', 'HTTP_SEC_CH_UA': '"Chromium";v="134", "Not:A-Brand";v="24", "Google Chrome";v="134"', 'HTTP_SEC_CH_UA_MOBILE': '?0', 'HTTP_SEC_CH_UA_PLATFORM': '"Linux"', 'HTTP_ACCEPT_LANGUAGE': 'pt-BR,pt;q=0.9', 'HTTP_UPGRADE_INSECURE_REQUESTS': '1', 'HTTP_USER_AGENT': 'Mozilla/5.0 (X11; Linux x86_64) AppleWebKit/537.36 (KHTML, like Gecko) Chrome/134.0.0.0 Safari/537.36', 'HTTP_ACCEPT': 'text/html,application/xhtml+xml,application/xml;q=0.9,image/avif,image/webp,image/apng,*/*;q=0.8,application/signed-exchange;v=b3;q=0.7', 'HTTP_SEC_FETCH_SITE': 'same-origin', 'HTTP_SEC_FETCH_MODE': 'navigate', 'HTTP_SEC_FETCH_USER': '?1', 'HTTP_SEC_FETCH_DEST': 'document', 'HTTP_REFERER': 'http://127.0.0.1:8000/checkout/', 'HTTP_ACCEPT_ENCODING': 'gzip, deflate, br, zstd', 'HTTP_COOKIE': '********************', 'wsgi.input': <django.core.handlers.wsgi.LimitedStream object at 0x7f97460d0700>, 'wsgi.errors': <_io.TextIOWrapper name='<stderr>' mode='w' encoding='utf-8'>, 'wsgi.version': (1, 0), 'wsgi.run_once': False, 'wsgi.url_scheme': 'http', 'wsgi.multithread': True, 'wsgi.multiprocess': False, 'wsgi.file_wrapper': <class 'wsgiref.util.FileWrapper'>, 'CSRF_COOKIE': 'wlEMtoxsjBX32AAQkcB4TXZERVD1ZPWW'}, 'request_COOKIES_items': dict_items([('csrftoken', '********************'), ('sessionid', '********************'), ('__stripe_mid', '9cc74a6a-524b-44f3-ad21-bcc5885b02cad24e5a')]), 'user_str': 'Danilo Marques', 'filtered_POST_items': [], 'settings': {'ABSOLUTE_URL_OVERRIDES': {}, 'ADMINS': [], 'ALLOWED_HOSTS': [], 'APPEND_SLASH': True, 'AUTHENTICATION_BACKENDS': ['django.contrib.auth.backends.ModelBackend'], 'AUTH_PASSWORD_VALIDATORS': '********************', 'AUTH_USER_MODEL': 'userauths.User', 'BASE_DIR': PosixPath('/home/danmarques/Documents/Workplace/organixhub-main'), 'CACHES': {'default': {'BACKEND': 'django.core.cache.backends.locmem.LocMemCache'}}, 'CACHE_MIDDLEWARE_ALIAS': 'default', 'CACHE_MIDDLEWARE_KEY_PREFIX': '********************', 'CACHE_MIDDLEWARE_SECONDS': 600, 'CKEDITOR_5_CONFIGS': {'default': {'toolbar': ['heading', '|', 'bold', 'italic', 'link', 'underline', 'strikethrough', 'code', 'subscript', 'superscript', 'highlight', '|', 'bulletedList', 'numberedList', 'todoList', 'blockQuote', 'imageUpload', 'mediaEmbed', 'insertTable', '|', 'outdent', 'indent', '|', 'fontSize', 'fontFamily', 'fontColor', 'fontBackgroundColor', 'removeFormat', 'sourceEditing', 'horizontalLine', 'pageBreak', '|', 'codeBlock'], 'image': {'toolbar': ['imageTextAlternative', '|', 'imageStyle:alignLeft', 'imageStyle:alignRight', 'imageStyle:alignCenter', 'imageStyle:side', '|'], 'styles': ['full', 'side', 'alignLeft', 'alignRight', 'alignCenter']}, 'table': {'contentToolbar': ['tableColumn', 'tableRow', 'mergeTableCells', 'tableProperties', 'tableCellProperties'], 'tableProperties': {'borderColors': ['#000000', '#FF0000', '#00FF00', '#0000FF'], 'backgroundColors': ['#000000', '#FF0000', '#00FF00', '#0000FF']}, 'tableCellProperties': {'borderColors': ['#000000', '#FF0000', '#00FF00', '#0000FF'], 'backgroundColors': ['#000000', '#FF0000', '#00FF00', '#0000FF']}}, 'heading': {'options': [{'model': 'paragraph', 'title': 'Paragraph', 'class': 'ck-heading_paragraph'}, {'model': 'heading1', 'view': 'h1', 'title': 'Heading 1', 'class': 'ck-heading_heading1'}, {'model': 'heading2', 'view': 'h2', 'title': 'Heading 2', 'class': 'ck-heading_heading2'}, {'model': 'heading3', 'view': 'h3', 'title': 'Heading 3', 'class': 'ck-heading_heading3'}]}, 'list': {'properties': {'styles': True, 'startIndex': True, 'reversed': True}}}, 'extends': {'blockToolbar': ['paragraph', 'heading1', 'heading2', 'heading3', '|', 'bulletedList', 'numberedList', '|', 'blockQuote'], 'toolbar': ['heading', '|', 'outdent', 'indent', '|', 'bold', 'italic', 'link', 'underline', 'strikethrough', 'code', 'subscript', 'superscript', 'highlight', '|', 'codeBlock', 'sourceEditing', 'insertImage', 'bulletedList', 'numberedList', 'todoList', '|', 'blockQuote', 'imageUpload', '|', 'fontSize', 'fontFamily', 'fontColor', 'fontBackgroundColor', 'mediaEmbed', 'removeFormat', 'insertTable', 'horizontalLine', 'pageBreak'], 'image': {'toolbar': ['imageTextAlternative', '|', 'imageStyle:alignLeft', 'imageStyle:alignRight', 'imageStyle:alignCenter', 'imageStyle:side', '|'], 'styles': ['full', 'side', 'alignLeft', 'alignRight', 'alignCenter']}}}, 'CKEDITOR_5_UPLOAD_PATH': 'uploads/', 'CSRF_COOKIE_AGE': 31449600, 'CSRF_COOKIE_DOMAIN': None, 'CSRF_COOKIE_HTTPONLY': False, 'CSRF_COOKIE_NAME': 'csrftoken', 'CSRF_COOKIE_PATH': '/', 'CSRF_COOKIE_SAMESITE': 'Lax', 'CSRF_COOKIE_SECURE': False, 'CSRF_FAILURE_VIEW': 'django.views.csrf.csrf_failure', 'CSRF_HEADER_NAME': 'HTTP_X_CSRFTOKEN', 'CSRF_TRUSTED_ORIGINS': [], 'CSRF_USE_SESSIONS': False, 'DATABASES': {'default': {'ENGINE': 'django.db.backends.sqlite3', 'NAME': PosixPath('/home/danmarques/Documents/Workplace/organixhub-main/db.sqlite3'), 'ATOMIC_REQUESTS': False, 'AUTOCOMMIT': True, 'CONN_MAX_AGE': 0, 'CONN_HEALTH_CHECKS': False, 'OPTIONS': {}, 'TIME_ZONE': None, 'USER': '', 'PASSWORD': '********************', 'HOST': '', 'PORT': '', 'TEST': {'CHARSET': None, 'COLLATION': None, 'MIGRATE': True, 'MIRROR': None, 'NAME': None}}}, 'DATABASE_ROUTERS': [], 'DATA_UPLOAD_MAX_MEMORY_SIZE': 2621440, 'DATA_UPLOAD_MAX_NUMBER_FIELDS': 1000, 'DATA_UPLOAD_MAX_NUMBER_FILES': 100, 'DATETIME_FORMAT': 'N j, Y, P', 'DATETIME_INPUT_FORMATS': ['%Y-%m-%d %H:%M:%S', '%Y-%m-%d %H:%M:%S.%f', '%Y-%m-%d %H:%M', '%m/%d/%Y %H:%M:%S', '%m/%d/%Y %H:%M:%S.%f', '%m/%d/%Y %H:%M', '%m/%d/%y %H:%M:%S', '%m/%d/%y %H:%M:%S.%f', '%m/%d/%y %H:%M'], 'DATE_FORMAT': 'N j, Y', 'DATE_INPUT_FORMATS': ['%Y-%m-%d', '%m/%d/%Y', '%m/%d/%y', '%b %d %Y', '%b %d, %Y', '%d %b %Y', '%d %b, %Y', '%B %d %Y', '%B %d, %Y', '%d %B %Y', '%d %B, %Y'], 'DEBUG': True, 'DEBUG_PROPAGATE_EXCEPTIONS': False, 'DECIMAL_SEPARATOR': '.', 'DEFAULT_AUTO_FIELD': 'django.db.models.BigAutoField', 'DEFAULT_CHARSET': 'utf-8', 'DEFAULT_EXCEPTION_REPORTER': 'django.views.debug.ExceptionReporter', 'DEFAULT_EXCEPTION_REPORTER_FILTER': 'django.views.debug.SafeExceptionReporterFilter', 'DEFAULT_FROM_EMAIL': 'webmaster@localhost', 'DEFAULT_INDEX_TABLESPACE': '', 'DEFAULT_TABLESPACE': '', 'DISALLOWED_USER_AGENTS': [], 'EMAIL_BACKEND': 'django.core.mail.backends.smtp.EmailBackend', 'EMAIL_HOST': 'localhost', 'EMAIL_HOST_PASSWORD': '********************', 'EMAIL_HOST_USER': '', 'EMAIL_PORT': 25, 'EMAIL_SSL_CERTFILE': None, 'EMAIL_SSL_KEYFILE': '********************', 'EMAIL_SUBJECT_PREFIX': '[Django] ', 'EMAIL_TIMEOUT': None, 'EMAIL_USE_LOCALTIME': False, 'EMAIL_USE_SSL': False, 'EMAIL_USE_TLS': False, 'FILE_UPLOAD_DIRECTORY_PERMISSIONS': None, 'FILE_UPLOAD_HANDLERS': ['django.core.files.uploadhandler.MemoryFileUploadHandler', 'django.core.files.uploadhandler.TemporaryFileUploadHandler'], 'FILE_UPLOAD_MAX_MEMORY_SIZE': 2621440, 'FILE_UPLOAD_PERMISSIONS': 420, 'FILE_UPLOAD_TEMP_DIR': None, 'FIRST_DAY_OF_WEEK': 0, 'FIXTURE_DIRS': [], 'FORCE_SCRIPT_NAME': None, 'FORMAT_MODULE_PATH': None, 'FORMS_URLFIELD_ASSUME_HTTPS': False, 'FORM_RENDERER': 'django.forms.renderers.DjangoTemplates', 'IGNORABLE_404_URLS': [], 'INSTALLED_APPS': ['admin_interface', 'colorfield', 'jazzmin', 'django.contrib.admin', 'django.contrib.auth', 'django.contrib.contenttypes', 'django.contrib.sessions', 'django.contrib.messages', 'django.contrib.staticfiles', 'taggit', 'django_ckeditor_5', 'paypal.standard.ipn', 'core', 'userauths'], 'INTERNAL_IPS': [], 'JAZZMIN_SETTINGS': {'site_title': 'Organyx Shop', 'site_header': 'Organyxhub Marketplace', 'site_brand': 'Grow Like a Plant', 'welcome_sign': 'Bem-vindo ao Painel Administrativo', 'copyright': 'Organyxhub Ltda', 'site_logo': 'assets/imgs/theme/favicon.ico', 'dark_mode_theme': None, 'navbar_small_text': False, 'navbar_color': 'navbar-dark', 'navbar_bg': 'bg-dark', 'navbar_border': True, 'menu_labels': {'users': 'Usuários', 'auth': 'Autenticação', 'Administration': 'Administração'}}, 'JAZZMIN_UI_TWEAKS': {'theme': 'darkly'}, 'LANGUAGES': [('af', 'Afrikaans'), ('ar', 'Arabic'), ('ar-dz', 'Algerian Arabic'), ('ast', 'Asturian'), ('az', 'Azerbaijani'), ('bg', 'Bulgarian'), ('be', 'Belarusian'), ('bn', 'Bengali'), ('br', 'Breton'), ('bs', 'Bosnian'), ('ca', 'Catalan'), ('ckb', 'Central Kurdish (Sorani)'), ('cs', 'Czech'), ('cy', 'Welsh'), ('da', 'Danish'), ('de', 'German'), ('dsb', 'Lower Sorbian'), ('el', 'Greek'), ('en', 'English'), ('en-au', 'Australian English'), ('en-gb', 'British English'), ('eo', 'Esperanto'), ('es', 'Spanish'), ('es-ar', 'Argentinian Spanish'), ('es-co', 'Colombian Spanish'), ('es-mx', 'Mexican Spanish'), ('es-ni', 'Nicaraguan Spanish'), ('es-ve', 'Venezuelan Spanish'), ('et', 'Estonian'), ('eu', 'Basque'), ('fa', 'Persian'), ('fi', 'Finnish'), ('fr', 'French'), ('fy', 'Frisian'), ('ga', 'Irish'), ('gd', 'Scottish Gaelic'), ('gl', 'Galician'), ('he', 'Hebrew'), ('hi', 'Hindi'), ('hr', 'Croatian'), ('hsb', 'Upper Sorbian'), ('hu', 'Hungarian'), ('hy', 'Armenian'), ('ia', 'Interlingua'), ('id', 'Indonesian'), ('ig', 'Igbo'), ('io', 'Ido'), ('is', 'Icelandic'), ('it', 'Italian'), ('ja', 'Japanese'), ('ka', 'Georgian'), ('kab', 'Kabyle'), ('kk', 'Kazakh'), ('km', 'Khmer'), ('kn', 'Kannada'), ('ko', 'Korean'), ('ky', 'Kyrgyz'), ('lb', 'Luxembourgish'), ('lt', 'Lithuanian'), ('lv', 'Latvian'), ('mk', 'Macedonian'), ('ml', 'Malayalam'), ('mn', 'Mongolian'), ('mr', 'Marathi'), ('ms', 'Malay'), ('my', 'Burmese'), ('nb', 'Norwegian Bokmål'), ('ne', 'Nepali'), ('nl', 'Dutch'), ('nn', 'Norwegian Nynorsk'), ('os', 'Ossetic'), ('pa', 'Punjabi'), ('pl', 'Polish'), ('pt', 'Portuguese'), ('pt-br', 'Brazilian Portuguese'), ('ro', 'Romanian'), ('ru', 'Russian'), ('sk', 'Slovak'), ('sl', 'Slovenian'), ('sq', 'Albanian'), ('sr', 'Serbian'), ('sr-latn', 'Serbian Latin'), ('sv', 'Swedish'), ('sw', 'Swahili'), ('ta', 'Tamil'), ('te', 'Telugu'), ('tg', 'Tajik'), ('th', 'Thai'), ('tk', 'Turkmen'), ('tr', 'Turkish'), ('tt', 'Tatar'), ('udm', 'Udmurt'), ('ug', 'Uyghur'), ('uk', 'Ukrainian'), ('ur', 'Urdu'), ('uz', 'Uzbek'), ('vi', 'Vietnamese'), ('zh-hans', 'Simplified Chinese'), ('zh-hant', 'Traditional Chinese')], 'LANGUAGES_BIDI': ['he', 'ar', 'ar-dz', 'ckb', 'fa', 'ug', 'ur'], 'LANGUAGE_CODE': 'pt-br', 'LANGUAGE_COOKIE_AGE': None, 'LANGUAGE_COOKIE_DOMAIN': None, 'LANGUAGE_COOKIE_HTTPONLY': False, 'LANGUAGE_COOKIE_NAME': 'django_language', 'LANGUAGE_COOKIE_PATH': '/', 'LANGUAGE_COOKIE_SAMESITE': None, 'LANGUAGE_COOKIE_SECURE': False, 'LOCALE_PATHS': ['/home/danmarques/Documents/Workplace/organixhub-main/locale'], 'LOGGING': {'version': 1, 'disable_existing_loggers': False, 'handlers': {'console': {'class': 'logging.StreamHandler'}, 'file': {'level': 'DEBUG', 'class': 'logging.FileHandler', 'filename': 'debug.log', 'formatter': 'verbose'}}, 'formatters': {'verbose': {'format': '{asctime} {levelname} {module} {process:d} {thread:d} {message}', 'style': '{'}, 'simple': {'format': '{levelname} {message}', 'style': '{'}}, 'loggers': {'django': {'handlers': ['console', 'file'], 'level': 'DEBUG', 'propagate': True}, 'core': {'handlers': ['console', 'file'], 'level': 'DEBUG', 'propagate': True}}}, 'LOGGING_CONFIG': 'logging.config.dictConfig', 'LOGIN_REDIRECT_URL': '/accounts/profile/', 'LOGIN_URL': 'userauths:sign-in', 'LOGOUT_REDIRECT_URL': None, 'MANAGERS': [], 'MEDIA_ROOT': '/home/danmarques/Documents/Workplace/organixhub-main/media', 'MEDIA_URL': '/media/', 'MESSAGE_STORAGE': 'django.contrib.messages.storage.fallback.FallbackStorage', 'MIDDLEWARE': ['django.middleware.security.SecurityMiddleware', 'django.contrib.sessions.middleware.SessionMiddleware', 'django.middleware.common.CommonMiddleware', 'django.middleware.csrf.CsrfViewMiddleware', 'django.contrib.auth.middleware.AuthenticationMiddleware', 'django.contrib.messages.middleware.MessageMiddleware', 'django.middleware.clickjacking.XFrameOptionsMiddleware'], 'MIGRATION_MODULES': {}, 'MONTH_DAY_FORMAT': 'F j', 'NUMBER_GROUPING': 0, 'PASSWORD_HASHERS': '********************', 'PASSWORD_RESET_TIMEOUT': '********************', 'PAYPAL_CLIENT_ID': 'AUeZJX-aqir88NyR8g3c3u17mbsnji-NaUaR4iUTnoc5w9PBypCTm4lx7ngDoeYKNJM0xc3QvUkBShbK', 'PAYPAL_RECEIVER_EMAIL': 'organyxpay@business.example.com', 'PAYPAL_SECRET_ID': '********************', 'PAYPAL_TEST': True, 'PREPEND_WWW': False, 'ROOT_URLCONF': 'marketplace.urls', 'SECRET_KEY': '********************', 'SECRET_KEY_FALLBACKS': '********************', 'SECURE_CONTENT_TYPE_NOSNIFF': True, 'SECURE_CROSS_ORIGIN_OPENER_POLICY': 'same-origin-allow-popups', 'SECURE_HSTS_INCLUDE_SUBDOMAINS': False, 'SECURE_HSTS_PRELOAD': False, 'SECURE_HSTS_SECONDS': 0, 'SECURE_PROXY_SSL_HEADER': None, 'SECURE_REDIRECT_EXEMPT': [], 'SECURE_REFERRER_POLICY': 'same-origin', 'SECURE_SSL_HOST': None, 'SECURE_SSL_REDIRECT': False, 'SERVER_EMAIL': 'root@localhost', 'SESSION_CACHE_ALIAS': 'default', 'SESSION_COOKIE_AGE': 1209600, 'SESSION_COOKIE_DOMAIN': None, 'SESSION_COOKIE_HTTPONLY': True, 'SESSION_COOKIE_NAME': 'sessionid', 'SESSION_COOKIE_PATH': '/', 'SESSION_COOKIE_SAMESITE': 'Lax', 'SESSION_COOKIE_SECURE': False, 'SESSION_ENGINE': 'django.contrib.sessions.backends.db', 'SESSION_EXPIRE_AT_BROWSER_CLOSE': False, 'SESSION_FILE_PATH': None, 'SESSION_SAVE_EVERY_REQUEST': False, 'SESSION_SERIALIZER': 'django.contrib.sessions.serializers.JSONSerializer', 'SETTINGS_MODULE': 'marketplace.settings', 'SHORT_DATETIME_FORMAT': 'm/d/Y P', 'SHORT_DATE_FORMAT': 'm/d/Y', 'SIGNING_BACKEND': 'django.core.signing.TimestampSigner', 'SILENCED_SYSTEM_CHECKS': [], 'STATICFILES_DIRS': ['/home/danmarques/Documents/Workplace/organixhub-main/static'], 'STATICFILES_FINDERS': ['django.contrib.staticfiles.finders.FileSystemFinder', 'django.contrib.staticfiles.finders.AppDirectoriesFinder'], 'STATIC_ROOT': '/home/danmarques/Documents/Workplace/organixhub-main/staticfiles', 'STATIC_URL': '/static/', 'STORAGES': {'default': {'BACKEND': 'django.core.files.storage.FileSystemStorage'}, 'staticfiles': {'BACKEND': 'django.contrib.staticfiles.storage.StaticFilesStorage'}}, 'STRIPE_PUBLIC_KEY': '********************', 'STRIPE_SECRET_KEY': '********************', 'TEMPLATES': [{'BACKEND': 'django.template.backends.django.DjangoTemplates', 'DIRS': ['/home/danmarques/Documents/Workplace/organixhub-main/templates'], 'APP_DIRS': True, 'OPTIONS': {'context_processors': ['core.context_processor.default', 'django.template.context_processors.debug', 'django.template.context_processors.request', 'django.contrib.auth.context_processors.auth', 'django.contrib.messages.context_processors.messages']}}], 'TEST_NON_SERIALIZED_APPS': [], 'TEST_RUNNER': 'django.test.runner.DiscoverRunner', 'THOUSAND_SEPARATOR': ',', 'TIME_FORMAT': 'P', 'TIME_INPUT_FORMATS': ['%H:%M:%S', '%H:%M:%S.%f', '%H:%M'], 'TIME_ZONE': 'America/Sao_Paulo', 'USE_I18N': True, 'USE_THOUSAND_SEPARATOR': False, 'USE_TZ': True, 'USE_X_FORWARDED_HOST': False, 'USE_X_FORWARDED_PORT': False, 'WSGI_APPLICATION': 'marketplace.wsgi.application', 'X_FRAME_OPTIONS': 'DENY', 'YEAR_MONTH_FORMAT': 'F Y'}, 'sys_executable': '/usr/bin/python', 'sys_version_info': '3.13.1', 'server_time': datetime.datetime(2025, 1, 17, 18, 30, 19, 713531, tzinfo=datetime.timezone.utc), 'django_version_info': '5.1.4', 'sys_path': ['/home/danmarques/Documents/Workplace/organixhub-main', '/usr/lib64/python313.zip', '/usr/lib64/python3.13', '/usr/lib64/python3.13/lib-dynload', '/home/danmarques/.local/lib/python3.13/site-packages', '/usr/lib64/python3.13/site-packages', '/usr/lib/python3.13/site-packages'], 'template_info': None, 'template_does_not_exist': False, 'postmortem': None, 'request_GET_items': <generator object MultiValueDict.items at 0x7f97461ff100>, 'request_FILES_items': <generator object MultiValueDict.items at 0x7f97461ff1d0>, 'request_insecure_uri': 'http://127.0.0.1:8000/pagamento-efetuado/?paypal_order_id=4C305553HF382941G', 'raising_view_name': 'core.views.pagamento_efetuado', 'exception_type': 'TypeError', 'exception_value': "pagamento_efetuado() missing 1 required positional argument: 'order_id'", 'lastframe': {'exc_cause': None, 'exc_cause_explicit': None, 'tb': <traceback object at 0x7f97460e9fc0>, 'type': 'django', 'filename': '/home/danmarques/.local/lib/python3.13/site-packages/django/contrib/auth/decorators.py', 'function': '_view_wrapper', 'lineno': 60, 'vars': [('request', "<WSGIRequest: GET '/pagamento-efetuado/?paypal_order_id=4C305553HF382941G'>"), ('args', '()'), ('kwargs', '{}'), ('test_pass', 'True'), ('_redirect_to_login', '<function user_passes_test.<locals>.decorator.<locals>._redirect_to_login at 0x7f974708ee80>'), ('test_func', '<function login_required.<locals>.<lambda> at 0x7f974708ed40>'), ('view_func', '<function pagamento_efetuado at 0x7f974708eb60>')], 'id': 140287692152768, 'pre_context': ['            def _view_wrapper(request, *args, **kwargs):', '                if asyncio.iscoroutinefunction(test_func):', '                    test_pass = async_to_sync(test_func)(request.user)', '                else:', '                    test_pass = test_func(request.user)', '', '                if test_pass:'], 'context_line': '                    return view_func(request, *args, **kwargs)', 'post_context': ['                return _redirect_to_login(request)', '', '        # Attributes used by LoginRequiredMiddleware.', '        _view_wrapper.login_url = login_url', '        _view_wrapper.redirect_field_name = redirect_field_name', ''], 'pre_context_lineno': 53, 'colno': '\n                               ^^^^^^^^^^^^^^^^^^^^^^^^^^^^^^^^^^^', 'tb_area_colno': '\n           ^^^^^^^^^^^^^^^^^^^^^^^^^^^^^^^^^^^'}}]
2025-01-17 15:30:19,806 ERROR log 15517 140287691994816 Internal Server Error: /pagamento-efetuado/
Traceback (most recent call last):
  File "/home/danmarques/.local/lib/python3.13/site-packages/django/core/handlers/exception.py", line 55, in inner
    response = get_response(request)
  File "/home/danmarques/.local/lib/python3.13/site-packages/django/core/handlers/base.py", line 197, in _get_response
    response = wrapped_callback(request, *callback_args, **callback_kwargs)
  File "/home/danmarques/.local/lib/python3.13/site-packages/django/contrib/auth/decorators.py", line 60, in _view_wrapper
    return view_func(request, *args, **kwargs)
TypeError: pagamento_efetuado() missing 1 required positional argument: 'order_id'
2025-01-17 15:30:19,808 ERROR basehttp 15517 140287691994816 "GET /pagamento-efetuado/?paypal_order_id=4C305553HF382941G HTTP/1.1" 500 82921
2025-01-17 15:30:20,427 DEBUG autoreload 15517 140287997655936 File /home/danmarques/.local/lib/python3.13/site-packages/django/contrib/messages/storage/session.py first seen with mtime 1736641110.9400792
2025-01-17 15:30:20,434 DEBUG autoreload 15517 140287997655936 File /home/danmarques/.local/lib/python3.13/site-packages/django/conf/locale/pt/__init__.py first seen with mtime 1736641110.1860685
2025-01-17 15:30:20,435 DEBUG autoreload 15517 140287997655936 File /home/danmarques/.local/lib/python3.13/site-packages/django/contrib/sessions/serializers.py first seen with mtime 1736641111.1000814
2025-01-17 15:30:20,442 DEBUG autoreload 15517 140287997655936 File /home/danmarques/.local/lib/python3.13/site-packages/django/conf/locale/pt/formats.py first seen with mtime 1736641110.1860685
2025-01-17 15:30:20,447 DEBUG autoreload 15517 140287997655936 File /home/danmarques/.local/lib/python3.13/site-packages/django/conf/locale/pt_BR/__init__.py first seen with mtime 1736641110.1870687
2025-01-17 15:30:20,448 DEBUG autoreload 15517 140287997655936 File /home/danmarques/.local/lib/python3.13/site-packages/django/contrib/messages/storage/cookie.py first seen with mtime 1736641110.9400792
2025-01-17 15:30:20,450 DEBUG autoreload 15517 140287997655936 File /home/danmarques/.local/lib/python3.13/site-packages/django/contrib/messages/storage/fallback.py first seen with mtime 1736641110.9400792
2025-01-17 15:30:20,450 DEBUG autoreload 15517 140287997655936 File /home/danmarques/.local/lib/python3.13/site-packages/django/conf/locale/pt_BR/formats.py first seen with mtime 1736641110.1870687
2025-01-17 15:30:31,898 DEBUG autoreload 15517 140287997655936 File /home/danmarques/Documents/Workplace/organixhub-main/marketplace/settings.py previous mtime: 1737138562.0909815, current mtime: 1737138631.791956
2025-01-17 15:30:31,900 DEBUG autoreload 15517 140287997655936 /home/danmarques/Documents/Workplace/organixhub-main/marketplace/settings.py notified as changed. Signal results: [(<function template_changed at 0x7f97486c79c0>, None), (<function translation_file_changed at 0x7f9747621940>, None)].
2025-01-17 15:30:31,902 INFO autoreload 15517 140287997655936 /home/danmarques/Documents/Workplace/organixhub-main/marketplace/settings.py changed, reloading.
